"UMAP1","UMAP2"
-6.50376848382285,-6.11339511546965
-4.10710148019126,3.37182603206758
-5.09710888070395,5.68579683628206
1.43096121149728,-6.9115427938449
3.83749814825723,-8.19932784709807
12.3162483771391,0.134100058938306
10.7965035040922,-0.212061232064922
2.65400584536264,-4.51112975749846
-0.179703215783145,1.88178477611665
-6.29551700753501,4.5651999506009
4.59984989958474,-4.64085998210784
10.8575911124296,-0.221470272277553
-6.12084392709067,4.64794407215242
-0.218470970814731,1.40827510681276
-7.15243438882163,1.3428164514554
9.19119592505166,-2.17838802013274
5.34854789572427,-0.0349414554583619
6.96105428534219,-6.15984000835295
-6.35810188454917,-4.31535424861785
8.4695329268522,-5.88936414394255
13.0957817633695,6.93251142826204
2.62221785383889,-0.489660902057845
-1.14295522374442,13.3333226236356
-6.77549366158774,-2.38175716075774
-6.8508205811434,-6.62313069972869
-8.83634237450888,6.96397981968049
3.3599457343168,-3.45513453159209
10.8749651511259,2.65396318760041
4.73038836317727,-6.67220582637664
11.3879065115995,-1.45363917026397
-7.16400388879111,-2.11202778491851
-5.2706318299227,3.32727203693513
-5.32221655053427,8.24352274265413
-4.79194788140586,7.1471205743802
-7.43500951928427,-2.01863624725219
12.7023663123197,-0.272371983264644
-3.3784633080416,-0.664518406723697
-7.25045541924765,2.79618940677766
-13.3342891137057,0.111067483092587
-2.82365159196189,4.03471765842561
7.72737642126748,-6.97317161235686
-5.69364790124228,-1.83429922733184
-7.09250883263877,-1.9957461563098
-5.91011957330039,3.00893984165315
-4.74269870919516,4.09030590381746
-5.68299535912802,-6.00588454875823
-0.528127233212497,13.4902964624417
1.64760686951349,-8.03112401637908
-6.68100456399253,-6.18148173961516
-6.65113310021689,2.96029386844758
-7.21482900780966,4.68556270923738
5.59258838492105,-0.279437607263286
4.48049374418924,-6.08707179698821
7.67892261343667,-7.33526839885588
6.15099759894082,-4.03639354381438
0.641241108352635,-6.78902997646208
-0.669444481556918,1.69172726001863
-6.75384382409384,-4.95397891673918
3.12535544233987,-8.73112191829558
2.80650730925271,-8.14785089168425
-7.34881071252158,-1.47012915286895
1.80402143793771,-4.35242547664519
-7.93436769646933,-5.00965966853972
3.30984588461587,-4.41260661754485
2.17615719633767,-2.28424491557952
11.4846825202055,1.21903131332521
-8.36342100304892,-4.85177650127288
-6.88255218667319,4.77808819141511
0.166187663847898,-5.31462897930022
1.45382603007028,-7.1124476400363
-1.05856708688071,3.43420014705781
-5.00622562569907,3.3586045297635
2.86085673170755,-1.72673084411498
-3.8234301011019,2.65319953289155
-7.17890171212485,-6.24730624828215
-7.5057073037081,-4.17760433826323
-5.67214254540732,3.92488918628816
-3.29846243066123,5.2834583314908
-7.26472334069541,1.702143529321
2.42607661085794,-0.990521093939502
-3.79316667718222,-2.35764314803954
7.97749276953409,-2.01664831313964
1.90287609892556,-3.58324803981658
-5.9944415490084,-5.10186710033293
1.31376584368417,-4.21857204112883
4.42402454214761,10.2811394723905
-0.681649247830417,2.2869857343686
8.88102384405801,-0.283914012943466
-7.64940599602988,-5.33461942348357
-5.72274593514731,4.56996403064851
-5.40103534859946,2.84239945736055
-3.86206535500815,8.16834268894319
-2.5597799221926,3.85984430637483
-7.9666562477999,-4.85563268337126
-5.87109712762168,4.57998333301668
-6.50164465112021,-5.83461370143767
8.17803045111368,-6.17092075023528
-9.74039510888388,3.564368346597
7.13387056189248,-1.49379052791472
-0.129982690041568,-6.3832749334323
2.62261732416818,-4.08057322177764
11.6851009924955,0.952089885140698
-6.762717763608,3.53987465229158
8.98220678168008,1.90956960048799
9.55276532965371,-0.88073279533263
6.68524642782876,-5.57773103389617
-3.73258070153525,5.44472847309236
-7.39348558587363,-1.91853036556121
1.56800748902032,-3.79316177043792
5.8646425803251,-7.82635440502043
-5.42475465935996,7.67051992740754
-6.35228923959067,4.53846416797761
11.9792313178129,0.208901801968854
-6.83399252099326,-2.52608861598845
0.326739599282239,-5.85616864833708
11.1851076682157,1.62125072803621
2.81205745535562,-6.5682205167758
-4.70826725167563,8.87670717563752
-7.87778524560263,-5.02236404094573
2.53713043528268,-2.14748348865386
0.865692359680627,-5.91197003993865
-5.59562830132773,5.6802860292447
-6.1272426049166,2.15920458164338
2.60146029787729,-0.506138553951938
1.81173785525033,-0.10148822340842
-6.55307964486411,4.85665998783235
-7.59582475823691,-6.4570898023593
-5.45735029382041,2.60042224254731
-6.60132173699668,1.42008374061708
-4.84459547204306,7.21142158832673
3.49972220259378,-7.87653150234099
-0.708492080395724,3.31682405796174
-1.04364589852622,1.38301894989137
5.62623115378091,-4.92354764613982
-0.236702362721469,13.8260413202298
6.08382507162759,1.39879284229402
12.6167358954496,1.42189953651551
5.67111011343667,-6.65544452342864
-3.73296789330771,2.99006567325715
13.2442564566679,2.65431461658601
5.88396640616128,-6.80563010845061
9.15268083410928,-0.614250889157016
-0.416604320233371,2.13278756466035
2.86924548941324,-1.13182946119185
2.11572285490701,-1.74117448005553
2.41378398733804,-4.33512773189421
13.3163246710844,2.51545629825715
7.44659181433389,-4.38859786662932
5.86689897375772,-7.87911119136687
6.20622392492959,-7.12642326030608
-5.86454681557944,5.08743915882234
-3.70094541711142,2.74794731464509
5.68352313833902,-6.16568460140105
6.37510200339029,-7.31097783717986
11.4985298712797,2.57681022014741
8.78822894888589,-0.44462650093909
-5.76523021859458,4.732581237222
-4.59109071893027,4.4232059511197
9.53707261877725,-3.74876536998626
9.3812384207792,-2.19785406265136
-6.32795385522177,3.29747114505891
-6.64831499261191,4.86685810413484
11.210013826663,1.89549861278657
6.33300395804117,-5.44556464824553
-6.91993812722495,4.59724674549226
7.98922868567178,-6.09813871059294
-4.68314365548423,4.64400062885408
-6.49629215401938,6.88224230136995
1.98731668787668,-5.91593112621184
-6.6542029778414,-6.69296779308196
-7.43949178857138,5.07715425815706
-5.6975608269625,-4.95078315410491
-0.18339584273627,0.915071943665784
0.142808695609067,1.97027240123872
0.223047216708158,-6.42358197841521
-4.45741800469687,3.5981646570218
3.53410716849038,-3.83685984287139
2.62229355173776,-5.93273582134124
-6.17959837121299,4.30175886478547
-4.50772337121299,-0.866032382582385
-3.70573095483115,2.32229767170076
-2.83462576073935,-0.456814674769599
-5.29526285332968,4.06082926120881
-5.8989768425875,3.70226488437776
-7.5901685158663,-6.13545932445403
4.36456151800821,-3.72604765567656
12.8800911505766,6.29835901584749
-6.93614200753501,4.38796625461702
5.5247897704191,-0.358619898666699
-6.51657346886924,3.12561140384797
1.67615379887292,-7.82108773860808
10.9685139258451,2.84267626133088
2.79306217032144,-4.49631824169036
-5.88099006814292,1.30650089111451
3.33163400488565,-0.579078322385509
-6.58596328896811,4.49772224750642
-8.29266695184043,-5.15348281535979
9.47098394232461,-1.4493868556964
-5.35595373315146,5.33674869861726
-0.221142927830722,3.29675779667024
0.0367421110219699,-6.50161542568083
-5.8708401123934,6.19482813205842
-6.21754078072837,-4.2031151262271
-7.29686121148398,-2.7162143198001
-4.56275800866416,-1.41129960689421
-6.63520673913291,4.95484600391511
-4.04183010262778,0.382412711049359
6.03446002798745,-7.9734677282321
-9.81541971368125,3.49941001262788
-8.35978941125205,6.74838886585359
-3.71495823067954,4.81329450931672
1.81868489580819,-1.01250912818785
-13.4056106011324,-0.0487139132964204
-13.5516057412081,-0.072355320786197
-5.94994119805625,3.0688141378415
-7.22075227898886,3.29154668178682
2.57064672308633,-8.51757421169158
0.879239735478852,-5.49692573222991
-7.03277258080771,3.50178990688447
-7.26683000726035,-1.97156860504027
-4.62231020135215,-1.59144892368193
-13.3703332344942,-0.179866572951038
0.0298602183408481,-5.57207383785124
2.18532570200631,-2.32645203742858
-7.01299528283408,-2.5348268953311
-6.40969375771811,3.10753426876191
11.4554848273344,0.267543176080029
-5.95096067590049,2.74406204548005
11.504242380435,0.432502904797833
5.82411571341226,-4.99746169719573
-4.68801502389243,-1.60014094982024
-6.7794151703768,-4.61106195125457
0.305877645785306,-5.23458947811003
-5.89882234734824,-3.90944208774443
1.64300133782098,-7.90312089595671
0.358496655995343,-5.56831731471892
-3.802756826108,4.76499996509675
2.94837947683999,-6.10122909221526
-4.27189878625205,-2.14988865527983
11.8452210028715,6.3658295663846
-6.410742322629,-2.30563285026427
10.1560396750517,-2.93851890239592
-5.91101173562339,1.29884789314393
11.489063700015,1.77170739498262
3.95689221220681,10.337221244241
-6.76551012200644,-5.09672441158171
12.1956991751737,1.64550886478547
-1.43572549027732,-0.455940565203388
-5.65962366265586,-6.08365144405242
0.0477115710324985,-5.87887038860198
2.76523240404794,-5.83195819530364
13.138124903018,2.07415614452485
-3.08682564896872,-0.0755441692816804
-4.48480562371543,7.67019853916292
1.85709830122659,-2.30940904292937
-4.66561178368857,-3.22487272891875
-4.84411911172202,8.9851857217801
12.9923042853422,-0.911507031058032
-5.08781723183921,2.70420346584443
-7.33180097741416,3.37350616779451
-6.4654503266268,4.13869581546907
-2.85156253976157,2.62345681514863
-7.50392488641074,3.65819511737947
5.016832311923,-7.35853328380461
-3.25059322518637,-2.37217368755217
0.29173227148721,1.70190582599763
-5.7219429413729,-6.17069377574797
-2.25215081376364,0.555666962529462
-7.72500185174277,-5.170814415549
13.4413170416898,1.2300849946988
-5.70179371041587,5.36558828678254
4.99711318808267,-7.90070714626189
-0.920991698925998,13.6772948297513
5.10921092825601,-8.09880866680022
-3.88333992165854,2.08259377803926
2.42953284578988,-2.07186927471038
-2.53470162553122,-1.24858333740111
-4.32909397286704,5.79750356998567
2.16927202540109,-2.38330187473174
-5.33107141656211,3.16685042705659
-2.93459061784079,3.88376627292756
13.0283636649198,2.44381246891145
-3.06048731011679,-0.41973789233442
8.75205798941324,0.115872064496319
-4.30728916329673,-2.16148521575804
-6.51796487969687,-5.5329650846469
12.8961758215971,6.53250656452302
11.7089695532865,1.56082580413942
2.6813134749479,-0.591981565688808
11.7460465033598,0.299959877396863
-6.67752937478354,-2.25275447044249
0.231641193205808,-5.40913571987029
0.781738833809589,-6.23491372737761
2.93985625105569,-5.89782371196624
6.57376666861245,-4.80771054897185
-3.53149513406089,4.4817153009427
-7.1032038132601,3.22724638309602
3.27558799582193,-8.6162547079074
2.41055591898629,-2.32685484561797
-5.11795858544638,8.08646402683381
-7.31105093163779,2.72152338352327
-8.41867021722129,7.12096796360139
2.41050668554971,-3.98397197399016
-7.67246393365195,-2.53112139377471
-3.80089191598227,-0.965418538187702
-6.77535919350913,4.46871290531282
-8.80371336144736,6.94099769916658
7.64897962408731,-6.04834737453337
0.216528197104428,-5.31326570186492
1.0847345490999,-3.95680107746001
-5.15415767831137,3.6636467966092
-6.49892000359824,-2.41179837856169
2.55987997847268,-5.95752467784758
-6.75565532845786,-2.67185129794951
-13.3345904747896,-0.118093302582462
6.17176147299478,1.28993532981996
-5.75902418298056,6.17569456424836
8.15271230536172,-6.05535688075896
2.2351876099653,-6.08759584102507
11.2711700995512,0.524673620129864
-2.35345725220969,0.418365517522137
-4.52659944695761,8.77129659977082
2.62539037066171,-8.49640168819304
3.09149213629434,-3.38208927783843
-7.69446233910849,-5.74315156612273
-4.1989446083956,-1.22576322231169
-7.04453519982627,-1.00296135816451
11.163235147769,1.44748304214601
-6.95628408593466,4.18780575122957
-5.94771198434165,-4.09871997508879
-5.08729318780234,4.84849415149812
-6.11908773583701,3.05911956157808
-7.08107427758506,-4.11907591495391
2.31145139532754,-8.44327058467742
-6.23027280968955,3.82335958805207
1.30145697789857,-7.6700705495822
-1.91133431596091,0.50967077341203
-6.70175174874594,4.05699930515413
1.34159406023691,-6.9694098440158
10.8986696799345,2.57068500843171
1.93115647631357,-1.20899077329512
-7.66800741357138,-6.09187879238005
13.3002581198759,1.58876500454072
-5.2293777863436,4.12149534549836
-0.417618433659579,3.03481541004304
-1.55774382752707,2.72409639682893
5.92857404547403,1.4849700721753
7.76552816229532,-5.69213618907805
-0.127225915616061,1.12705467071656
13.0511822302885,2.21624384250764
-6.70230487984946,3.6320329698575
5.16371675329873,-3.66254582080718
13.2285074790067,2.196865895654
5.69015355902383,-7.36889495525237
-5.9851789872103,2.52822051372651
-6.38550666970542,-1.57180180225249
-6.22929767770102,6.12861214008455
-7.97419885796836,-6.01740922603484
12.995580156619,6.94278726902131
-6.30307869118979,3.59469948139314
-7.74377206963828,-6.18225469264861
-3.92452577752402,0.335574367905896
5.61866708594034,-3.83069433841582
11.3532137473173,2.41333446827058
-4.8208871285372,-3.07323779735442
-7.82315115136435,-2.54984965000029
-6.33297638100913,4.31247625675325
1.80056186514566,-2.13085415038939
-3.43685249490073,-1.18456556472655
-6.11872247857383,4.29771671619539
-1.38005546731284,12.788546660806
-5.86844448251059,4.2148867639554
3.17932864027688,-0.535201480721195
-8.32140115899375,-5.62930669460173
-8.61465887231162,-5.06989040050383
7.94321056204507,-6.84015311870452
-5.99451879662802,5.46732483234529
-7.46651510400107,5.45545587864045
6.55652900534341,-7.1355451551425
8.60411640005777,-5.46206798229094
5.32267328100869,-7.63187589321013
-0.0206692616396207,-6.64649715099211
5.58399864035318,-4.42471112880583
-13.4616132180147,-0.0877026823508332
0.492411812121366,-5.47665013942595
11.5863051016874,0.410338917638104
0.879204188758824,-4.77004422817107
-2.70232395333579,3.73218784656648
-6.62890724343589,-5.60982694301482
11.2594122489042,1.83937011089448
-0.322341243451144,12.696578124429
-5.72425560159018,-3.87661661777373
5.62323470907876,-3.77351774845
-7.03589252633383,4.12827692356233
-9.0136886040621,6.74716863956575
-1.60490516824057,-1.97592034015532
6.08131976919839,-4.52753247890349
-6.25903610390952,4.71906910267
2.79713793593118,-0.243440305923183
3.40657635527322,-5.16673078212615
13.0792469580717,2.44320521679048
-8.18691019219687,7.03553448047761
12.7828011115141,1.04877565231447
-6.46317962807944,-3.86806955013152
-6.91205696267417,2.36036930408601
-2.49842981499961,0.823844412232678
1.49736579256723,-6.45566787395354
-0.799664775555636,3.48255286541108
-5.91285423440268,3.41423878994111
-3.78227380914023,-0.937277635668475
13.1733431418485,0.87276504364137
-5.39652017754843,-3.82211556110259
13.7867083151884,-0.164873277877528
-7.80379060906699,-2.42774929675933
-4.63604501885703,7.98713789310579
-2.69981269044211,1.27705953445558
-2.57169322175315,-0.274310311411578
2.62418754893014,-8.35095109615203
-0.23172644776633,1.36864803161744
-6.76260666055014,4.00165901508455
-4.14829639596274,3.62947092380647
-6.77210764092734,-2.5831314531314
1.37632437544534,-4.32879032764311
-6.101096669858,3.01013098087434
11.7774662573881,0.79885933723573
8.722727258975,-2.87222232494231
2.30300041037271,-0.776521435116489
-2.91624454659751,6.87780485477571
4.41791983442972,9.98528871860627
-6.76975969476035,-4.68118228587981
-5.52512077493003,4.10132227268342
4.74035688238809,-6.7144926992404
-6.61782411736777,1.88923082676057
2.50578924017617,-1.9516445604312
-2.31877903146079,0.410362640286725
6.86356778937051,-5.69898500118132
-6.68520168465903,-5.66285838756438
6.17028470831582,1.29015801277284
-4.61123565835288,5.21758756961946
1.66355206566522,-3.92908301029082
-4.78451637429526,5.36366567936067
-5.51769355935385,3.98084221210603
-7.39519743127158,-6.46438398036833
-1.65376667184165,-1.72399856719847
13.6515841086454,1.25880608883027
7.60447450476358,-7.16877355251189
5.59089322882364,-4.514564415549
-5.65969423455527,3.84189853992585
12.9203562338896,6.65278635349397
3.67036434012124,-8.66681375179168
-6.61061004800132,-1.84870006713744
5.01012130575845,-8.61892690334197
3.27701040106485,-4.91076507243987
-6.9948282639437,3.36312446918611
6.94914336996743,-1.2086225357997
-6.913831750577,-6.77636279735442
-3.95980219048789,-0.749853542183597
12.6416811545439,1.80715999927644
-6.05147651833823,-3.6240672079074
-4.62305835885337,8.75736246433381
-4.22630123299887,2.36670265522126
6.90955396490762,-0.516340201829631
-3.35433344048789,-0.506453132365901
0.337969770009015,1.80459461536531
-4.08235983056357,4.9438415559781
1.23847394185731,-5.72305907878752
-6.3491983811312,4.31926069584016
-4.28915027779868,7.81781683292512
-5.5556250016146,5.36750135746126
5.64078517752359,-4.32409467372771
5.97716375189492,0.348053255940716
2.94856615858743,-2.51693572673674
-0.0459469358377713,0.826771119500439
10.4221462805814,-2.36910142574187
2.86335964995096,-3.12876929912444
-7.0540995995455,-2.66137613925811
12.7923636038847,6.67761240329866
10.5488190253324,-1.61823835048552
3.98993392782876,-5.70475616130706
10.2855619986601,3.54511342373018
-0.912590305035617,13.539936164285
13.0364555914945,6.92761383381013
1.75674672918985,-5.96437396678801
-6.59786895913413,-5.4926876035678
-6.9387808243685,3.40895877208833
3.86396761732766,-8.47857370052214
-2.70833114785483,3.93424520816926
-3.9105129639559,-0.978812476729114
-4.17032531899741,6.47631988849763
-3.57578567666342,2.25802550640229
1.95167978602121,-0.815217664574344
-6.63372806710532,3.06712470378999
-2.93353966874411,-0.990986785029132
-1.24953011674216,2.52202568378572
-5.76637939614585,3.82720766391877
-4.52625993890097,2.94739947643403
-6.44004730386069,-4.08283009204741
12.083419283206,2.18328152027253
-5.99289468926718,5.01633129444246
-4.4515023629122,2.2375951799405
2.81902285414407,-3.10920467052336
5.60427566366861,-3.81320180568572
-7.10784916085532,-1.17610468540068
4.73899432020852,-4.54957952175017
12.9189104636259,0.847609976197522
5.26201673346231,-5.17604341182585
2.08258636789987,-1.61354078922148
11.1135878165312,1.44150410022859
5.23000999289224,-7.82906140956755
5.55926271277139,0.0553526076329162
-4.41469673318198,5.61560831394319
-7.17310575646689,-2.11507918510314
2.18985553579995,-6.37535276088591
-0.32948092622092,1.80389390316133
2.53159960108468,-2.22940125141021
-5.3583684365206,4.23967466678743
3.86394925909707,-7.60271300945159
-7.01370529336264,1.22056517925386
2.62107106047342,-3.93614949855681
2.22460456686685,-4.10765995654936
12.8984140952177,2.16274581279878
0.635009919578527,-6.70163049373503
-6.38937858743003,1.7980838808072
5.30924936133096,-0.447985073660571
-4.28146461648276,3.16794071521882
-6.49468712014487,-2.40088429126616
11.2320704062528,0.133421817685406
2.22091599302957,-8.262282749747
-7.27575353783896,4.14466533985261
-6.05343727273276,-1.97167064819213
9.48647733526895,-2.30656661662932
-0.479551474278476,13.7400208505643
6.25725932913492,-3.86396946582671
-2.55370859307578,0.767152408028882
-3.93935970467856,2.89122448291902
11.1052841742582,0.750955084229748
-6.73526386422446,-2.4166914430606
0.666686524922345,-3.9939824548709
-5.26408247155478,7.609374621774
-4.71802572411826,8.16448507633332
4.60854764776895,-3.45271792087432
-5.549498597806,4.77470550861482
-4.16212515038779,3.23255071964387
9.43196435766885,-2.22239246044036
-5.20536379021933,7.49240694370393
-6.72283081216147,-6.33446778926726
5.70611472922036,-4.25449862155791
-1.02351001900962,0.630852201844495
-3.62311176461508,2.76197347965364
-7.76431135339072,-2.24083294544097
-5.83948711556723,4.87872991886262
3.77826305227945,10.6849499734891
3.12389536696145,-1.95774259242888
12.0646013815946,-1.21131726179
-1.07478145760825,13.467631438638
-4.88172964257529,4.75686369266633
-6.93737939996054,0.672370890046399
3.50753136473367,-3.72869505557891
-3.53272871178916,-0.627700215314586
3.48023911314676,-3.63134398136016
-6.1730132500582,-2.51723899516936
6.37373014288614,-7.03722467098113
1.70638277130792,-2.17468347225066
10.8193754752226,-0.709336867665012
-7.3014836708956,-4.108474155997
5.01327510672281,-3.71225609454985
-5.96554998559287,2.46496854152803
-7.4620061318331,2.7739516290677
-7.00547508401206,-6.25236119899626
6.26686902838418,-5.9448508230197
-7.00422290963462,3.94938621845369
-5.97870020074179,5.74376592960481
13.0459494193144,7.16568527546052
1.62005176144311,-6.6182431188571
-3.71996072930625,2.25061188068513
-4.50300983590415,8.87103472080354
5.85913940268228,-4.24496068630095
-3.30936102074912,2.03495631542329
3.39302130537698,-7.00699939403411
-7.79439500970175,-4.76244630489226
5.53300090628335,1.70459471073274
-6.02165893716147,4.49240408268098
-3.66712669534018,6.62895593967561
1.82397909956643,-4.68847551021453
-1.82194523019126,-1.05004706058379
-5.80033210915854,-3.74995555553313
-3.01686839265158,-2.11891212139006
2.79479690390298,-3.05392779979583
8.63601728277871,-0.420018250231702
-2.80138115090659,1.26428792801027
2.31917627649972,-0.505470579599101
-4.80307439965537,8.92574510898713
0.0941158731527072,-6.36101379070159
-5.84637121362021,-2.22387375507231
1.75072689848611,-7.59429826412078
2.03641780214975,11.5284873041165
-6.14659980935385,-5.37838449153777
1.68093462782571,-3.69023337039824
-4.9879603783541,3.11247358646516
3.03432365256021,-4.24827971134062
-6.49539808434775,-2.20632519397612
-5.09128669900229,4.700607875253
2.19163306551645,-1.43521692428466
-6.89364866418174,-4.72324742946501
11.3165859778471,-0.0218036678778718
-4.88179830712607,7.55404434528474
-5.5178766648226,4.33936415043
1.79906793432901,-5.96875085506316
11.0830702384062,2.32392917003755
-5.95882610482505,5.08347759571199
3.21084376173684,-8.47474660549041
6.90525289374063,-4.53256978664275
-1.12490204972556,2.82634387340669
-8.18224863213828,-6.00297631893035
8.88836236792276,2.01671920147065
8.64616533117959,-2.93633117351409
1.7609951694555,-6.16682090434905
-0.576057950680758,14.0357800516141
0.178067167574857,1.96976003971223
-6.40413669747641,4.67183456745271
-8.23711446923545,-4.75726833019133
5.1610464652128,-5.60389651927825
-6.09116367501548,3.38294682827119
12.051681001956,2.32266173687104
4.15827914076516,-5.82384242687102
5.90820737677285,-3.96906556758757
-6.13253645104697,4.85572252597932
4.56866403418252,-8.23586978587981
6.31430574255655,-8.07703866634246
-4.49812654656699,-2.39515747699614
-0.65532879037192,0.45448301162843
2.57269426184366,-4.06474151286956
-6.7437615792208,2.7860001119626
1.54558744030664,-7.61423053417082
7.54284854727456,-6.1889823881137
-6.56818346185019,-6.1213611570346
1.82715149717996,-2.0620190111148
-4.96419147652915,3.05212674465303
9.11572500067422,-4.38676013622161
9.26842923956582,-2.24287655029174
-5.28113655251792,3.65014562931184
-3.63751510781577,2.1836401018155
-6.04401926202109,-6.20293464336272
-5.7226467530184,4.69218263950471
-9.93335870904257,3.62856397953157
6.43237920599649,-7.63429059657927
-7.08298687142661,5.15476808872346
5.75836559134195,0.269126156235974
6.0622539122648,0.158897319699567
2.97519775229165,-7.48930587444182
4.27888723211953,-3.51782788905974
-1.62054042023947,-0.51748063239928
0.362158556754087,-5.9084624258029
5.07536359625528,-7.92448939952727
-1.08347539109519,12.9102555307401
-6.5413370530062,3.27183661785249
-6.55822471780112,-5.9092029539096
-5.53723100823691,-3.82687201175566
-5.79542783898642,3.89221248951082
4.48053689795205,10.0667296442044
0.272665937716458,-6.0348748174655
-0.600377003376986,1.28030310001497
6.08272643881509,1.44618866768007
3.21993776159951,-3.51541485462065
-7.09152464074424,3.76700125064973
-4.27743677300742,8.836021521951
-6.57652906579306,4.68593368854646
9.15120263891885,-4.66904868755217
-4.93899540108969,-2.31035818729277
-7.03933958215049,-6.36304750118132
6.25522895651529,-4.35972156200286
2.46392925577829,-5.07734670314666
6.75823112326333,-7.61878480586882
-3.38689665002158,2.1907168420804
-3.14142994088462,5.39590988483552
13.0843185980863,7.13363657322053
2.76171418028543,-2.19713117751952
-0.545882980053927,2.76393685665254
11.3668179114408,-1.45772733363982
-1.3103468815737,2.78778181400422
12.8550839026518,6.59965143528108
2.22036536532113,-2.41520108852263
-1.25906519097617,0.405006864930432
0.350335975462888,-5.83578433666106
3.0517386992521,-4.85644521388884
-7.49549440545371,-5.08672036800261
-3.19145588082602,-0.449363177751262
13.4863171179838,2.61197481479768
-6.1185756127291,2.01730928745393
9.54589410620401,-0.660780122612674
-0.301449219410922,13.9002839120877
-2.56776551408103,0.675738671685498
-0.00189445418646517,1.28828201618318
4.88636966543863,0.14974258270387
-0.648055354779269,13.5863257440579
7.4204401572294,-1.77602626953002
10.3051828940458,-1.08362450275298
1.45146836834619,-7.42944230708953
-4.50873617333701,7.79398928012971
-7.17686943215659,3.29404220905427
7.04357858496377,-1.1680262294757
2.69970413046548,-0.643485834931094
-3.91014722985556,0.00880501594666738
2.55747898417184,-3.38859262142058
10.769680460269,3.07542262401704
11.4713120062895,1.55962941970948
-6.66500715417197,4.43882332172517
-8.17365316552451,6.71008739795808
-6.48561529321006,3.35198436107759
9.10958619909952,8.47683058109407
11.4887013037748,0.065571138526242
-6.03250745934775,2.28335867252473
-6.17868904275229,3.47363577213411
-6.85345224541953,2.70291767444734
-6.56451133889487,4.06489382114534
-4.81738094491294,3.64838562336091
-7.04703525704673,-5.26728667888518
-6.37780861062339,5.09284172382478
5.43226619558999,-7.77179135951873
-6.86920169991782,3.98621425953035
-4.49488548440268,5.57880649891023
-7.09523061913779,4.0742651018155
-4.71906284493735,4.69266090717439
-4.64008669060996,6.01341495838289
-5.96105722588828,3.60071621265535
-5.15983347100547,4.3735872301114
-2.49986747903159,3.86880503025178
2.6115680535383,-3.38336457881804
4.80756088095376,-6.4692238775241
2.94554539519021,-0.183038314913471
-6.67095331353476,-2.34282424125548
0.743015193665717,-5.73305453929778
-1.72181681794455,1.51923964347963
4.27673288183877,10.3677168878568
-0.795583883946444,0.709154346848767
6.0595626433439,1.47152374115114
-7.31478742760947,-5.79783620509978
0.0937077005452853,2.33476577129487
5.4291481574125,-4.18575873050566
11.5575327475614,-1.47590973052855
-8.68712381524375,6.99880085315828
0.215158839995359,-5.71905173930999
-0.00565622252752962,-6.38675822887297
2.55973358946512,-0.983675798510272
-3.81961778802207,2.40804515209321
-4.43571523827841,4.63318691578035
9.47638936835,-1.03274919662352
-6.7673621575289,-6.01739349040862
2.98384519415567,-8.63285817775603
6.06750198202798,-5.95644988689299
3.21725245314309,-7.30517520580168
10.1153864462919,-2.04796268615599
-5.77126697701743,3.70943222370271
-6.16707090539267,3.4216419252408
-7.61169580621054,-6.39565744075652
-5.35325435799887,-3.93622364673491
-4.10640148324301,-2.35772969398375
-5.2331447998934,-2.16375758323546
2.6305276949949,-1.54936446819182
-6.08312133950522,2.35699448909883
-7.84222749871543,-4.93853845271941
2.28275175886819,-0.0500968304621766
-5.03367809457114,8.7600241693509
-7.04890112084677,1.92387996044282
-8.38360647362998,6.99473486271028
5.70400234060952,-4.32603730831023
-6.34850887460044,-2.07535328540679
-4.776793519681,8.29174909916047
8.79835172491739,9.13852701511506
10.194934328372,-2.95456781062957
-5.97797397774985,4.26160583820466
11.7768635352201,1.36585674610261
-7.51116613549521,3.6498790773404
-6.3423190514498,-1.75603236827727
-5.39714817208579,-2.1404805389392
-5.22848371667197,4.18990526523713
-5.98670438927939,3.22800002422456
5.29377837973306,-6.59012260112639
-5.85346798104575,5.63907347049836
4.57074447470376,-4.72150077495452
-7.13202146691611,1.69939217891816
-5.47859911126425,5.0950399431241
9.4007343848295,-0.732343098257739
11.3189673026151,2.60316429462556
2.54862101870248,-0.418153746162612
12.0683331091947,6.44064197864656
-13.3434491555147,-0.219863450263698
-0.477229158108737,1.20446477260713
-3.95633081597617,3.84123621311311
11.2314476569242,0.416559019948285
3.23921032744119,-7.99413289699431
5.11011167364785,-3.86287560138579
-6.60273889703086,4.07793388691072
-7.9767709175997,-5.4887584653842
-1.43263892335227,12.8203869852078
2.60379560785959,-0.843598922823627
-0.431533495610263,1.94546923961763
12.8837656577177,6.88198242511873
-0.258872906392123,1.2191455158246
5.53330131369302,0.0665577146065642
10.7040915091581,-1.35835137042876
13.5634188254423,2.05479560222749
9.55540414648721,-2.21577348384734
2.64975794153878,-3.26723899516936
-0.0961093704157132,-6.05244054469939
-2.23827079934409,2.61470828380708
6.36341996985147,-4.63732995662566
-3.64794496697715,6.55167160358552
5.54204698401162,-7.79071988735076
-0.706284443562533,2.7532361539853
-7.46311906976035,-4.96441831264373
11.6688799460478,-1.42517616424437
-4.18955139321616,7.79810629215364
2.36088629561136,11.3133688959134
-6.64680294198325,4.57101354923372
-1.44405941170981,3.46064243641023
-7.04564956826499,3.41471848812227
-7.75535921258261,-2.69787349376555
-1.50604657334616,-2.00885071430083
-0.18562493724158,2.58995995845918
-6.82401327294638,5.55697403278474
-6.59085706872275,4.41201935138826
-0.0384667317323941,0.712418416405957
2.59666319685647,-2.23901464614745
12.9450735648222,6.44493923511628
5.45124622183511,-5.51253881130095
-6.04115966958335,4.70498714771394
13.3768276770658,2.44461498584871
-4.183203260129,-2.43131389293547
-1.83100752038291,-0.483058242236335
3.37198754149148,-4.70564403209563
-4.36991981667807,4.54977426853303
7.54328437643716,-7.10128726634856
9.59175439673135,-1.39900304946776
12.5052246649809,0.588158527280133
13.3306116660185,2.07444105472688
-6.30496124429038,-4.14168562564727
2.43541236715982,-5.40737619075652
11.7067350943632,-1.44148292217131
-0.173062006657626,3.12860069599275
-6.21892027062705,-2.04157092246886
0.132222433859799,-5.67180719051238
-3.6099667946749,-0.817078193758685
-4.03987125558188,8.4946080240262
-7.40756181878379,3.50351605739717
-4.45132450265219,8.85241232242707
-3.90387109917929,3.44938121166353
7.87136121588418,-5.12722530040618
9.98594899969766,-3.14397825870391
-5.08159212273886,4.67622385349397
-7.55850080651572,-2.66081919345732
12.0868086417265,2.39089355793123
1.93780978518197,-1.27172865543242
-5.56737760705283,7.87538824405793
1.58259638148019,-0.449084757004936
-7.62027410668662,-1.85158850822325
2.63917513685891,-2.19555105838652
-6.7538967530184,-4.20140399608489
-0.683616797154452,1.41643724765901
-5.9970460335665,2.046142199899
1.04216589527795,-4.15047278079863
5.08397050696084,0.0200225802910735
1.71293439465234,-4.52363385829802
3.84862228232095,-7.47882260951873
-6.94043401879599,5.19875393238191
-5.47625688714316,6.17543468799714
11.0284027655668,0.0507681461823394
-6.74276594323447,4.30854759540681
5.71171851950357,-4.64191045436736
-7.95276502770713,-5.78651179942961
-5.83089307946494,5.67876777973298
-6.98585132760337,-6.61224212322112
1.13928305106828,-7.69384278926726
11.5423836310453,0.661012390519421
0.77903814549217,-5.91137637767668
7.18154474096963,-7.5292858091342
3.24493308859536,-4.57284917507048
10.1440529425688,-1.64142956409331
-8.94154981774619,7.00341425266389
-2.2700579564028,0.55854670133714
-6.93940118951133,3.54894266452913
-6.9733496109896,-6.42329206142302
-0.513090054219272,3.34498224582795
3.62532802420327,-7.96350612316008
0.22745837765405,1.63345346775178
-9.69343523186972,3.54214606609468
-5.95975450677207,4.92947922077302
11.7746347983427,6.30748663272981
-7.50671343011191,-5.24683370265837
11.3407835562773,1.74281678524141
0.840370972926114,-6.08664455089446
12.66939302283,0.938652971650403
-8.67655424279502,6.79836664524202
9.47256322699258,-0.969504794214923
8.16331716376016,-1.75287701759215
2.28088696795175,-0.628426438306529
-6.3143272797518,2.50272879924897
-7.24832014245322,-1.20719142827864
-6.35935739678672,4.14315281238679
5.47052856283853,1.65837035503511
4.67853089171121,-3.7190960851657
1.59609599905679,-3.75972404155608
-6.25708011788657,4.38050279941682
-0.00700126094153108,12.9231911691678
1.30963077145288,-5.28989066753264
2.51943131285379,-1.83323373470183
11.75457712012,6.30815134372834
5.72864671545694,1.78094444599275
-3.98832945031455,-1.00997789773818
-6.08833555383017,4.1112319025052
2.88681336241433,-6.32705011043425
13.094854791934,6.77591905918245
-2.65440181893637,0.936879852677624
-5.45427612466147,2.92708239879731
-6.00925974053672,6.08998880710725
1.99750347929666,-0.641393443678577
-0.501412550633456,0.490878978635113
-6.35567526025107,1.64976249065522
13.3626284201689,1.21418700542573
8.79868503409097,8.41955767002229
2.65129836397836,-0.685549369190891
-3.57713512582114,4.67870674457673
-6.42501453561118,4.48255310382966
0.154779096419309,1.41325614776735
-2.3366194168978,-0.312496906255443
0.75057834508488,-5.70485200557585
-6.13748172921469,5.95249519672517
-6.11255745095542,3.38577018108491
-8.47503713769248,-5.55696429881926
0.197284837538694,1.18847987976197
-7.92656377953818,-4.75279512081023
2.68004282313058,-4.6454671827304
8.1746258338041,-1.93970956477996
-5.3688402573519,4.45939169254426
12.835423906619,6.82895765628938
-5.01910070580771,5.64859972324495
4.05444403486917,10.51976309147
3.33838172751138,-8.65828313503142
5.5122460921354,-5.07993354472991
9.2504715521879,-3.85054125461455
5.46207710104654,0.123241105939191
5.0531363089628,-5.24002542171355
3.45613046484659,-3.40386905345793
-3.54496959847739,4.78605947818879
-5.2664175431185,3.99116764392976
1.99102814989755,-7.58158960018035
6.15287204580972,1.39131520118837
4.3938698371,10.0221816095364
0.0134939749784213,-6.13708867702361
-2.25504378480246,0.56841442909364
-5.90128616494467,2.27377949085359
-5.72904590768149,3.51127038326387
2.4441297848768,-4.59473981532927
-1.63545755547812,-0.417194312547405
0.7244936128206,-6.94564380321379
9.73362108069131,-1.63728739890929
-7.52749113244345,3.4000228437436
-5.5704365174227,5.51341352787141
-3.44388441247275,4.64394722309236
-7.36882738274863,-2.59930267009612
-9.85558847588828,3.49338898983125
7.04638286429117,-7.43570079479094
-6.21606401604941,5.93567905750398
-4.70291046304038,3.51143274631624
-9.84084467095664,3.51702723827485
3.02086039381692,-4.73335876140471
6.66893668966958,-6.405762096976
5.65413232641885,0.0983327421200683
-3.1591144005709,1.22370169487123
1.7616723378248,-2.75555410060759
-2.22401026887229,0.18152306404237
9.12928911047647,8.53575620975618
12.4866919119901,1.94290457096223
-2.68238357705405,3.99697361316804
-5.96791652840903,4.94030104007844
-7.94402460259726,-5.36166562709685
5.94376512366006,-5.25021638545867
-5.72165445489218,4.89783106174592
-13.291040937131,-0.19000654492255
12.2210926611967,2.10379681911592
-6.00599626702597,3.28260789241914
-7.5529542366915,3.01347027149324
3.43244644003579,-0.80848901543494
-4.63050274056723,7.5654235872281
-5.64641288918784,5.16585073795442
9.10613103705118,-0.247396176789958
2.42371161776254,-4.03059544238921
2.42477329569528,-0.261671638225276
3.71996064978311,-4.849844833945
-5.48921398324301,4.30608902301912
-5.06471113366416,4.1353584321988
-6.89447979134848,3.54853663768892
1.87473913031289,-7.46548261318083
11.9997410376615,-0.15102030906554
12.9650091727323,6.60627231922273
-5.78982071084311,5.86530838337068
-3.16469887894919,1.56752930011873
2.17794664698312,-5.90132894191619
-5.7024207512789,4.81677923526887
1.55528457956979,-7.07977475795623
-6.6935472886019,2.39153037395601
8.39930911856363,0.22463784542207
-7.15277246636679,5.87218962040071
-6.47551063699057,4.31888780918245
-5.78375915688803,4.79871235218171
-6.56976465386679,-5.49095048580046
13.7904781897611,-0.261278120909889
12.611118753726,0.500168362523358
-5.83120016259482,-4.31545366916533
-7.00981144112876,2.48734174099092
-7.2709308068209,3.52405510273103
-9.79633764428427,3.46339688625459
1.84025545912454,-3.53270783100005
-2.540305654233,0.549981037045758
2.5406851370878,-4.54203309688445
-3.82830480737021,-2.36724223766204
-6.01029447717002,3.69281874027375
11.2350267966337,0.532422760392468
-4.45672611398032,4.10428486194734
-9.95788530511191,3.63065443363313
-5.84410194558432,-4.00977911624785
-7.63850931329062,-5.75401200923796
5.65678115683267,-6.32197179469939
-3.87580684823325,5.33904276218538
2.95190568762491,-5.83197154674407
-0.960914174740817,1.80867228832368
13.7054857810087,-0.0746231881129334
-5.32287649316123,3.53351340618257
-9.70340208215048,3.3243666681302
-6.95153526467612,4.64323625888948
-5.5840034882479,2.87764368381624
3.72691245871255,-8.18304958019133
2.39513107138345,11.2848578485501
-5.85397771996787,4.55085096683626
4.20952030020425,-3.64281191501494
5.12025924521158,-6.27160968456145
-6.78172926110556,-2.51838221225615
-6.59097007912924,5.0836030038846
8.98260541754434,-1.25525446805831
9.70517011480996,-1.83537449512358
2.67687435942361,-1.10762329969283
1.9427960713453,-7.56726922664519
6.29140849905679,-7.92268504772063
10.2430071433134,3.53343043651704
2.32045527296731,-6.16848411235686
12.813155611331,6.77076969471101
-7.32224516076377,2.70279584255342
-5.14046911401084,5.64105997409944
1.41781254606912,-6.44773330364104
-6.87474493188193,5.29922161426668
2.8543510039396,-4.57487620983
-6.00431970757773,4.53639469471101
7.76878305273721,-4.50633134517546
-0.588562528317477,0.678258040810864
12.9876150687284,7.00658808078889
1.48861088352868,-4.85191096935149
-6.33305553597739,3.70959673252229
-4.86779932183554,8.6282406839383
1.59902044134805,-3.86280741367217
-5.8280859391146,4.0286108049405
-6.187766591733,5.5032053979886
12.2324509223051,0.0823952647698333
0.164979835326169,-6.22480239543791
2.84711595373819,-0.249916976426799
5.5014195044584,-5.04126825008269
0.324269254977201,-6.63823737773772
-6.08598379296591,-6.09870423946257
13.3984808524198,2.15185818996553
-6.37985567254355,4.711998084451
-4.56482319039633,8.7880650552762
-4.80559591454795,8.6523695978177
-6.35631565255454,5.27041015949373
4.06618829565713,-4.56829824123259
-3.44924644631674,2.75082931842927
-9.70811800164511,3.46936855640535
-5.68738226098349,5.51305303897981
-4.74281028909018,4.83412609424714
11.5397772391386,-1.13644393358107
3.25911517935464,-5.14972581539031
-7.39267877740195,-1.36721207771178
-6.46947435540488,4.04676828708772
4.20252509909341,-8.69692506465789
4.70797463255594,-6.60900773677703
-0.866348902409579,1.52224228706483
-6.78958515328696,0.226412752534192
-5.25133709115317,4.62017355289583
8.69516034918496,0.0768730732453277
-5.53415731591513,4.38217840519075
-5.09278635186484,-2.46031512889739
3.76979370909402,-5.61399831447478
3.5122620661802,-7.33323802623625
-5.8845930497103,2.59720573749666
-7.96145490807822,-4.94025602016326
0.0499391158170444,12.5641318353665
-8.53417162102988,-5.074538609122
-7.5275226036959,-4.08677544269438
6.58110709982583,-4.21590842876311
8.1495341857023,-6.19686546001311
5.58408971625039,-0.37510751571234
0.636939068610166,-6.24168100032683
-5.08688787621787,4.40064392414216
-4.26906255883506,8.63569078769807
7.07876630621621,-0.63822277459975
-2.66161207360556,-1.34756519470092
11.5131353934355,1.7095190080655
-4.78101019067099,8.75505457248811
-6.90149311227133,3.54956851329927
-6.99317268533042,-5.73782052669402
0.0291153986997348,2.73168573703889
-6.35019306344321,3.80578861560945
4.45571800070474,-8.34665622386809
2.64493664103219,-4.30014767322417
-5.40656999749472,3.61550698604707
1.26846083002755,-6.25220241222258
-3.89467386407187,2.58238206234102
-6.38923935097983,-4.31889404926177
8.2630047400541,-1.44878246459838
13.0116676886625,7.07804832782869
-9.94153741998007,3.58750830021028
-7.01997856301596,3.82303057041291
2.31374486284921,-7.29740609798308
-6.67643264931967,-1.36791356477614
2.63026924925515,-0.744835725163181
-4.83615354699424,4.1336461099637
3.00592037039468,-6.14976110134001
5.88140436011026,-0.745295604799945
-4.3154898087435,-2.69012012157317
-6.22884945077231,3.46961174335603
-6.16517118615439,5.83830843296174
-7.32025484246543,3.5972851308835
13.7031759818144,1.97286281910066
-4.81343082589438,7.9570456537259
4.4758600791044,-3.95183815631743
5.59831090765664,-8.37761249217864
-6.02810911340049,-2.15423919830199
2.86568995314309,-6.69847240123625
5.8079642851896,0.101905593539517
2.00204749899576,-0.00058635148878794
-0.916674057667758,2.81483922329072
-3.90465311211875,2.53523836460237
-5.55428842706015,2.8118139299405
-2.77790526551535,4.14292774524812
-0.818625370686557,0.860249021912854
-6.45906786126425,4.33524999942903
2.3513483603544,-1.1177799907672
1.93187208967874,-0.700468083952625
-1.82213930291465,0.269861915971081
3.80059619742105,-8.66999711665984
-4.21658043069174,3.56395540561799
-6.59989790124228,-4.96781434688445
0.221316119009946,-5.99814023647185
5.6536640723295,-5.88229121837493
11.9025311072416,-0.900166174505908
-6.86426452798178,3.22578797664766
-5.7204575936251,5.52164039936189
-5.36641077203086,4.88490400638704
-6.81265882653525,6.04222832050447
-7.58917383355429,-5.04866685542937
-8.66028360528281,6.84139595356111
-5.32960752648642,4.61766109790925
0.215732832724546,1.95766911831025
-1.83413199586203,-1.99217822227355
-2.49115709466269,1.10176585044984
-4.78791145486167,8.9096995386136
-2.05094198388388,-1.20354100141402
-0.962365309422519,0.987856725121777
6.9192924101896,-1.169389506911
-8.85441641015341,6.9745975526822
-4.65591053170493,8.7898379358304
-0.11904231709769,-6.00034656200286
2.79187949495981,-0.28348794404145
-4.61448768777182,2.26451955165986
11.4517569144315,-0.649910858010013
6.8173374732084,-1.34712644491072
6.27149244147012,-7.94517554912444
-6.78294328851035,-5.00529660854216
10.8805431922025,1.04964421119813
-7.3008962075167,-5.15767278346892
1.95526965456674,-6.02474345836516
-6.82499984902671,4.74229536380891
-6.62309698266318,5.20064792957429
-3.85222629708579,2.0746747049344
13.0369448264189,2.27112827625398
-7.33517316979697,3.33925566997651
13.0380758841581,7.04523763980989
2.84277339773843,-6.21527852687712
-6.99656061333945,5.64375410404329
0.1403691967077,2.10024366703157
-8.83771471185019,6.89504824009065
11.6652254660673,0.0293842348111083
1.59935428696344,-7.66435136470671
11.1941542227812,-0.581255247925479
-8.03509191674521,-6.077796837424
6.672997911746,-7.4954198804843
-5.93636278313925,2.2175448926938
-4.85555318993857,7.61083231296663
9.34692617254922,-1.85153271827574
-13.3480792443209,0.0427729281437804
0.934203689271901,-5.62958850536223
-5.89852432412436,1.40949461784486
9.21817918616006,-4.35064806613799
-6.64958862466147,0.897332409287732
3.07446451979348,-3.12366094264861
-6.1907830635958,4.66384611454133
4.1847097476072,-4.23797669086333
-4.58871940774253,4.05009041156892
-4.88324121636679,4.50878153171663
5.56793065863321,-3.7980436292636
0.439009120041822,-5.63259973201628
1.68454815941522,-2.15209474239226
8.98214193182657,-1.44579555663939
2.09466155367563,-6.14774455699797
1.20663960772226,-7.20549955043669
-4.44725755852988,7.7107831033719
-5.44833187264731,4.91110811557893
4.88175578909585,-7.67031850490447
11.7512402136869,0.322112003232281
-7.24284223717978,2.44460425701265
12.9427876074857,6.47996578540925
-6.59185842675498,-5.47823276195403
3.19166203337381,-4.60955133113738
-8.09900144738486,-4.73500003490325
-7.18785814446738,-6.24233188304778
-6.61737255257895,5.41792402591829
5.06466241675088,0.179713645840924
8.17397638159463,-6.65624179515715
4.17449780302713,-7.9105547872531
5.74657102423379,-6.27378739986296
5.53219600516031,-5.57986964855071
5.93060441809366,-7.20165147457
1.59808899956415,-1.87430693778868
0.376370330626462,-5.53179826412078
11.7126774390287,0.357842663193982
-6.11555198830893,3.97838125553254
-5.62159065408042,1.99352703418855
-5.70774606866172,4.61615572300081
1.8695208628721,-0.79486819181319
8.29216571646402,-4.40755452785369
0.279990156466458,-5.50938167247649
-6.49642471474936,1.37830779876832
11.2098593314237,2.37615285244111
-3.40653661889365,6.40980730381135
-3.38855604333213,2.89980635967378
-5.62460140389731,4.21052131977205
3.40994497137735,-3.49467768344756
11.6939243872709,-1.30224313411589
-6.0634317795687,3.27332935657624
4.5763444502897,-6.73521127376433
8.99143548803995,8.46560583438997
-7.52064661187461,-2.68141426715728
-4.7575326363497,-3.18922438297148
2.86980648832986,-0.416506981586177
-5.58677772683432,4.08487806644563
10.6530117590971,-1.33896889362212
5.14080043631265,0.211095789338391
-7.78351263207724,-5.2766641584384
-7.12404016656211,-2.28393199119445
10.3760771353788,3.46039424266938
-5.16958479089072,4.96834144916658
0.580750544840787,-6.66540279064055
-0.072052816575076,2.3687478097928
-6.50188020867636,4.84436235752229
-8.20246271294882,6.58092699375276
-6.53222660226157,-2.47761978778716
-4.37200693291953,7.885582068826
-5.00126699609091,6.74422893848543
-0.111149112408664,3.16647777881746
-0.0323209564142484,13.1789208444608
-5.16634372872641,5.09808788623933
1.82164903479287,-3.26575269374724
-5.1390834252291,7.81988821354036
-1.40480188531211,2.04387102451448
2.30247326689431,-0.926134130095203
4.0510656436033,-8.57527722988005
-4.82135299844077,3.96502409305696
-6.41853622597983,3.83342085209016
3.96133395033548,-6.30972137126799
-6.03426126641562,4.84018526401643
11.4401592810697,-1.38072707328673
-8.53559164208701,-4.87614717159148
-10.1068683068209,3.75790510501985
5.84787984686563,-7.5488604513156
-5.81356386346152,2.20006046619539
-3.72817234200766,2.78166232433442
2.91984506445596,-8.74964704189177
6.23292489844034,-7.63262405071135
-5.10797361535361,-2.19772972736235
-6.72729400796225,3.87542782154207
11.9131340582914,-0.869977166985233
-5.52518753213217,6.58939466800813
-0.230944196408297,3.25474677410249
6.39360423880288,-0.323878316317756
5.34933753805826,-3.75011195812102
-4.80098776025107,3.92167673435334
-5.14142374200156,8.69856272068147
-7.05053285760215,3.51963553753022
-7.23340753716758,5.95825872745637
2.46995266276071,11.2276268991483
-5.74685339135459,4.67379865970735
2.77589996653268,-4.79974403056975
5.41314693289468,-0.0797697213637422
2.39470430212686,-4.79747380885955
-7.39076189202597,-2.63741125736113
-6.35260252160361,1.96260605182771
-6.85198167962363,4.14029655780916
-4.30663398904135,-1.39721479091521
1.98682459192941,-1.26717933091994
1.76033492880533,-6.73557653102751
-5.7684197823458,5.41409645404939
-4.81318811578086,8.87924681034211
0.77970003644595,-7.05481233272429
3.60183592634866,-5.50410785350676
2.78050907450387,-5.84047546062346
-2.94374565285971,1.39575765457277
-5.62901596230796,4.81050405826692
11.4383711417265,-0.788621356819827
11.3459133704252,0.234401026631634
1.55791254835794,-7.46976937923308
-6.27911810082724,4.63586817112092
-3.01578239602378,1.55214879837159
-4.75872663659384,6.07250652637605
3.52699347334573,-8.76030816707488
11.4802040656156,1.74143395748262
-4.63027004403403,2.87321482029084
9.86217351751993,-3.34562339458342
8.47396465140054,-5.61962165508147
6.05152746039102,-0.646441152428348
-3.26248840493491,-0.185259154175479
2.55898531275461,-2.86828245792266
5.71899839239785,-6.71457566890593
13.030103166873,7.05663690891389
-5.60467390221884,-2.18327369365569
4.54673524695108,-6.07848729762908
2.11327834921548,-2.09326603088256
-5.68840173882773,-1.9573590961444
-6.33914665383628,3.83380422916536
10.1176752646513,-1.82272329006072
6.07083173590371,-6.1718958822238
2.1374514897413,-0.373919480123628
10.0913261969633,-1.23344089660521
7.1466774542875,-0.843902340267856
5.61252303915689,-6.19037522945281
-2.95068196458152,3.9889551195157
6.09355493384073,-6.50925340328093
3.33478589850137,-7.64044799480315
-1.05506340665152,0.171701529885571
-5.67693142098716,2.36547670688752
1.24634080129335,-1.29553820762511
-5.87477020425132,3.59420881595735
6.48510261374185,-3.99635376605864
4.76963277655313,-3.93665542278167
7.11955638724038,-1.19215907726165
-5.08775715035727,3.66550121631746
6.07986589270303,0.206559518243115
5.22353025274942,-6.02195300731536
-3.14745811623862,1.68314395275239
4.38937588530252,-8.63344182643767
-6.42576221627524,2.96423087444429
-2.78764561814597,1.01217398967866
0.00507762032220183,-6.54279365215178
7.40199514227578,-1.59159888896819
11.5489897330351,0.985084870721142
1.42417802410791,-6.94532909068938
2.36015590029428,-0.0675629583346437
-7.32101110619834,-6.16762771282073
2.38507755594919,-0.132213255499561
9.29185815649698,-0.594156837199886
0.784197123075221,-5.68826951656218
4.41442628699014,-8.29619111690398
12.1537947257108,-0.13723186228152
-5.29406694573691,4.20629940357332
-6.01207641763022,4.25849972095613
1.32225718098352,-1.53835203323241
-7.00079969567588,1.34115336265687
-5.70664123696616,-2.10190810832854
-7.2199693123751,5.73759994831209
-6.04694465798667,3.67513094272737
11.4125666220731,-1.23750533733245
6.63499732809732,0.388474086190503
-7.30461267632773,-5.62401666316863
-4.05363372964194,8.02998648014192
5.99030967550943,-0.702131291960437
-5.91161493462851,3.62880478229646
-6.34089235467246,-5.57809867534514
10.1790194113798,2.13411770191316
2.81616731482217,-2.23616518649932
6.09374996023843,-5.17604722652312
-4.6247487465792,4.47169552173738
0.0202872951574069,1.96019587841157
-5.60911945504477,1.98890004482393
-2.88015250367453,-0.320132589076717
-1.45246819657614,12.7738839181912
5.42986341314981,-0.675677111481387
-3.72428516549399,4.70567617740754
-0.07881603640845,12.8126030954373
-5.21497396630576,-3.66743220958586
-6.04546312493613,5.52324591007356
-4.71564964455893,6.76561031665925
-5.36313633126548,3.97568521824006
3.32998319464395,-4.93488015804167
0.499073227221463,-6.81980075511809
-6.36354355019858,4.91824016895418
-6.36410955590537,1.74443660106782
-5.60206703347495,5.97665653553132
11.3241552908964,1.09463296260957
-4.74860958260825,-3.28730644855376
-7.48455862206748,-2.66371335658904
-6.44132045907309,3.87914047565583
-6.41848234338095,-4.74425353679534
1.89494057493875,-0.0672259238707612
-13.2052236000948,-0.212200185393054
10.1737942298002,-2.17826881084319
7.69070430594156,-7.21886958751555
-3.41388324899008,-0.0440193322646211
-3.60923198861411,-0.429882193093259
6.42017122107217,-5.70821227702971
3.04118891554544,-6.53259982738372
-5.76096681756308,3.39321480121736
-6.88790754479697,4.6923504861844
-0.0677634875231046,13.4041148218167
-6.33652261895468,6.12792167987947
1.37042023735711,-0.890042802427966
-5.03235105675986,5.98197946872834
-4.02293590707114,5.46072349872712
-9.90280298394492,3.63262901630525
-4.40712980431845,-2.35192646655913
-3.83356479806235,-2.36548938426848
2.57432254152963,-0.630828460787494
-4.99361852807334,6.22957382526521
-6.01069978875449,4.78887377109651
-5.84643081826499,-3.58436216983672
-2.82785038155844,1.04828558292512
7.73040481405923,-7.0604456869113
-4.54059986275962,3.46550498333101
9.33352990942666,-0.860024830435474
-6.0920601288729,-6.44472207698699
-8.08955434960654,-4.70539130840178
2.03538270788858,-6.40839709911223
4.09430571394632,-4.08525385532256
6.8731464942045,-1.21666528854247
-4.43780140084555,7.97494993534211
-2.7943351666384,3.68087301578645
-6.29946569604209,6.11772737827424
2.89762612181375,-6.07251634273406
-6.42802671593955,3.51446709957246
8.65145726996133,0.0466221364987304
6.24272962408731,1.20318374958162
-7.5734210411959,6.22220144596223
2.76921864348123,-4.97445144328948
-7.35846761864951,-2.65279354724761
5.06913562613199,-5.94175614986296
-5.71066097420981,3.19696436252717
-4.88817600411704,-2.30316128406401
-7.10204271477988,5.40203819599275
-9.75468019646933,3.4542289766324
-5.94888834161093,3.66094169941072
-0.562922040646579,1.32705245342378
-6.57502226037314,3.76183662738923
6.15965696173379,-4.37506045970793
-2.31855634850791,-0.0647786465632508
-0.284480730717685,1.89701161708955
-4.18314985436728,8.13551721897248
-7.08339599770835,-5.15113296184416
-8.21253351373007,6.87724409427766
-5.32117609185508,1.31483898487214
13.2930168707914,0.78927955951814
11.6852135260648,6.25736914005403
-4.97067979974082,7.17347917881135
-7.24097208184531,-2.18067326221343
-5.50047067803672,6.15539703693513
6.37558265524576,-5.93754186305876
-0.818760196393039,13.7085848840726
-7.74764780206015,-2.5746823755252
-2.21678475541403,0.501354792977612
-5.46872142953208,3.50218234386567
-7.45543436211875,3.81884394016389
5.06366678076455,-8.17076244029876
-6.12345031899741,3.66757212009553
-4.33516649407675,-1.15938105258818
-13.4484534661227,0.0363116654408385
7.61666436987588,-1.49196006927367
4.55514427023599,-4.57397355708953
-5.86640743417075,-1.8606884685504
5.31546016531656,-3.93579067859526
-5.7677922646456,-4.0336233583438
3.06428333121011,-0.983638903235156
-6.44432501000693,-0.0244101789938996
0.65217993157575,-7.216064831351
2.79911001520822,-1.26536377344008
5.99737258749673,-7.14938964519377
-5.69440845650962,2.47365222301606
5.30953546362588,-5.6941355672824
-0.7615142266207,1.12880037155275
-8.73552850884726,6.77417812671785
0.00394608574578581,1.23903236713533
-6.42437938851645,3.4352282079709
2.50559528666208,-8.19088592204924
1.8223492701597,-1.26344802055236
7.09092088537881,-7.30082406673308
-7.77600149316123,-2.65767922077056
3.12449570494363,-6.14719953212615
-5.39499715966513,4.82831344928865
-13.4263234536104,0.0683150681507995
-5.99632553262046,2.76655183162812
1.59521420794198,-3.97010221156951
-4.84652904671958,6.22608337726716
-1.23993257684043,0.0417356583130767
-5.81345466775229,4.32766018238191
3.11057682829568,-6.25145330104705
13.2274946768827,1.39746151294832
6.77049346762368,-7.09231700572844
-13.408074895566,0.0131685229790618
12.9459824164457,6.81688700046663
-5.64999488992026,-5.85226382884856
1.65506048994729,-7.39983071956511
12.5408358176298,-0.619326135252673
11.4243454535551,-1.39561392936583
-7.32042650384238,5.12292871799592
11.191383798892,1.77697882976655
-7.61289171380332,6.66285095539216
-5.50644926232627,3.02958808269624
3.43533893423745,-0.651318898533542
-5.73567346734336,3.52787933673982
-6.5596361557894,-6.659180065726
-5.84508613747885,4.86401520099763
-3.54441169900229,2.05047426548127
-5.29643921059897,5.57082996692781
4.9171795447416,-6.29796924266692
1.14000054197976,-5.46413697872039
-1.55359892052939,-0.137253856395442
1.03970589237878,-6.38336553249236
-7.72794202966025,-5.00672759685393
-5.40257171792319,3.48799739208345
9.35765405493448,-0.730193456743915
9.40883394079873,-2.08917870197173
9.64484926062295,-1.20384003791686
-4.48473552865317,3.28211055126313
-7.80723337334922,-5.85519208583708
11.529464205081,-0.965183457468707
2.05322964983651,-0.55432764265414
-6.95864347619345,2.92258797016267
-0.972233573620822,2.30109296169404
-6.04964164895346,4.78837976780061
11.6022448142118,1.32166872348909
12.6673025687284,-0.425643531714637
5.14454885321328,0.213305989171307
-7.51848177117636,6.07540664997224
1.60314353304574,-3.51486720714446
12.8127379019804,6.62711344089631
2.46307512121866,-3.51933469447966
9.31378694372842,-1.60330619487639
-3.89667991799643,5.19378242817048
3.41882773237893,-5.35276212367888
-4.88271478814414,3.64415273990754
11.9569496710844,-0.81996499571677
7.86524530249307,-1.5084027257907
-6.42124847573569,2.22400937404756
5.21705003576944,0.329675594235699
2.5292949278898,-2.81671776447173
-5.9424600998812,-4.18371691379424
6.24768825369546,-4.55142297420378
-6.94010452431967,3.87006721820955
11.1947941382475,1.40747807350282
-5.08952097100547,4.3911653551114
1.74829639988611,-4.44787921581145
7.8105859358854,-7.12337770137664
-4.60010151070883,2.90442095127229
8.74047227698038,-5.38616027507659
-7.60881284875205,-5.32579030666228
-0.750189582531955,0.255128601456921
-0.659280101483371,1.95083294239167
1.16591381030748,-6.91005792293425
-6.34888748330405,2.66660223331575
-13.2277923027926,0.100929805899899
0.446384807402585,-6.945472618674
7.26721855002115,-7.10085811290618
6.40484376745889,-4.6387533155429
13.0002045233793,6.67081318225984
4.23017569380472,-3.7592560258853
5.87876697378824,0.0424649211419036
-6.11758093041709,-3.94960417423125
-3.7813911835604,5.13664017048005
-0.0647793213777799,13.2855835947049
2.48345394926736,-5.98266782436248
-3.91017297906211,-0.606743147705753
-5.56106142205527,2.7147053274167
-0.380920449917819,1.57337115135316
-2.39180282754233,-0.0347546545016358
5.25175329046914,-5.15367593440886
-7.04044107598593,-5.63634290370818
-6.57309106988242,-6.19841899547454
-2.58875230950644,-1.899618646239
6.86351438360879,-0.765988966559131
-4.85634903115561,5.03723821964387
3.63546057539651,-4.89430036220427
11.3884615500517,1.37852690544252
-6.0079217354708,4.41867504444246
10.4741453726835,-2.08287777576323
-5.89208702248862,5.33368597355012
-3.8976021210604,7.99648390140657
-4.65009979409507,3.13267646160249
-3.36793045205405,-0.431989735101421
-6.35294059914878,5.70560560550813
0.196419020468686,-6.39144029292937
0.116739710146878,1.47947368946199
3.73204322653482,-6.12747754726287
-5.51721433800986,3.78858814563874
-5.56529907388022,-3.69240011844512
5.12728877859781,-8.26478185329314
-6.93058923882773,-6.36914052638884
3.04151912527749,-1.34990849170562
-3.19306306046775,2.19256053295259
12.6109118063993,2.49165115680818
-1.6499522129946,-2.02494372997161
-6.27086643380454,3.87054787006501
-1.09537867707541,2.92106495227937
-1.90473393601706,-0.74094556841727
-4.13649086159995,2.66172633495454
4.42361875372598,10.2454901727689
11.1848072608061,-0.365601541583497
-3.67991022271445,5.47835979786043
-0.279338280385043,1.77452001896028
11.125390489871,-0.892312666510303
-5.94691423577597,5.03103695240144
-7.98426870507529,-5.73237456951018
2.03001375990579,-1.00046898994323
-1.1201922099047,-1.9572107997882
2.51045401888559,-0.815944602822025
-6.31159786385825,-2.55294456157561
13.0493235190458,-0.933979949091632
2.27736159163186,-2.42855682048674
0.661826153571103,-6.10816421184416
-7.6988864342623,-5.97532643947478
8.60980983572671,-0.285737564896304
10.9356121619291,1.01387749042634
8.50783630209634,0.195473113919537
-0.354297796910312,1.79535494175081
11.1859984000273,2.62734160747651
2.24088831740091,-8.03728141460295
2.91281219320962,-6.45366658840056
-6.66904501122763,2.8387697729123
4.32104488211343,10.1407128366483
3.6988780100889,-7.84013595256682
-0.529441873257663,0.41884771909837
-7.23315099877646,-2.30596782836791
-1.61143354577353,-1.02879585895415
13.6054081519193,1.85346041050081
-7.3116908471041,3.82866630878572
-6.07846073312094,4.18645439472322
-6.88073066872885,2.79499302234773
-8.39213136834433,-4.92189778957244
-1.26220420998862,2.60211501445894
-8.02316240472129,6.54429493274812
-3.4875736634188,-1.24847706231948
-6.66030887765219,-2.20336057815428
3.30411454039285,-0.910244545077045
5.69332357245157,1.7718912157071
12.3720068533964,0.466227153207104
13.1323313315458,6.97272262897615
-5.8837328354769,4.32852707233552
-4.96468547982505,6.74068603839998
3.27760001021097,-4.94611920986052
-6.62283376855185,2.78895769443635
-5.9103031556063,5.41609487857942
-6.73791507882407,-4.08832373294707
-7.15613512200644,-2.5320569482791
-5.67280487222007,-4.02059402141448
4.55493398504922,-4.2105180231082
10.8024544318266,3.00793228473787
-6.25662807626059,1.84882388439302
9.6293434699125,3.12050114002351
1.95180483656595,-0.967964014147479
-6.29095653695395,5.66369304981355
-4.4797029892855,7.70104132022981
-5.88136867684653,3.44798550930146
-5.08672146004966,5.33376751270418
12.9483294089384,1.835524180795
-4.21384433907798,3.83530769672517
-7.64628843468955,-5.18117799434539
-5.24334816140464,3.66345272388582
-5.90857462090781,2.41630421009187
6.65683074789712,-7.27935924205657
-5.27742532891562,5.93835077610139
-5.93197492760947,4.84899483051423
2.60085292654702,-0.215733712648113
-1.26222566766074,2.67790732708101
-9.82204679650595,3.47138033237581
-4.21524290246299,3.54058275547151
-0.665005008404757,0.457006612683575
-6.18715051812461,2.36376152362947
3.27004524069497,-5.11153402004119
1.89612205820749,-7.1553205457675
-0.0666619340830106,-6.46381082210417
-6.24733261269858,3.53189382877473
-5.75378469628623,5.6122838052762
-6.45844749612143,5.49565563526277
10.299122293765,-2.14971723232146
0.143518229300473,-6.66146506938811
2.53080900507638,-5.91147031459685
-5.61742977303794,2.55765471782808
-6.07227996987632,-1.77024318847533
2.14449127512643,-6.13243283901091
12.2084631522245,2.24732098903779
10.8438267310209,-1.84833922061797
3.63276000815103,-8.13929595622893
-6.51100973290732,5.10459385242585
-5.14958528680136,7.75118933048372
-5.96148780984214,2.76330218639497
2.34633727865884,-2.8756119218814
2.20409854250619,-7.80836381587859
-6.14793686074546,5.19107256260042
-6.56784919900229,5.81397877063875
3.64850636320779,-5.93155278835173
-6.84416822594931,5.78062353458528
2.06159587698648,-8.22486676845427
-3.5273046891146,-0.646144023274143
-5.25103573006919,7.62636957492952
2.07860036688516,-1.49170818004485
1.21059690910051,-2.46786679897185
-5.3476171891146,4.09600696888093
-6.87787107629111,-5.94084586772795
7.65278573828409,-1.94551529559966
4.29552813368509,10.423875907327
-3.96108535928061,8.29439745273713
-7.07856706780722,1.79779706325654
-6.48590711755088,6.81740913715486
0.3666476209707,-5.32185067806121
-7.58609632653525,-5.97976770076628
-3.86866907281211,4.83183822956209
4.39757223921487,-6.51084031734343
1.53478219109247,-7.77724160823699
-5.6563592354708,5.35551605548982
7.32090850668618,-6.88560142192717
-8.41540102166464,-4.46278705272551
-6.5065470139437,-6.54062976512786
2.19703229265878,-1.38499929580565
-2.52329186600974,0.708623031045239
-6.68341020745566,0.180699923898022
-7.20088342828086,-1.19782688293334
1.38660903769204,-3.89152707729216
6.94220777350137,-6.3730324712741
2.91344114142129,-2.36460628185149
-5.16805843514731,4.43301258411531
6.00106950598428,-0.910733720396716
-5.36179498833945,6.55864963855867
9.38353296118448,-1.76954569492217
9.40275617438028,-2.22121729526397
1.3013374705858,-1.2076716629016
-6.76549820107749,-1.88479771289702
-6.77927736443808,2.78597698536042
2.51446648436258,-4.40916289958831
-6.21525673074057,-6.56276025447722
-4.88329176110556,-2.94350399646636
-4.72323517007163,8.268882850076
4.32547231512735,-8.53287400874968
5.19311042624185,-7.87835206661101
2.28848763304422,0.0714351328862121
3.79649563627908,10.6173249277127
5.2346958716459,0.19166562881593
-7.17456058663657,-4.55461301479216
-3.00253705186179,3.72163544025544
-7.15117792290976,1.68666181888704
-7.2348914544039,-1.73369838867064
-0.0193993250780362,1.76529107418184
3.6400184233732,-5.37105168971892
5.11769290762613,0.374470988179486
3.64341564970681,-5.54936971340056
1.58683433132837,-1.55940999660369
1.80382629233072,-7.37614526424285
1.17103444534013,-5.33035649928923
10.6852860053129,-1.26120867404814
2.0350789626188,-6.27431335124846
-5.61104158562949,4.76123533573274
-5.55382255715659,6.61322937336091
-5.98356966180136,4.65738258686189
9.31821103888223,-1.53191795024749
2.47394903498361,-0.555858498548229
2.01306994753549,-0.30698185983773
3.03311010199258,-1.33361186656829
-6.30811266106894,4.66415605869417
-5.99999336404135,2.21819696750764
12.6513590415067,0.118642756606381
-5.54718975228598,-3.85595931682463
0.214918156439756,1.61399147834901
2.03183050947854,-7.88990201625701
-1.14751235646537,12.6195870431912
-1.45736054581931,12.7887068780911
-6.26840976876548,5.82015953388337
-6.97627548379233,3.0263291391385
-4.95380310220053,6.58591375675325
-4.6422138611727,3.58263454761628
-5.55585388345053,4.08598528232698
-12.8743520180636,0.303087690736096
6.74931569891641,-5.69734325084563
8.01347108679483,-4.60154523525115
6.37590690451333,-7.96714820537444
-7.98565630120566,-6.0439399686801
4.38960166769693,-8.13702954921599
4.07470174627969,-5.57965268764373
13.3043808539457,1.10005936946992
-8.1913237969332,6.72284851398591
3.6884324153013,-6.10704936656829
3.96581312018106,-5.92056312236663
1.32083227234552,-1.61097755107756
-6.34391359490683,2.5010970624936
-6.03287319344809,4.0475865396512
-7.03035930795005,2.30202732410554
2.23735006647775,-1.28271051320906
2.5884134371824,-4.02274574909087
-7.10233644646933,-2.1813352313983
3.04881401854226,-8.57984819087859
2.75856312113473,-2.25252988014098
3.15837045508096,-4.95089234981414
5.94640775519082,-0.813067307804782
-2.98581580323508,4.05736074772004
-4.94661430520346,-3.29799594554778
-6.03399137658408,5.86603746738557
-5.41444353265097,5.21329698886995
-4.67582945031455,7.27043352451448
-6.4788256089144,-2.52208151492949
7.38076206045816,-7.22930373821135
-7.19528631371787,3.50832162227754
-6.01623968285849,3.7015810998929
7.43851657705972,-7.4088834730136
5.16098018484781,-3.66833724651213
9.08157106238077,-1.36301543388243
-7.47775510949424,-6.39957322749968
7.6397308905668,-6.16011466655608
6.02604432898233,-5.14080609950896
-6.94147876900962,4.44989881839876
5.32543655234048,-3.82302488956328
-8.61936811608603,-4.8685306516635
-0.836773673718478,0.988916853333752
-4.78020910424521,8.04381380405549
2.65804119902322,-0.164084991549213
-7.11155180138877,3.15061459865693
11.6030706961698,2.45426211681489
13.3981031973905,2.1635361703885
-0.858587662404086,13.5760718378079
1.29631700115869,-7.8156913724887
-0.259351889317538,1.84071121540193
2.27475579577157,-2.50448097858306
-6.13140968484214,4.80098686542634
-5.8815207879,-5.97976150188323
-5.67806772393515,-4.10668577823516
-7.06463102502158,3.2912364992154
2.46517666178415,11.2374201807034
1.05723707872102,-7.24401559505339
4.7251846392698,-6.76830234203215
-6.72796777886679,3.00779090252046
11.4996475775785,-0.0314437356936524
10.9765619834013,-0.250882169340808
8.44035764532754,-5.60999574336882
10.8782124121732,0.0600592288029601
-6.04630664986899,4.27439222660188
10.9778160651273,-0.259707918499667
-5.52132276696494,5.06947384204988
7.55218168097207,-7.33668603572722
11.0622076590605,0.605849722291272
10.9633707602567,2.19165144291047
-4.98611168069174,5.99841175403718
11.1978211005277,1.87468633976106
-7.5201754967623,-5.32864370021697
11.3839611609525,-0.194093933438022
0.0679014523572665,1.78075585689668
-3.64940742654135,2.25276408519868
-7.11838058633139,-2.49368633899565
-0.0484955708437222,13.2765980752957
-7.28883413476279,-2.17299785289641
8.74839778738687,0.0553474220288207
-0.214695493405368,12.9704829248441
-0.364939252560641,2.14509759273652
-4.77448085946372,4.92854080524568
-4.22436527413657,2.13405046787385
2.5854905446119,-3.31343259487029
-5.78771738213828,-2.04211618575927
-7.58547929925254,-6.43707360896941
-6.75036052865317,1.48929653492097
-4.30578998727133,-1.28457792672988
6.0376391013212,-4.00796546611663
-5.81749109429648,-5.58315171871062
-6.01951221627524,2.92465768184785
-6.84980539483359,-2.54057898197051
3.32745190458963,-5.5950612035739
-3.28018573922446,-0.308262413476665
2.55498166876504,-0.316905154024322
-2.68999318284323,-0.652702203129489
-6.33385900658896,3.49076376285676
5.83308835821817,-6.27597083721038
0.183583696658109,12.5259514841092
-7.12602380914023,-6.26344194087859
11.0777401526518,0.510877350236218
-5.43573908013633,-1.97606076869841
2.39093061285684,-6.1462463346469
-4.0064602295809,3.15893779125337
2.85982533293435,-0.161549544070918
3.6663639147825,-7.7550543752658
-7.58855585259726,-4.93180837306853
1.43225224810312,-3.68622102413054
2.79947026568124,-4.77324237499114
11.7219166358061,-1.46902372512694
-7.24911073846152,-6.23328342113372
4.42265935736367,10.0986653360379
-5.67740396661093,2.92282591190461
11.5578732092924,-1.07046039972182
4.49265261488626,-6.20931663188811
-13.3223548333102,0.150003055001538
7.9303598006315,-1.92381240997191
-6.72128729028037,-6.64524831447478
-3.6060491005831,4.5805488618863
9.80430551367471,-2.47551979694243
-5.83060316247275,5.18788395252351
10.2433800299711,3.60382876720552
-7.57938913506797,-2.68626584682341
-13.3474688927584,0.19721047010545
-5.63262800378134,-5.72447242412444
13.0510134299345,7.04467783298616
3.36364527540872,-7.91298570308562
-1.11743561429312,1.77512393322114
1.53165753679941,-2.00122191581603
-0.779127399151828,0.276332596207898
-4.96502212685874,2.88927851047639
7.46509643393228,-7.44254960689421
6.40707679587076,-4.14791264209624
2.89844079809854,-1.20195212039824
-6.12293295068076,-4.05640687618132
13.1752199729032,6.9618440660489
-5.14664272469809,4.03476295795564
-7.3058896462374,-2.72130527171965
4.98660322027871,-6.6114996877658
-6.04407648248008,2.31375942554597
6.23022456961343,0.0864485892308166
-13.5335765282564,-0.106503388022144
5.47048755484292,-4.11813082370635
-5.68764166039756,-5.35418691310759
1.84880216913888,-6.03912200603362
-5.35099653405478,4.91041431751375
-7.94163469476035,-4.8500513044345
11.301039179141,-0.0426937249648164
-7.47374109429648,-2.33870746765013
0.16535117226312,2.50037846889619
-5.39534525079062,2.51888881054048
2.60458286600778,-7.30541314754363
-6.20948414010337,1.78928766574983
6.74986739950845,-0.501589013372619
4.44883485632608,10.2400809320462
-5.86650900048545,4.43484840717439
5.67359920340249,-5.44682778987761
-5.70447210473349,-2.23483135375853
-6.35119442147544,-1.74531163844939
-4.3178673188143,8.66773138370637
7.03482194739053,-1.09356465015288
-5.09602121514609,3.70767793979768
4.11878200369546,10.2400361093533
-7.56516412896445,3.0054186376584
-4.51722053689292,3.6062999757779
7.81918283301065,-5.90894498500701
-3.52082304162314,2.5360148939145
6.42521949606607,-8.00657119426604
10.2189831336088,-2.82726134929534
-6.96358589333823,-5.6310252157199
-4.8064828316622,-2.25668277416106
-6.56891016167929,2.41889510479097
-0.688476959889438,3.39321575489167
2.21676011877725,-2.38130249652739
5.42009588080117,-6.8856433835971
2.44414742785165,-2.45749559078093
13.4709152777738,1.11048291053895
11.7715096076078,0.34896109428529
-5.56713823479941,4.69427833881501
3.24257369833658,-4.84684075984832
-3.53397039574912,4.76956043567781
-6.27938656014731,4.42470083561067
5.10773177939126,-8.49981298122283
5.77587552862832,-4.38646258983489
8.59913917380044,-5.90622081432219
-5.42628149194052,4.52280102100496
5.19804235296914,-7.13794364604827
-3.02032426995566,-1.30671753558989
-4.51779083413413,7.19322309818391
2.80531330900857,-8.18627681407805
-3.67943720025351,1.82337699260835
-4.75012783211997,2.64958296146516
0.270900209719632,-5.90688886318083
9.0978197653837,-0.348497221355398
-4.64997581643393,7.36581192340974
11.574759920413,-1.31761773500319
-5.82450679940512,5.37368498172883
-5.96752313775351,-5.72068395290251
-8.62161115807822,6.99545393314485
6.70789094763467,-7.17212428722258
-7.82266763848593,-5.84067334804412
12.8506922324247,0.213287809754651
-7.40698770684531,2.91117368068818
-6.67670492333701,-6.37675704631682
-1.44414953393271,12.8332387002957
-6.43304161233237,4.4018608125699
-5.76057676476767,5.06295500126008
2.42145641642282,-4.12148990306731
11.4211668570585,-1.09523536834594
0.174516578490232,-6.6235846487033
13.7722963889189,-0.0302256551730226
-7.33030847710898,2.85557351436738
-4.78489736718466,8.74293051090364
2.7057561476774,-0.981345316504199
10.4293503363676,-1.06454571161147
-4.63445333642295,6.82157860126619
-3.67868189019492,3.1318503412259
-5.37723735970786,-2.24466743144866
-0.283024231617953,1.97185025539521
12.7483343680448,5.93189106311921
-6.25517515343955,5.1216455492032
5.12515827017495,0.289723554517071
-2.32680658501914,1.31219969120149
2.08169766264627,-0.266580110524852
12.9711155493803,6.96373091068391
-6.39402250451377,2.27498016681794
2.27413078146646,-2.01603796157714
-6.70840887231162,-5.0796426740634
1.70806785422036,-4.62990560207244
-4.53433517617514,3.98867664661531
3.64687987166116,-7.83326139125701
0.157417555624936,12.4848156961453
-5.01389650506308,3.52848110523347
-5.15447668237021,4.92639456119661
0.0868620474881869,1.82306657161836
9.59361883001993,-0.984951814745624
-6.24427513284018,-2.03547360572692
-5.90553764504721,2.96655974712495
5.73381038504312,-0.462884603177268
-7.3286939064913,-2.51882710132476
2.31106372671792,-0.962496122454364
0.330303688818906,1.61314521160249
-6.43212083977988,-5.66339292201873
-6.13969711465171,-2.03715099964019
3.93057795363138,-5.04961194667693
5.73308940725992,-0.525875007842738
9.19662900763223,-0.781284740303714
-4.92184595269492,7.2670722993863
-5.43065933388999,-5.23606528911467
-6.94421819848349,3.43936477031831
5.21966739493081,-6.49912204418059
0.221567889029477,-5.55675305995818
12.8320831854887,6.54471121158723
-5.10667375726035,6.13780937519197
-2.32939914864829,2.71438083973054
3.66173191862771,-6.10353030834075
-2.66042379540732,3.8098288568509
-6.00653795403769,4.25589332904939
5.65688796835611,1.78932342853669
-6.13294176263144,5.59555778827791
0.835620445484613,-5.24030675563689
-6.92452816170981,-6.55382384929534
12.8144325812406,2.31049166050081
2.26030238466928,-2.47713889751311
6.62800689535806,-6.45236243877288
-6.05286268395713,5.49699983921174
-1.15817300481131,2.86513266887788
-5.68026117486289,2.609627822305
-7.4869895379,-6.33795632991667
13.4935078223295,2.47036514606599
-2.11766342324546,-2.03452851447936
1.98162897425363,-6.7656778303134
3.2952644427366,-7.71360244426604
-4.42438177270224,3.59758911457185
-5.63670400780966,2.32737813320283
-0.238280812924411,3.16745028820161
6.92220969992349,-1.01128097448226
-0.942286292737033,2.88568530407075
1.08084558444688,-5.55584087047454
2.16050322848031,-7.72941436443206
-2.75120023888877,6.29649744358186
12.2564596732206,0.0602450760853698
-2.76859454316428,6.7431489023221
10.5688519080229,2.5661297830594
5.49593301611612,-6.32501210842009
-3.54932121438315,2.40180788364534
10.8373293479032,3.07816753711824
0.0318640072889071,12.6710272821439
-0.134051779931094,1.6111885103238
-5.54381803674033,-2.32082452449675
6.09577222662637,-3.79156269702788
11.3012785513944,-0.0412652698504518
-5.9616513649874,5.6013647111905
2.82788177328775,-8.44115724239226
13.3203062613554,1.80173931446199
12.9851660330839,6.98769579258088
-5.4013953606539,7.84402189579133
-5.88334564370444,-5.93741120967742
-3.84231523675254,-2.347780963515
4.57501240568826,-3.62269463214751
2.38614590960214,-1.70573272380706
-6.02716497582724,4.81776199665193
2.96399708586404,-7.4121154752719
-3.8820352951937,0.46299485292558
-5.69734911126425,4.14138803806428
-4.40545896691611,2.73457227077607
6.8723444541044,-0.869775643681247
9.90905900793741,-2.32952084216948
4.98390336828897,-5.94745053920623
-6.756764928525,5.49135837879304
-4.93657211465171,6.82573042240266
2.41823991137216,-4.49191655788298
5.76522394018838,-4.19955839786406
12.0923418601103,2.39241848316316
-6.77509073418906,3.6861682924283
-5.860777894681,4.93488130893831
6.20061870413492,-4.75212182674285
-4.16785959405234,2.81253633823518
-6.35965828103354,-2.45647277507659
11.8616194327421,1.37854907837037
-3.52023176354697,4.70220671024446
-0.407670060818698,0.977077582742017
8.00689073401163,-6.35870303783293
-3.87235931557944,8.3424798044217
1.88508220511148,-3.44740905437346
-4.07238678139975,4.78501949634675
-3.63097814721396,-2.33425678882476
-3.31213335198691,-0.115103235577304
-6.23354963464072,3.35592065181855
-6.28775076073935,5.76835213031892
-5.85563472909262,5.86682615604524
10.698240717227,-0.221774270867069
-2.26646165055564,0.419127324487012
5.88343425589273,-0.378624301978458
5.58365484076211,-5.92252959880706
-3.5838060776644,6.67280588474397
12.8765043814726,2.36868558254365
0.651418899471257,-7.28445996913787
2.12827475863168,-1.949338933562
-5.88608650368979,-2.26670088443633
-0.975871602719333,3.00990352954988
-8.0292725960665,5.96201048221711
-6.02863268060019,4.45397768345002
2.92224570112893,-1.56164672050353
-5.92279247445395,4.93170223560457
9.41866918402383,-0.87340434465285
-7.08010009927085,-5.80457629833098
-5.40920023125937,-5.77196254405852
2.30734225111673,-0.857223680351932
-6.25053075951865,2.55543408718232
3.57490750151346,-5.44652928981658
-5.83378605050376,3.42826066341523
-13.2432179848604,0.0593323501599242
5.9384049971647,-7.02025928172942
11.3995413382597,0.00364915456895132
-2.98078278703025,-1.02953310880538
-5.65539936227133,4.9496255907071
2.34362896280954,-6.36541881236907
5.29999299841592,0.0309594067585875
11.7668480475492,0.288864711190503
-7.74320558709433,-2.12338485393401
3.91364951925943,-8.18829955730315
-6.6073861519747,-2.48062123927947
-4.72027544183066,5.54316292133455
-0.374244968121554,0.742638567353528
-3.2102127472811,-0.515945797895152
-6.99716381234458,-5.7430571523654
-4.70100454491904,3.02722964611177
-5.27181247872641,7.44334993686799
-6.51904539269736,4.01000128116731
-0.342903415387179,1.81565795269136
3.32908006506631,-4.02223839435454
5.60529895621011,-3.95615853938933
-6.39682869118979,3.06275425281648
-6.30627922219565,3.85187826480989
-0.122520844166781,2.23274097767
10.6253075202055,-1.15668972406264
2.8656408389158,-0.306727750335891
1.75404449301431,-1.97259523544188
-6.80725959939292,-5.07773770961638
-6.44305805367758,4.11415443744783
10.0566210349149,-1.86988975677367
-4.2608924309664,5.83922300663118
8.89313360052774,1.99635682430391
6.041086633975,-6.49426211986418
-3.80187706155112,5.30118332233552
-8.02574686211875,-5.82105197582122
3.15585180121133,-4.7937711683261
-7.21618704003623,5.16363487568025
-2.46263770264914,-1.547314664458
13.5358233054228,1.67973242130403
-13.7291722695284,-0.0890220311629365
-4.92149500054648,-2.95171060237761
0.165222307021115,1.47001109447603
2.66689821081826,-3.37928380641814
-5.2325311104708,7.86118803348665
-5.39961055917075,5.82503233280305
12.0249390204496,2.34285483684663
-5.00990823907187,7.43792066898469
-6.40195469064048,3.90620336856965
12.7191137869901,-0.296961782609184
-4.6802416245394,-1.68333902034636
-7.58329538506797,-1.70726265582915
13.626909693057,-0.392793281112869
3.85012598829934,10.5813666376126
-2.09870533150962,-1.21242966327544
-4.81830028695395,5.38342104282502
-6.64606241387656,0.810244420434277
2.40457888441751,-1.54495467815276
11.3855566580839,-0.320272224132974
3.68075700598428,10.6897116693509
2.54832049208352,-6.1904505697238
5.26510902243326,-5.22263230953093
-0.338506619160678,3.41885814991121
-4.85379985970786,5.41062078800325
5.91236873465249,-0.784356644486148
9.18873258429239,-4.37071051273223
-5.66739706200888,3.84265051212434
-4.61442617577841,5.16075811710481
-5.71219114465049,2.89600262966279
12.968522508914,1.76639566745881
-4.38791803521445,2.47852692928437
5.01094528036783,-4.01547374400969
-3.96862510842612,3.15091762867097
-0.0613317887239713,13.477436164285
2.89493819075296,-7.78091420802947
11.9670471747465,-0.218335798119266
-0.207001129811313,13.3072367700589
-5.3914757172518,3.94185695972566
11.7459635336942,1.63673816051606
-7.39572099847129,3.16945634212617
-5.27036956948569,4.81516275730256
0.786652031639908,-6.29245795879241
-2.16175059480002,-1.03881158504363
-5.70341543359091,3.04855785694246
-7.85905603570273,-6.16531600627776
11.8039488394804,-0.205710357164104
13.1823534567899,1.67349896755342
-0.395186106389071,0.510419526959698
9.1063417990751,-1.68249680671569
-3.43577102822592,2.93609199848298
2.53384991484353,-2.1958753076541
-6.39019064111045,6.03592119541292
2.04433687525461,-6.21541394863005
13.4670033057279,1.30903969135408
-7.40520910424521,6.21253691043977
-5.7964377800875,5.22987757053499
2.80122204619119,-7.81493749294158
11.6270660956449,1.03221748199586
6.73978610830972,-5.72004260692473
-0.317093888943698,2.19931922283296
7.23212047415445,-7.04553975734587
-9.98536161584189,3.65941486683015
3.80386920767495,-5.4637340513217
-5.5285606781893,-2.05744518909331
-5.03784469765952,8.72270880069856
-4.3934722344332,8.44394502964143
9.45622678595254,-2.37959589633818
-7.43860868615439,-2.51070727977629
6.89387365179727,-6.94500054988738
5.92673202353189,-0.654356291626651
-7.37929109734824,2.77747831668977
-6.76301769418051,-6.13397826824065
-0.825255076115634,3.43153367366914
-6.38039974374106,2.49593720760469
-0.848961869900729,1.84317813243989
-2.73704103631308,4.06038198795442
-4.34962991875937,4.47475395527009
0.199950476462339,-6.07927121791716
4.82241817312906,-3.9745675531375
1.92278667288492,-1.50357868347045
-4.49241213006308,8.20991335239534
2.96827503042886,-7.23040427837249
-6.01089147729209,-4.26148881587859
5.61325832205484,0.31584707822923
-5.2255411545687,3.89169941272859
-0.774786869709994,1.110879400636
-6.18563274545005,-4.14150132808562
-7.21183065575888,-2.49419130954619
-5.59174493951133,2.83939419117097
11.6954245169706,-1.35644592914458
5.98416944342325,-6.59064378414031
-2.31713012856772,-0.0713091996657441
7.80374856787393,-6.76285400066252
1.11386265354822,-6.42844857845183
-0.864774266903903,3.35292826023225
-2.54599646729758,0.0157712492001464
-6.45005659264853,6.05467329349641
-0.38254944485953,0.938250997926037
2.08605905371377,-5.24965705547209
-5.01453499001792,2.95273385372285
-5.93909315270713,2.5727215799344
-4.72724918526938,-3.08532514247771
-5.3364015023165,3.44063029613618
-1.2855768601351,-0.0937743094908784
11.2576431830473,-0.406550906707604
6.24444480734536,-7.30531062755461
13.5736240943022,-0.335434189175327
11.2099432547636,-1.06650241289016
1.80487044649789,-4.69936456355925
11.6446632941313,-1.54883339080687
-2.70131520432761,0.900585630799573
-9.1066766182833,6.82436762180452
11.4640011389799,0.0140685829174926
0.160959859663938,2.34210262622957
-3.51772169274619,-0.685663839911182
1.61422904329965,-0.822830012177188
-6.64828113717368,4.62713203754548
2.62918909388253,-4.66700925502654
0.32071547704408,-5.30189838085051
-7.35584310693076,3.08329735126619
-5.8395228783541,3.49045167293672
1.70065160589883,-1.1579907742488
-7.49139074487021,5.85343895282869
-5.96549276513388,5.2613373788846
-4.70044902962973,4.77214966144685
-6.37567524117758,2.0321942361844
-2.84735612077048,-1.10075237426635
13.0659393866606,7.15388164844636
-3.3532004754,6.33367262210969
0.795462211879287,-7.20681514415618
2.31244178610513,-1.52018227252837
-7.02606014413169,-0.72677417669173
-7.66060117883017,-2.38565673503752
-5.27732805413535,2.62558803882722
-5.7672949234896,-3.97885384235259
-4.55966953439048,4.71221313800935
-2.30243639153769,-1.54221596393462
11.3458542426176,-1.16528864774581
11.4320969183988,2.54326258030061
-5.46732525033286,4.6132226976407
-7.12861351174643,-2.51366319332
-1.23307398957541,2.57698641147737
4.17922111349771,-8.48697366390105
-5.2445521752291,5.12525663700227
-5.34066013497641,5.32888279285554
2.65558083849618,-4.33741917285796
-7.07127670449546,-5.34746398601409
-6.5662017266207,6.0570908578885
-2.80028728646567,1.17829940643434
6.89596982794473,-0.873670091961582
-4.16168216866782,-0.995601138209064
8.29927202063272,-1.47408177528258
12.4988197882719,-0.419247293953855
-8.54800275964072,-4.96859445247527
13.2649054129667,2.63265881862764
-5.79610494775107,5.43043718662385
-0.919971505826022,3.36443910923127
-8.38855795068076,-5.64443435344573
-0.474543015187289,1.10853860702638
12.279066522891,3.10933075275544
10.391919573123,3.46813545551423
10.4744553168363,-0.847361585234363
0.105691452795957,2.86962638225679
12.1867985327787,-0.217220669721324
-0.678186456387545,2.96051655140046
-5.86433128518393,4.64249143924836
2.32157619791696,-8.49143209133025
-4.34445003670981,4.56331405964021
-5.9496393601351,-6.31702460918303
2.8818864424772,-8.04425229701873
-6.27072910470298,4.93319664325837
-5.4963045517855,2.24546275463228
-6.79534963769248,-2.53638257655974
-7.12059215707114,-5.48542298946257
-3.86224178475669,0.324962893391888
8.91702886419961,1.98634133663301
-0.255678216641452,13.6808692010892
-4.55015567941001,3.65212974872712
-5.57963947457602,1.84269414272432
10.6427473624296,3.02201781597261
1.04700805741021,-6.7228630987155
5.3529238303251,-3.97549380931731
0.688859683746789,-6.92904700908538
2.94230004149148,-2.19902159843322
9.85515638189981,-1.43802203807708
-3.65272001427939,-0.863840988014896
-2.5833087365084,0.736274937058728
5.40418382483194,-3.70046462688323
2.07706292467782,-7.66066493663665
-6.19128851098349,5.7472034486783
13.0440134604521,6.86724195804719
-3.80655864877036,0.329287448788922
-5.16618971032431,6.966712096597
-4.42173341912558,-1.03240199956771
-2.91501120728781,-0.949955245588977
13.7847523291654,-0.061034759615619
6.51069589453409,-4.01745571765776
-0.0118273298197049,-6.08997049007292
10.7183069785185,-0.497249921892841
-6.26079420251181,-2.29167248878356
4.09758706885049,-4.26184882793303
11.7248091300077,0.199224928284924
-5.78119091195395,4.45682010975007
1.65262808399865,-5.82672729167815
6.4835128386564,-7.01218356761809
0.863544033194278,-4.65188159618254
-6.65064911050132,2.38540897693757
5.1351298888273,-6.70512904796477
5.91953559714029,-6.48282756481047
-0.778669039433505,1.71184501972322
12.9282421668119,6.74556598987703
4.22688504057596,-7.31464376125212
-7.13211683434775,-6.47230806026335
-7.65205339593222,-6.42767371806975
12.1031813223905,0.0102334114563872
8.73588558035562,-0.514008959864337
8.79766984778116,-0.0622717050063203
11.6853355963773,0.540284076596539
-8.80940393609336,6.76159582462434
0.340803613240216,-6.75097407970305
2.59485371905038,-3.35131826076384
4.18660326796243,10.3222847970975
-4.11526874703696,-0.490966146920879
10.0605845053739,-0.754289230440814
5.29260536032388,-5.26131333980437
-3.32561449212363,-1.3687178102481
11.2494215567655,-0.075213750933368
-0.554691116040255,13.5255089792264
-1.02559951943686,0.0879031213772704
-7.255713025754,2.21169100132112
5.38142534094522,-8.46532334957
-7.33592847985556,3.80141029682283
-5.51433710259726,-4.21284093532439
-3.75866798562339,4.74242363300447
-6.17377094430258,3.74133692112092
-0.124008039658572,-6.14687480602141
9.67883916693399,3.11324963894014
-6.18868259591391,5.60926781025056
-5.41400007409384,-5.82538022670623
1.41059835749337,-2.23372568759795
5.69545408087442,-7.89463510188933
-0.550265709584262,3.52273593273286
-5.81689552468589,5.87656460132722
1.73760523396203,-6.23321141872283
3.21927448111245,-1.28155465993758
4.4232158263273,-3.78934850368376
12.6966271002836,-1.16022153768416
-7.00671724480918,3.56844697322969
0.30858858423898,-5.36093988094207
-7.16319469613364,3.42090354290132
-7.91689161462119,-5.20906438503142
0.357226272398923,-6.71771468791838
-6.5115199486666,4.72518883075837
4.66058750944803,-3.56849469814177
-0.265765110676791,2.92954073276643
1.04210094111631,-6.77448072109099
3.7399301131315,-8.25448646221038
12.0378889639921,0.417787054444592
11.5502180655546,0.971043685342114
-6.83255485696128,-2.75649156246062
7.82426544027993,-1.49026384029265
3.33069058256814,-4.8175052610385
-5.63254074258139,4.96615515079622
-4.79231266183188,-3.24836077365752
0.0516526897496921,12.5617857965482
1.07200088101098,-5.63618030223723
9.40096898871133,-2.49228968295928
1.48640855150888,-3.92705239925261
-8.3551478783541,-5.34943666133757
-2.76966027421286,-1.84514929923888
-8.71545175713828,7.1265750917447
-3.75624994439414,-0.804743310545642
-0.381377975171115,2.20929179515962
-6.30670742196372,2.39429793682222
-6.24877361459067,4.39890442218904
-2.17314342660239,-1.41503133449431
-6.45006851357749,1.42244229641084
10.6656536658354,3.0534127744687
6.19444223242471,-6.03061904582854
-3.42550424737265,-0.740600517128665
-6.65790323418906,2.84503732051973
-4.13322166604331,8.36795053806428
12.9142994483061,0.08272586193208
4.47681303816507,-4.56412830028411
5.88751788931558,-6.14781751308318
-3.21619848412802,-2.30080403957244
-5.66513780755332,3.09374294605378
8.92665811377237,-0.115100791786868
0.099168320471738,12.575484374429
0.71905749785373,-5.07565631542082
3.0184261401243,-6.76563777599211
1.62767990427682,-2.0393321720111
-8.47054723901084,6.98780689563875
6.07127042608926,-3.95389904651519
3.28260656195352,-5.43996181163665
11.8729204733915,6.36569700565461
-0.773624936764743,13.460704902078
3.00775047140786,-0.660827776526172
-7.03403715295127,2.47092876758699
-5.06489137810996,4.61087999668245
5.69799896078775,-3.80314983997222
-7.53511385125449,-2.61227717075225
1.04058671491811,-1.37460359010573
-0.783456007664706,3.18892917957429
12.6667952139921,2.55447731342439
1.45159037905404,-0.675378074978549
-7.05127290887168,-2.70931400928374
-5.17376665276816,7.86169061985139
-3.3402872483187,-0.397439738844592
-2.58797911805442,1.14957175579194
-7.5343881050997,-2.5315915552127
-6.05081371468833,-4.69418849620696
-4.25163988274863,8.26814661350373
-1.78959635896018,-1.8708317485797
-6.10739902657798,-6.09743585262175
7.06395049887368,-7.20955505046721
2.22419246035287,-0.341745929901559
1.56489475565622,-5.69748773250457
10.2644171317167,-0.612136816714961
-2.7697773377352,4.01802454319124
-6.64198974770835,5.8748832735074
5.48393054800699,-4.70063581142302
-3.77644542855551,-1.0521386471736
6.08991094427774,-7.90668096217986
-4.700865785306,4.45627270069246
2.55103655653665,-4.26958384189482
-4.42720989388755,2.49948988285188
-5.31325296563437,-3.71302499446746
6.87874503927896,-7.13848294887419
-3.60922054452231,-0.557569479678829
2.17089327173898,-6.01168193492766
-0.0761343042307157,13.3745709451688
2.9117195208616,-8.2324770894992
5.18262859183023,-0.367439064306278
-3.39793829125693,2.86884174671296
6.4671554167814,-3.83673753414031
-1.42151168984702,12.8640633615506
8.55279012518594,-0.289377359782417
0.465033342415784,-5.84297027263518
-4.25268367928794,8.10101518955354
13.0752195914335,6.92483387317781
-6.86740545434287,-5.99777927074309
1.79162957268426,-6.62964429530974
-0.476914445584323,0.526682535077374
-8.64396814507773,6.84699449863557
2.14312096434305,-2.41005553874846
-5.49501566094687,6.28526983585481
-0.468737165158297,0.392436602975171
-13.2638545433932,-0.113143792484958
-6.70364479226401,4.06926975574617
-4.44337181252768,3.3108054193509
-4.25396255654624,8.54591188755159
1.94456072645852,-1.44165661010619
-5.42773822945883,-5.69211473140593
-4.64655546349814,5.9723158868802
-7.78535989922812,-5.21082248363372
-3.28263096017173,4.12021217670564
-6.47101024789145,2.43740759220247
-5.70348076028159,5.67409572925691
3.10903282957742,-5.29044809017058
2.85113235312173,-6.68785323772307
-6.42716221017173,-5.65691747341033
6.01543184118936,-0.483573844765384
-6.50340227288535,-6.13557662639495
-7.07145408791831,-2.17835118446227
9.37446161108682,8.99815378513459
-6.96602348489096,-5.17478742275115
-1.39101294678977,-0.252672484253604
5.88989873724649,-4.70386066112395
5.50582404928872,-7.32725181255217
-5.56948904198935,5.80990753498201
5.34693427878091,-5.968590637778
-7.32647375268271,-6.14114513072844
6.00534911947915,1.36319408741121
9.44874807196329,-0.793595126007755
4.09433027105996,-7.92237367305632
-5.82912162942221,5.34348974552278
-5.16054586571982,3.34362826671724
6.3032788832731,-3.71828593883391
-6.24762300652793,5.16015873279695
2.60826714831064,-4.38659038219329
11.8968290885038,-0.982157072161395
-2.6670580307894,3.96603927936677
2.7223006089277,-7.42119922313567
8.78202052908609,-0.286526983712871
2.66474314528177,-4.96105565700408
9.48254056769082,-2.3435975519168
5.84224792319009,-7.96552648219939
4.06446095305154,-8.23373355541106
0.778544285619948,-7.38723554286833
-7.71328310174277,-5.76033916149016
13.7246889670439,1.28545651760225
1.96237738924691,-3.33260645542022
5.00192161398599,-5.01421537074919
-6.48649267358115,6.04119215335969
-8.22805360955527,-5.25981797847624
-3.84538702172568,-0.564524000619609
0.357230832154248,-7.01536597881194
-0.664295474713351,2.4453760179532
0.0704597433156711,2.6705900224698
-6.82022146386435,3.43911538448457
7.14080806570718,-0.87631030950423
7.98227210837076,-6.20871677074309
10.9059538443632,-1.33637293252822
-2.06737283868125,-1.62787618312712
-0.0349043409281034,1.85879288044099
-0.362390557950045,2.73665080394868
-5.24223570031455,7.69328413334016
6.42429490881631,-7.72103871974822
-8.23637060326865,-5.93289508495207
-7.39254335564902,-1.39347948703643
-0.686689655011203,2.81735811557893
12.2621807654447,-0.633676609133441
4.50077863531778,9.95250521030549
-5.70710615319541,-2.05837001476165
12.7469391425199,-0.143281569813449
5.73701902228067,-4.34746112499114
-2.83081678551963,-1.72315611514922
-6.07728866738608,4.67372427311067
3.94462652998636,-8.31543340358611
-6.07210497063925,4.81095323886995
-6.83239988488486,-2.46797027263518
-2.40157488984397,0.648044327164929
4.35780950384805,-8.42521943721648
8.89786954718301,2.00105390873079
-0.966535965626742,1.20602975216035
4.54660125570962,-3.58933939609404
-4.72261480492881,4.88539657917146
5.33468051748941,-3.72699370059844
-9.71179823083212,3.37126169529084
13.1129860480375,2.11210642185334
12.1327995856352,-0.407602215294797
9.8749432166166,-1.01707216176863
-3.91066316766074,-1.29678138170119
11.7330259879179,0.153248110677045
9.66052575903604,-3.40069117221709
3.24307843046853,-2.35983481082793
-0.571685711567904,0.965321520234387
0.110122819716428,12.6147786172879
1.60267909365365,-4.37793507251616
9.49076219397256,-0.952370545004566
5.01784034567544,0.502417186166089
-4.72658304375937,3.93359432544832
12.9591612418241,6.89333305683259
-4.15685276192954,6.52867946949128
1.49672683077524,-6.0617507902133
-5.71891788644126,4.64914284076814
-0.610310832684543,3.51874742832307
2.06801040964792,-1.51837613258239
-5.56063799065879,6.94226799335603
-5.7692685524874,-1.969398399924
2.52559574442575,-4.73944034252043
4.88765474157998,-5.28536739024993
-5.94550232095053,3.32048187580232
-5.63426546258261,1.93582330074434
-2.49915222329428,0.672083595658581
13.5054001410551,1.13454792823915
5.87763019400308,-4.5241497961032
-13.5200333992892,-0.102089664076526
-4.37283996743491,-2.38838257465239
-8.48900465173056,7.05350647297029
1.89451547461221,-0.441411452476938
-0.906591932004001,1.14270840015535
-2.3825748364382,1.05793187942628
-3.86410526437094,-1.16921164665099
-7.51853708428672,6.04389677372102
-4.71984724206259,7.73830423679475
-4.22377113503745,2.69905219402437
11.1716827948637,1.55030045833711
-7.46294454736045,4.93890533771638
-2.92333678407004,-0.0513042119490693
10.1684469779081,-2.9558166471469
2.79030617075631,-5.74236526164885
11.513685663516,-0.656775316332538
6.53769918280313,-6.6947230306613
2.02745397883127,-1.96097876701232
-6.98786119622519,-1.87532629642363
2.23974319296548,-4.14097537670012
-6.65973428887656,-2.53036274585601
-3.82687334222129,3.89310846653108
-4.31179050607016,5.8027602228177
-6.82511428994467,2.09817967739228
11.2911419470854,0.334857264424603
-3.01641921204856,-1.40495648059722
-3.03868750733664,2.96981273021821
12.9784502585478,7.19752369251375
-0.479378620808627,0.433880010510724
6.41825624304483,-5.74448146495696
3.52397962408731,-8.57260408077117
-5.89461235207846,2.346848109628
-4.95640424889853,3.53779182758455
-0.180521647160556,12.9321232828153
7.0518550475187,-0.894345661734302
6.07780404883096,1.45972476329927
5.69641967611978,-4.0536052194583
4.21273966627786,-8.78790845546599
6.31889053183267,-6.41532268199797
-6.67292122048667,-5.64116992626067
13.2503609259672,1.30594168033723
7.71428533392617,-6.71854247722502
12.1392454703398,-0.0550645795809815
7.48207183676431,-7.00646819743987
2.03325541811654,-5.26128425273772
-4.40664772195151,-1.20573361787673
-7.17801193398764,-1.37177618417617
3.17807551222513,-8.62630357417937
12.1098160346098,6.47499046650056
-7.29314188165,-2.35077132854338
-3.5610108773165,2.35936365451936
8.55588384466836,-2.83263721141692
-0.658232728665378,0.484935978318494
-5.60846475762656,3.34576592769746
-7.39457182092002,-2.21803941402312
2.30925544100473,-6.64306869182463
-6.35974458855918,-5.73105754527922
4.57131501036355,-3.48451842937346
-0.422840992634799,1.02415750351075
-1.25616530579856,1.86591229763154
4.66811152296731,-6.20437087688323
-0.749027172749545,13.435929397012
2.37171395617196,-8.22353257808562
5.31861778097818,-7.4937314001071
-5.84331134957602,4.21654424991731
-3.66905931634238,2.94676289882783
-6.88995412987998,5.62210855808381
-6.732923547452,2.82009826030854
-6.12264970940879,5.46249542560701
4.77110906439492,-8.20430936488982
-1.38924054307273,-1.31619360122557
-4.76612857980063,3.26313743915681
10.9340614874906,-0.247043883537013
-6.34736494225791,4.43743143406038
-5.23189071816733,4.2207609209073
-2.72862700623801,-1.60664155158873
3.89326663809488,10.3784209283841
4.3139457305021,10.4601145776761
-6.75129083794883,-0.116394093369205
0.428590108925794,-5.86283864650603
-4.856956044858,7.60562763538484
5.83067365484903,-8.05912198696013
-4.83422283334067,4.79300461139802
3.80812736349771,10.6757088693631
-7.75030569237998,6.5264831575406
-3.16258196038535,2.43063769664888
1.38747986155221,-1.20120569143172
13.0077013571806,1.56119499530916
-0.252258698170688,3.10375414219026
-5.34415630502036,5.77863226261262
-5.49947456521323,2.23371944751863
3.71374984579751,-6.12120809230681
-7.74351839227011,-2.452064415549
9.90928216772745,-3.2304920164096
5.81241460638711,-5.19217910442229
-3.73965505761435,-1.23611732396956
13.1785063345976,2.37944803562288
-8.08674005669882,-5.86581411037322
-8.13693575066855,6.68696604099397
7.2173938353605,-4.64506091747161
-2.1785703102999,0.400338986779492
-5.49899391335776,5.92265758838777
0.0984387596196872,-6.45895757350798
1.37352999048898,-5.00698365840789
-0.0190741817407865,1.86662040081147
13.3023132880277,0.926465729142468
-0.106723348324801,-5.97429837856169
10.5147718985624,2.47328052845124
-7.28964571160605,-6.35978021297332
4.76659079390237,-3.9567817655551
4.10264130430887,-4.24903263721343
-5.59387878579428,5.44919357624177
-5.45457843941977,4.77834949817781
-6.85399917763999,2.53680787410859
-6.22191242379477,4.68923101749543
2.28459842997262,-6.30472411785002
-0.0881758133821744,1.6093677076352
5.70905013876626,-4.17254557285186
9.2135719855375,-0.75003393564101
-4.33415559930136,-1.39611222419615
4.1322788794584,10.3991805109036
5.4826058943815,-0.2370257136571
1.80297329025934,-0.347547261153419
-6.44443086785605,4.93357715931062
-6.75503114861777,4.70855913486604
9.60309644537637,-1.06696607742186
-4.77019743127158,5.21116743412141
2.00463791685769,-0.498368984197337
-7.8379359642916,-4.65185060176726
-4.95425943536093,7.12070141162996
13.3577036459989,1.3306811841977
-6.31641248864463,3.76699791278962
2.4201331933088,-7.22490825328704
-3.70486120385459,-0.809522559975345
-0.812725583737399,13.8072453531278
-1.1278164784365,2.63829551067476
-7.22060159844687,3.58712039318208
-3.80555395287802,2.7859157117856
-7.02437309426596,-2.63853206310149
0.0437329609937411,-6.04392137203093
-5.31480459374716,5.38647327747468
-6.73190454644492,-6.29421558055754
13.2787527640409,0.923720816041272
5.37878986197183,-8.01039304408904
2.75794668989847,-1.45839371356841
0.014720876986478,1.65175328579072
0.134804805094693,12.5777474435819
5.69341607886026,-8.13856401119109
2.83483906584451,-6.37227573070403
-8.45976118249228,7.06279526081209
-5.43726734322837,3.1383372339261
2.16738160448739,-1.48750188026305
-6.15263227624228,-2.45731868419524
3.48183723288247,-8.61535253200408
11.4289011557646,-0.00779565248366099
5.15092178183267,-0.126546224688251
0.628622134501432,-6.42037000331755
2.13588424521158,-1.7547360864627
-6.1050725380831,4.7427221330655
0.563694169098828,-5.64901818904753
8.89151330786416,9.06639967289094
6.46094270544717,-7.82071151409026
10.448783357913,-0.863051166866977
-6.1829009453707,-4.15971722278472
5.86140819388101,-5.50739898357268
11.5843405325956,1.74517593708162
-3.83183483285239,2.68505916919832
4.86747928457925,-8.24688710842009
-6.3675761620455,-1.49492671165343
2.41099353628824,-7.75307407054778
-5.46741108102133,6.37746010151033
-2.65551809472373,6.36997280445222
-6.2846002976351,-2.6723898855197
-7.34079984826377,-6.40802135143157
-6.11577657861045,-6.44773616466399
3.12568231421182,-5.10964383754607
-6.97028164071372,4.67974481907014
5.48012061911294,-7.75244321498748
1.30351464944551,-5.49044408473845
-5.93905595940879,5.28338156070833
3.14848109083841,-0.797110131119449
-4.90994218987754,-3.16584744129058
-5.66850284737876,-2.25952019367095
-0.0362735192232388,-6.55527724895354
2.17113562422464,-7.58006086025115
1.50356771546075,-4.55874910030242
-2.53501896066001,-1.36135943803664
-1.09932939214041,0.243922034169476
-6.76954797906211,-0.419715354328115
2.35866471129129,11.3141556772244
5.66036792593667,-6.08219995174285
-5.99725059670737,3.77561865177278
3.35409708815286,-8.2915567365634
-0.677334229176547,0.66358671512727
5.26966806250284,-7.57950391445037
-6.33686975640586,0.541254559422772
4.99860664206216,-5.1111654249179
-4.8697004715853,6.59742985096101
-4.59268669289878,-3.12568702373381
-5.70366624993613,4.92920408573274
-0.474554936116244,0.736147859956067
-0.00394497317602815,-6.66327943477507
-4.45634321374228,-2.45985259685393
-6.89351991814902,-5.49654616985198
-6.31425575417807,3.87544880237703
3.5964541037626,-8.47713365230437
6.21458717184732,-5.00729407939788
1.99658199148843,-5.45040025386687
-4.79070905846884,-3.29217948589202
13.7451433737821,-0.213757863377292
0.873836596781705,-6.0459250417697
-7.89846948785117,-5.54436959895964
-7.13645748299887,2.75491700496797
-3.96295169991782,0.505360225106518
-6.35833028954795,-6.53647460613127
-0.731995860760714,13.7565403970731
-5.02258876961997,8.79569444980745
-6.9621224800997,5.88148556079988
3.16254397230813,-4.11832489642974
-6.27209190530112,2.98341141071443
-6.73643354577353,-0.0236277488219331
6.96272559958169,-4.43419494304534
0.222871740633939,-6.14598645839568
2.85420866804788,-4.57385244045134
-4.29314474267295,8.18902216282014
5.33272262411783,-7.67950906429167
11.1372017462797,2.21162400570039
11.4633307059355,-0.978224834536273
-6.28169254464438,-6.45465697917815
-5.23028902215293,-3.56406988773223
-2.91881517571738,6.82074556675081
12.1827025015898,1.87382278766755
3.43592806654641,-3.45003809604522
-6.65994648141196,1.80805859890107
-5.5979342858248,5.33240709629182
-2.64622573060324,0.660746434594433
11.8581852515287,6.37551889743928
-0.684224526112582,2.90144238796357
-5.73600868386557,4.09210024204377
-7.41516260308554,-6.46080484065886
4.92755170660684,-8.38965215358611
4.26180930929849,10.2698832544339
-7.28843454522422,3.48295507755403
11.2892422278471,-1.51056840095397
8.93180795508096,-0.653309961889942
-6.61519912881186,-2.32787635002013
3.84095211821267,-6.18884124431487
2.47621568041513,-5.99050035152312
-4.86064819497397,5.7401553186429
-4.77889923257163,8.75759325351838
4.70565362768838,-4.53470458660002
-6.35548309487632,-4.58880986842986
-7.29248098534873,-2.59325613651152
-4.49920992059043,-0.125495871638019
-4.68839744729331,5.88162527408723
2.51577111082742,-4.49194516811248
-5.76307062310508,2.65682397213105
-3.74576381844809,-0.79546069178458
13.1824402411527,1.15664563503389
-2.53933791322043,1.26794216957216
-6.71782974404624,-0.604938319061954
4.25493021803567,-5.88608207378264
-4.40685371560385,7.77311334934358
-4.9546089569979,8.10558615055207
3.4100105364866,-0.828524848555286
-0.0393118063860196,-6.05584182414885
-4.50020937127402,4.4170819314969
0.474696000391934,-5.89887132320281
-7.18124870461753,4.3703027757657
4.18044896918008,-8.45510854396697
2.56808455782602,-2.58299889240142
-6.31842855614951,4.48167667713289
0.502071728283856,-6.35557021770354
-6.23381141824057,3.88887987461213
-7.05538229150107,-1.65405001315947
-6.91758112115195,4.9970232042325
7.39387794333169,-6.58560123119231
-0.7205887238436,12.5551892313016
1.74459924297998,-5.39838781032439
6.21221586065957,-4.4709419218051
2.51230843859384,-4.37683548602935
-6.25266937417319,4.84382543888215
-2.83705691499045,1.36562941398744
-3.45509819192221,2.90448866214875
2.25520034628579,-6.19471873912688
3.0562176306791,-1.43715753230925
-7.57864240807822,-6.3695186582553
4.38925119238565,-7.92666902217742
-4.71520427865317,4.83618460025911
3.01961274939248,-4.98361005458708
-1.04679218930533,1.98955164280061
13.7776569922514,-0.140188550685603
1.99152119951913,-1.88985469016906
2.20658715563485,-8.26344957027312
0.198235173994992,-5.57428493175383
-0.646518270199801,2.85852680530671
-7.06326822442343,3.54121170368318
-0.237654010479953,1.67486915912751
5.3231124480314,-6.4186810461032
-7.08357862633994,-2.22349693450804
-6.77487758797934,4.57434473362092
-7.31258443993857,3.76512108173494
0.929130708152745,-6.96954621944304
6.98328634100625,-0.825992306803424
3.68764801817605,-4.85145320567961
-5.80727295083335,1.91907391872529
-0.464254538243319,0.492388108636182
-6.05516199273398,-6.0443061796176
6.66417213278482,0.410909036065381
2.94897981482217,-0.124028226469714
2.44967683153817,-1.78785218868132
-4.63532690209677,7.44010124530916
-6.6888618866854,-2.30582441959258
3.28630348044107,-6.50276984844084
9.05065484839151,-0.560498600934703
-7.38916448754599,-2.39660896930571
-4.46416715783408,7.95885382022981
1.44095530110071,-7.5980981794345
10.2462801535673,-2.81507315311309
-5.18033413094809,6.08967409458284
11.2036976416654,0.0711049827588012
5.58725639181802,-4.49849071178313
2.77390428381631,-3.20744099292632
6.35189147787759,1.01796160068635
-5.06284670037558,7.92763147678499
4.21976514654825,-6.42551459941741
-8.27822546166709,6.96821031894807
-7.33199457330039,-2.2296328750598
-6.50937799615195,3.79778108921174
-6.44431213540366,2.19798026409272
0.522788455063794,-5.83493175182219
-6.16256479424765,4.70442924823884
8.30506130057046,-3.7174281087863
-7.68932108086875,-4.87448444042082
6.17443319159219,1.31043002929811
-6.75052599114707,-5.90782870921965
8.63963981466958,-0.0128331688391755
-0.752768913929965,0.676275471116345
-3.86266187829306,5.5399256738675
1.84466906386087,-7.88291158351775
3.49264570074746,-5.12945260677214
1.89456053572366,-0.0466128495680879
-0.478397289937045,1.18891058292512
10.2356962760038,2.10888610210542
0.941245113784764,-7.60136975917693
1.48498823242853,-3.50911941203948
-3.77780918282798,2.26840315189485
-8.33252672356894,-5.62984838161345
1.0833309491224,-4.40166272792693
6.02358814078042,-5.08735789928313
1.99365504580209,-2.42503037128325
-4.29242281121543,5.6414004358304
5.2959284384794,0.030301043654721
6.67871614294717,-6.74187793407317
-6.52242378396323,3.34765992488984
3.9202005465574,-7.83016147289153
3.31515904265115,-8.26345767650481
-4.98046211404135,7.40915356006746
13.3945641120023,2.34432397213105
5.04548450308511,-5.40461721095916
2.38374634581277,-7.81228770885344
8.81161065893838,9.06684694614534
5.14474483328531,0.463820675278943
2.31667669611642,-2.05543341312285
-7.26020483178427,-2.30017294559355
1.5911503632612,-6.01125325832244
-3.04555753869345,4.12858496036653
-8.57496503991416,-4.93475474986907
12.7294172843046,2.36103639927034
-6.91146282357505,4.11052999820833
6.15896220999429,-4.12200894031401
5.38978143530557,-0.193260660504062
-0.291365901654269,0.620825985337537
2.9856929381437,-4.84783353481169
11.7528147299833,6.29681406345491
7.06188102560708,-0.669380894039829
2.01464160280893,0.0859838220131804
7.46268888312051,-5.83067025813933
0.289055724913571,1.6177096160901
1.79194947081277,-3.70294298801299
6.25894208746621,-4.44862975749846
9.44585176306436,-0.85799714002486
0.0837995012349826,1.87207303371553
-6.10081533593466,-5.57983770046111
-4.7838268677645,8.13806162204866
-6.19321779412558,4.25591812458162
2.24682589369485,-1.39683367881652
3.69777031737039,-8.44273938808318
10.906812151248,1.28333208885316
-4.48035720986655,3.57627258625154
5.69517656164834,1.77928648319368
9.76169439154336,3.06189666118745
13.2487234671659,1.40088889923219
-7.28343729180625,5.64703331318025
4.55559655028055,-6.37737407359954
-5.38705639046958,5.06558475818757
-1.22267250222495,2.44312177028779
-7.01675991219809,4.54989538517122
-2.73298601311972,3.79230366077546
-4.50695852441123,-1.37144990835067
-5.14832071465781,4.65509043064241
-7.33256391686728,-2.13891651306029
-4.23903946084311,7.8769379648221
7.95624633627603,-1.46013822231169
11.2733988364286,-1.33989014301177
-2.42788819474509,0.850499847794812
11.4883112509794,-1.03293951425429
-6.3599200646334,6.5535074266446
-0.582199851696994,0.804001906777661
8.6955957015104,-0.352410027866323
9.08913083868692,1.7999902757657
2.08726020651529,-0.819807520245273
-6.86932329339316,4.29391012516145
4.05699368315408,-5.92307653102751
1.24070634442041,-7.15512313518401
4.17245097952554,-4.63145198497649
-4.39726547402671,7.89757738437776
4.16759510832498,-6.36996974620696
2.50985046225259,-2.00042810115691
5.93643565970132,1.53766141262178
13.0107969840116,2.32166014042024
5.07458444433877,0.243838170434277
5.33629175024698,-7.33321895274993
-7.44493440789511,-2.54096402797576
-5.18367866677573,3.46614108410005
3.31182285147378,-8.42784871730681
9.78524537878702,-1.71414127025481
13.2301230032987,0.0800246986401488
-6.8278451363497,4.95761738147859
2.61414535837838,-4.20769586238738
-7.25023798150351,2.44150243129853
2.69191618757913,-2.6570159402835
-5.55241493386557,-2.11112239036437
2.36154683428476,11.3128510507596
8.04630800085733,-6.72843255672332
4.78614183264444,-7.45891799602385
-9.58220533532431,3.51933298435334
-6.29903272790244,5.0896426233304
9.40343519049356,-1.50737526092406
10.2242931922025,-2.16350056800719
-4.6742601792269,3.61142049160127
5.43987270193765,-7.38423003826018
11.8977779944486,0.786275723840039
8.5826396544523,0.106508294011395
0.133266945654843,-6.55832566890593
-4.69202140969565,7.85942278232698
10.8558868964262,-0.466507693861682
8.98351617651651,-4.594962021445
3.43255921202371,-8.03994741115447
-6.08789734048178,1.27205345955018
-2.76686743897727,1.27086887683992
10.7052416403837,0.235186377431195
6.23489518957803,-6.20117034587737
-7.57210020226767,-2.49430050525542
-5.50467924279502,5.6317716630948
-5.68706039590171,-2.09661366615172
-5.71652607125571,3.26684437122468
-5.55771450204184,4.91568956699495
-2.86046175164511,1.20437906112794
-1.29038576287558,1.80264578189973
0.552898873860334,-5.20750941905852
-5.24741653603842,5.22085199680452
-7.33426050347617,5.72129974689607
10.8389858801908,2.99075756397371
-7.52643255395224,-5.96728410396453
2.63884945707986,-3.40989699039336
1.32810999947259,-7.56161918315764
12.355184038455,1.3115880283368
4.20972295599649,-8.25278796825286
4.97558828192422,-4.95466365489836
-5.16637949151328,3.09337172832612
12.0809845526762,1.98900518741731
-5.71291498345664,4.79856024112825
-6.22260908288291,4.53957805957918
0.0245413978643161,1.62800512638215
6.7688812811918,-7.71939983043547
2.98510571318338,-7.81021823558684
9.01275678473184,8.45083818760041
-6.67932037514975,5.35704288807039
-5.79355291528037,-3.96730293903228
-6.91318182153037,-1.51743855152007
6.25329204397867,-0.103452196453769
5.8757361968107,-7.83648862514373
-5.38657526177695,4.36483869876985
0.237114568526242,-6.89164342555876
7.21502919989297,-7.56061305675383
10.6774620612211,-1.1997775641429
-6.06336120766928,1.2447505983365
12.3456978400297,-1.1201135722148
-6.92917923135092,2.37261615123872
3.26242514448831,-8.31479062709685
-4.39764122170737,4.50390920963411
-7.7061057488375,6.4113913568509
-4.64892152947715,3.28918609943513
-4.09632925195029,2.88944993343477
1.86390574770639,-0.0871188846575807
7.52151580649087,-5.69383277568694
3.25712271528909,-3.63856091174956
-5.52695612115195,4.8897963556302
3.20124359923074,-0.413441917036731
0.0701737602300387,-5.37957229289885
-6.72715763253501,4.20693359699373
5.66172262030313,-7.79627170238372
-6.05262760323813,-5.64346542034026
1.79723461466501,-1.08932646188613
-6.12345222634604,3.57986173954133
-6.45816044015219,-4.90981521282073
9.62161012488077,-1.32588227662917
5.79752488928506,-8.0376848188388
-5.42637066048911,6.73508510913972
8.1063909133024,-1.34959073934432
3.5603110392637,-5.34747543010588
-5.84104494256308,-5.16683950099822
1.01229195790956,-5.76839151058074
7.01635642843911,-7.68223752651091
-5.88278869790366,1.80380950298433
-6.67399982613852,4.71584472980623
13.444708307559,2.27379975643281
5.32433505850503,-5.12192382488127
-7.99672273797324,-5.12632169399138
-13.1407676140719,0.216818252469342
-5.98785738152793,4.59064588871126
-4.63663772744467,7.51798115100984
-7.92261079949668,6.63028869953279
12.353625734622,-0.889458736513812
-6.56350855035117,3.02001962986116
-3.97101930779746,-0.65143670711394
0.0758501489705783,0.964745262528699
-8.51472143334677,-4.80603303584929
9.38045736151407,-1.39259781513091
1.24653204279611,-6.74386205348845
6.50411983328531,-4.15499748859282
1.84756954508493,-0.122507205342014
-4.60802606744101,3.15543589916353
-0.474990288441684,0.696188071633618
2.19328625994394,-0.59323338243838
1.32874151068399,-5.58027686748381
-2.84446529549887,0.26742498006944
7.24793048697183,-6.37605323467131
-8.61847356957724,-4.98483314189788
-13.4073882500582,0.139122286702435
-6.47832111520102,3.59773240413789
-4.46630434197715,-1.37320025834914
0.662987043435071,-5.50835265788909
4.47605272131631,9.97306261386995
-1.37794021767905,1.38506374683503
-0.847493330662753,13.4146510156644
2.82173057394693,-1.38820018443938
-6.68070844811728,0.0881222578537871
-4.46601442498496,7.66208181705598
1.54224093752572,-7.50966014537688
3.49317475157449,-0.987586578463275
5.3090800841398,-7.87319030437346
-5.18767933053305,8.14005289402131
-0.20053736371329,1.82954464283113
-6.79253868264487,0.110895851517956
-5.68828539056113,4.54384718265657
-5.04089836282065,3.91349993076448
-6.01552442712119,-5.86211719188567
0.342526783520673,-5.38672389659758
-3.98063711327841,8.02512178745393
-6.07710031670859,2.88773165073518
11.5692448218412,-1.18807723197814
1.51556177931497,-2.66819610271331
-8.18993143243125,-5.0127972570407
9.56129690008829,-2.44659127864714
-6.2555065552645,-2.4771481958377
-5.79205850762656,2.21018705692415
7.70998617010782,-1.91791858348723
2.50884934263894,-2.23154010448333
-0.460011879628207,0.37554083194856
10.2384914954252,-1.30747087869521
-6.15535310906699,5.02841911640291
-3.79155162972739,2.36269865360383
8.9942926962919,-1.42112662467833
-7.28092054528525,-2.63096155795928
-5.19088606042197,6.86214981403474
5.94408078985879,-0.785993835066516
-5.35819152993491,-2.24905445251342
6.80535455542276,-5.66960801753874
-5.48338607949546,2.98112330761079
-6.95139459771445,-0.44283438298579
13.3396477301664,2.51049170818452
11.2668737967558,-0.979734381769855
-4.71162227792075,3.43673310604219
1.45641132193277,-6.14799823436614
-0.226966420834567,2.96915850963716
-6.79050115746787,3.17366705265168
8.05861183005044,-6.53589954051848
-7.19993166131308,2.67271910038118
-5.87362054986289,-4.11330976161833
-5.39621833962729,5.10568485584382
-6.72435144585898,-6.68501414928313
0.0888222058362704,2.41971431102876
0.103232880408261,2.46436271991853
-0.558638374035861,13.7332230600369
3.22908778982827,-2.0401557889926
-7.12899164361289,4.3805361780179
2.44780572252939,-0.854778787230213
-8.53858617944052,-4.99043454799529
-8.06676153344443,-4.9477657285678
0.482523222739194,-6.65968408260222
0.431892236048673,-6.160485169028
-4.4190545479708,7.81898126926545
2.86313696699807,-6.39343537959929
-7.91797784966758,5.52792654361848
4.28854842978189,-8.37623538646575
-7.03273824853232,-6.52290572795745
13.0122294028349,6.94864282932405
0.223868687922452,1.59506593074922
6.79512258368203,-7.32701291713591
-4.37016491097739,2.9383107217801
-4.89807466668418,5.69428596820955
5.14726062613199,-3.63910164508696
3.10775347548196,-6.37042703304167
-5.21180013818076,6.81183395710115
-5.24284032983115,3.4992877038968
-5.56376842660239,3.92279157962922
-6.83439878625205,2.89873609867219
-5.00132850808432,5.79975424137239
-6.13121370477011,4.46416054096345
1.83652265864084,-2.4220077005374
-4.8242903153353,4.72891531314973
4.02638359862039,-8.31974830303069
-6.33802370232871,4.96827183094148
5.44592805700967,-4.06186546954985
10.0421433051176,-2.14940263900634
3.55241175490091,-5.38488330516692
10.9682659705229,-0.0982004610049317
-8.09644655389121,-4.82985915813323
-3.73365072411826,2.11127791729097
-5.49197677773764,6.18847809162263
-6.58944849175742,-5.85798206004973
-9.06053785485556,6.80113945331697
-7.07959036034873,4.63510475483064
8.92193837958047,1.98307357158784
-3.55219844979575,6.69568310108308
2.07937749224374,-6.70671357784148
-2.30412987870505,0.606521407033246
0.236118217284177,-5.57086267146941
-5.02691892785361,8.23091230716829
9.08772703009317,8.50104723301057
-4.64073375863364,4.24364672031526
-2.20503548783591,0.138273993397992
4.48090096312234,-6.88684262904998
11.1822199423856,0.157683053876202
3.38176723318765,-5.19056167278166
2.57056279974649,-0.200183486674983
-6.08337501687339,4.97886476841096
12.9340443213529,6.91948376026277
-1.49419716996482,12.7292471918118
-2.64961389703086,3.7439690622342
11.024261911685,2.3780673536313
-5.08166650933554,4.3597556146634
-5.31608871621421,8.28004179325227
-13.3338084618502,-0.219666382406909
-7.40364889306357,-1.5454676357257
-3.98396782082846,3.23920545902375
-0.110921422665622,-6.51459254894133
5.81247611838052,-6.66747369441863
-7.06593755883506,-0.974885841940601
-5.19090704125693,3.986487487222
-0.715938011830356,0.338766256238263
-4.79562000436118,4.40397272434358
11.1031279166288,1.4024814161313
-8.36430505914023,6.69660291996126
2.6646354992933,-4.28849067363616
3.52049322920511,-5.38172044429656
4.08965416746805,-5.54777230892058
-2.84279517335227,3.54827223148469
-7.15361503762534,-5.4355792013156
10.2091955740995,3.56969366397981
-5.27712825936606,4.5820685419095
1.93681617575357,-4.17546381626006
-7.15466407937339,-2.17602898750182
5.30641933279702,-7.53837432536956
-8.02375368279746,6.59711180057649
10.9902863104887,0.0647291633141448
-6.57641176385215,2.20399151172761
2.50236793356607,-4.48213185939666
2.89838882284829,-1.29242416295882
-1.03916422528556,2.61266646709565
-4.74974207085898,5.91999016132478
-1.19502119225791,0.593301812077801
7.94568439322183,-6.9188293424594
-6.63961080712607,-2.23665465984221
0.301202257449124,1.66548691120271
-1.06214551133444,0.449584165478985
-5.69192604226401,2.32854233112458
-4.31158308190634,3.96862087574128
-4.43142513436606,-2.33438696536895
2.47551306086252,-3.23129214916106
12.9165882666654,6.57397947635774
-3.23201183480551,1.70224771824006
5.68602653341958,-5.96930541667815
-3.95162395638755,2.40697489109163
-4.54342226189902,5.50240002002839
-7.14064935845664,-6.20054282817717
5.24688669043252,-5.8427328077304
3.60951348143289,-8.58760442409392
-4.03580097359946,8.1590834650052
12.6971392233915,2.2912331613553
-1.53328231972983,2.9194103273404
-6.30592588586142,2.69540438976411
0.0475293000287753,-6.0988658872592
-7.56776670617392,-6.31704988155242
12.9883436759062,6.96062956180696
-6.37291483086875,-2.68764366779204
-5.69526867074301,3.02563796367769
2.24138196306894,-2.69214000377532
-6.27345184487632,4.9050231966031
-2.95438579720786,-0.440809568499286
11.0611786444731,-1.56956722411986
-7.41509870690634,-2.52995910320159
-5.09863380593589,6.60608492221956
-6.92250065011313,-5.80543555889006
-4.96739677590659,8.16875467624788
-2.71239427727988,1.15642450180177
12.5834412177152,-0.724641582106311
-0.00268183154394808,13.1909323724759
-6.39948944253257,0.561350086594861
6.94292589026162,-0.660963436697681
1.3057972391195,-4.4401334730136
2.78729577856729,-6.71864785823699
-6.48693803948691,5.02177534427766
3.4657966692991,-5.4571799245822
-6.36036304635337,6.72431097355012
-7.85487226647666,-5.81355466518279
-7.24762109917929,3.27870593395356
2.83030243712137,-6.5997146574008
7.3929891188688,-6.26006879482146
13.1099237998075,0.866417983437817
-2.36834673089316,2.64329610195283
4.26284690695474,10.2910939249051
2.92136712866494,-2.76206006679412
-2.25898484391501,-1.37860747251387
1.19989432888696,-6.6917613950717
-7.32785467309287,2.65246806469087
-4.57660631341269,7.75205240574006
-6.65999082726767,5.6941381486905
-7.71387151879599,-5.7721213308322
-6.81363157433799,2.03841958370332
0.11335434513757,2.40228495922212
-0.225264946644809,3.08312855091218
-1.0205246607714,12.6150074991239
7.58489938574502,-7.04135932597991
6.13595338659951,0.258071044350903
-2.59006623429587,1.05679617252473
7.42058940725992,-5.83153476390715
5.12402244406411,-0.402852354680259
-0.113903919880893,1.53514550056581
-0.092162827675845,-6.16852273616667
-5.98743156594565,3.87461862888459
0.251236398989652,-5.56724586162444
-5.03111414117148,3.83276615467195
5.59103008108804,-5.43178786907073
-2.89568690461447,3.96515283908967
-7.06173996133139,-4.4495443311679
2.92022963362405,-4.52773036632415
10.9155058463163,-0.103576174114902
-7.43042139214804,-5.74154224071379
4.59369512396524,-7.2495588270175
0.2978279192991,1.70739684429292
-7.06405548257163,3.63960752811555
-4.97882417840293,8.87971220340852
1.8460160096235,-1.65579738292571
3.4344462950773,-8.41209973964568
7.61826511221597,-6.8419045415866
-3.88327268761924,2.28167996730928
0.967686553770993,-6.52901639613982
9.61237760382364,-1.37661465082045
-0.266075531666781,3.2962413820279
-5.80546430749228,-3.85611500415679
-7.17125610513022,-6.52866687450286
-3.72339157265952,2.05698190059785
-0.130897442524936,1.11274383392457
-4.12379554909995,6.58611212101106
-4.35179571313193,5.62012968387727
2.91584344702432,-6.30064048442717
-4.81552223367026,4.38447389927034
1.44323541718194,-5.85377349529143
-0.735536853497531,0.579532841111462
11.1212019522733,2.23347053852205
-6.12888626260092,-6.33235301647063
8.58783145743081,0.17606196727876
-7.60094694299033,3.49277267780427
-3.91398767632773,-1.0799409953105
0.118820925528501,2.65623102512483
-6.22462228936484,-2.34576644573088
-2.22430137795737,0.346289196873944
5.83464666205117,0.117219248677533
6.07806869345376,-8.00511445674773
-6.85711816949179,4.4543887170804
-4.30999855202964,-0.126759043072421
3.21411343413064,-5.45897473964568
-6.76208547753623,4.68742523517732
-6.85282663506797,2.24647364940767
-6.46597294015219,-5.94647302303191
10.7435068686552,2.82426915493135
-7.40404180688193,-6.07704438838835
11.3648542960233,2.6103282960904
-0.84270946187308,3.44342074718599
-6.93060449761679,-6.44654884014006
0.0975687106199008,2.63732633915071
-5.47816566628745,-3.82117499980803
-0.168204049294497,0.63591668930177
2.30049796896646,-2.55073728237029
-5.99030450982383,-2.00182976398345
-0.504414121335055,3.34655485477571
-5.01975540322592,8.16981230106477
6.135315855319,-5.72025241527434
-6.10447315377524,-2.25261761817809
-6.65927414101889,2.78741917934541
13.4084887106962,1.55440626468782
13.6775021155424,0.0226323398602416
-4.48725084466269,8.42087087955598
-0.0685006181650418,2.5353463682187
-6.98335985345175,3.26366386737947
-6.73409895104697,5.2871147188199
-0.734654108708407,12.581853011514
2.12620063620279,-0.541343530749042
10.6038031180448,2.25300870266084
-1.47459415597251,-0.568770682548244
7.93403526144693,-4.7612046209323
4.07949968176553,-7.80618180904265
11.140132387454,2.09851203289155
0.534893174941037,-7.19375028285857
-5.35915092629721,2.7374583276761
-8.67036489648154,6.82414923038606
13.5823416312284,1.59196255531434
-6.23529295129111,3.9939952882779
6.96812816458413,-7.62614764842864
-5.65409521264365,4.29620323505525
8.50178953009317,-5.57898940715666
3.04018922644326,-1.43337347183104
-2.85334996384909,-1.42302431735869
-3.70042900246909,3.73384199466829
6.45236154394815,-5.69861831340666
4.48049040632913,10.0677434000028
7.57196565466592,-7.33954324397917
11.7717651923246,0.289462963010113
5.18806215124795,-0.00648333701964121
0.0971376498288852,1.40756938781862
1.0640355845041,-3.47543396625396
8.06829734640787,-6.1150373426425
4.48353048163125,-8.34091605815764
-5.95301202935508,-2.21623506221648
-4.84451965493491,4.00317631092195
-5.12054828805258,4.88799105014924
13.366074045474,2.11213455524568
-3.85638384026816,2.88513789501313
11.5942453940458,-0.000430634354312232
-9.80188230675986,3.5179701837552
-7.2633281151705,6.40104923572664
0.190849860484098,12.4576340707791
13.6398424704618,2.11275801983003
-5.43555502099326,3.82526073780183
11.9704670508451,0.194795051480572
10.8410334189481,2.49140248623018
6.82895847159097,-1.31945540580626
12.9276337225981,6.47890720691804
2.28046222525308,-6.60632314357634
-6.13237623376181,2.80227670993928
3.10078855353067,-3.05307569179412
5.53998990851114,-3.88354601535674
-8.60656694573691,6.96650419559602
1.41078128414819,-7.40698709163542
10.3568911154814,3.26320872631196
-4.40059951943686,8.6059132608426
3.46808620291421,-8.65695275936003
-6.15734962624839,5.85626564350251
-6.27587846917441,-6.29077710780974
-0.929317156498935,2.82172642078523
-4.40275291604331,-2.38183297786589
-7.12598804635337,2.77317748394136
0.336216231162046,1.85679874744539
-5.67493395013144,2.96237526264314
-5.78258756799033,4.45523128833894
7.30500408011148,-1.16490807208892
8.29918571310708,-5.80276193294402
-5.28415445489218,3.86798200931672
-5.34827903909018,3.57961950626497
1.26727729039857,-0.980487546061237
-3.63196138543418,4.68066463794832
5.68084665137002,-6.68127622279998
7.32668062048623,-0.675000896786411
12.8722633917875,6.19822416629915
1.73678692179391,-6.5737947431552
12.9017223914213,6.99871073093538
-2.29363826913169,0.655749658013623
-0.246773997967746,0.826067069436352
-3.38066581887534,-1.10642214689131
-5.826260606473,4.76716718998079
3.12565918760965,-8.23713483486052
-3.96615747613242,2.33831391658906
-7.10890487832358,-6.27814759883757
-5.83098510903647,3.56222782459382
-4.38602689904502,7.64107332553987
-4.1944976250582,-1.44014968547698
-4.73814539117148,3.99654112186555
4.12080856161783,-5.8276747671115
-4.75660232705405,4.09892139759187
0.580484872037862,-6.65232791576262
1.63579966622064,-7.21711768779631
10.5049194891996,-0.721295347546298
-5.37941221398642,2.30573401775483
-5.40958217782309,3.95581446018342
-0.33904735249808,1.94779763546113
-1.35270885628989,2.9412666353238
-7.77756551904013,6.50519142475251
-6.68375925225547,-1.17944081697341
1.66138710575769,-8.04617681178923
5.221901377017,-7.50031270656462
11.2089647849149,-1.06399067315932
5.89068981009195,-0.739151140783984
3.5580019553251,-3.31723584804412
2.6861084302015,-6.19677867565032
-1.63676599664023,-0.475502727662284
-5.26153568429282,3.61309132900361
2.04899688559243,-3.63658322963591
-7.28992609185508,-2.18510248336669
7.26810928183267,-1.58850767288085
-5.33004669350913,-3.80384912166472
-4.49575905007651,3.34536753025178
12.1899904807157,0.355878272916119
-6.37119917077353,5.18996296253328
-0.286901871388461,2.86494980182771
2.45802279310891,-4.60850276622649
12.2451252539701,-0.0730907824980805
3.35653014975259,-3.34149446163054
2.60531612234781,-4.07427205715056
2.59421714144418,-0.853158583973605
-8.39389280480673,-5.6687482801425
12.2889303763456,0.0160134228718688
-5.41938451928427,-5.72048988017913
4.35826702910135,-8.3126543966281
3.30727763968179,-5.10532321605559
2.52325781183908,-2.1106462684619
10.579736192996,-1.17493661317702
6.35284133749673,-0.0959388819682191
7.81854530173013,-6.9171899763095
10.8410801489897,2.19458804454927
6.31447597342202,-4.49194755229827
-8.17795328301718,6.73617611255769
-6.96182302636435,4.78024826374177
-4.72376445931723,8.76339254703645
11.4142546256132,-0.912500759695728
3.09307046728799,-4.64222612056609
0.0569670994825107,1.63303027477388
6.37192054587076,-6.51259221706267
5.15649457770059,-0.241019254659374
-13.4794154564791,-0.0106301513659547
-5.40373567742636,-3.79975809726592
-0.25980250043204,3.16061172809724
-6.08919052285483,5.15345154132966
-5.89788107079795,4.06765661563997
1.47745134430597,-5.70656575832244
6.83406492071817,-1.27155294093962
11.5796103079862,2.48597703304414
7.12330909567544,-7.2317103353488
-6.54303030175498,-6.03141488704558
-6.22119478387168,2.2673553022397
13.512223680789,0.0295181664479186
-1.01905135316184,0.336140314008038
-5.52991346520713,-2.19312348041411
-6.47064499062827,-6.42872323665496
9.70871682959268,-1.39779033336516
1.20007797079751,-3.81244840297576
-5.84290126961997,4.62744055118684
-6.04447273415854,2.41689167347078
-5.35574344796469,3.26426349010591
-6.73934606713584,-2.52373375568267
1.96131797629068,-1.56646718654509
-2.92318038148215,4.20038328495149
11.2880854209013,-0.024207344387729
11.6400093634672,6.18246469822053
-5.45816330117514,6.9690314325345
5.76900668936441,1.80817590084199
8.83228727179239,0.119354436064999
-6.743102113431,1.50010655250673
7.77966161566446,-1.87729992542144
5.63145824270913,-5.40305270824309
-6.17020754021933,5.38557396259431
-3.37252620858481,-0.461167698835094
9.04113622503946,-0.262842735384662
-8.03606084985068,6.71769056644563
-4.54421142739585,5.24292574253206
-13.4737859169894,-0.00571187410231333
7.18048663931558,-5.98093166026946
0.00860013561913786,-6.58026065502043
7.52181716757486,-1.78181745681639
-6.1565714280062,3.49184522953157
1.08022682862947,-6.04750384960051
13.1463942130155,6.93738518085603
3.01519461470315,-2.68296518001433
-3.6870890061312,2.25895223941926
7.5603441794462,-1.19118942890044
3.72117038565347,-6.06121053371306
2.66941138106057,-4.17002334270354
-6.33631376427939,6.93160019245271
-4.63406519097617,4.37392196979646
-4.94766525430014,7.34928665485505
3.29083724814126,-0.902763387297351
5.96327300863931,-0.664580902193744
2.18882294493387,-7.49153318080779
-0.59713844460776,3.30048117962007
-6.29764560860923,-6.41981639537688
5.71121116476724,-5.30435218486663
5.56129737692544,-8.13999023113128
-4.85929016274741,8.6110983881009
-3.69420150918296,-0.177505528663356
-1.75087908906272,-2.0397918430316
-1.74528149766257,2.3768740686429
3.30075379210183,-0.46061795774575
-5.19731001061728,4.10386333789949
-6.33855823678305,-5.62923755321379
-5.80349449319174,5.56444416370515
2.78973348932931,-5.77971973094817
0.0100267131871921,1.87811670627717
-5.25178770226767,5.65619621601228
0.194337566668485,12.4634066614163
6.06914182501504,-4.21895780238982
4.32209869223306,-5.65044059429045
4.19242688017556,-4.3846930471408
8.46958680945108,0.195867517854016
13.8074059088773,-0.0359780994402955
0.768290815228913,-5.07650270137664
8.94718690710733,-0.124077668522556
12.9648375113554,6.45860443439607
2.60249813395211,-8.49597539577361
-8.1234698693209,6.4286900552762
5.17134185629556,-6.57577743205901
-7.13675741357138,-1.94809260043975
0.610596959764455,-6.22155656490203
11.2587351401396,0.726209739114087
1.15558656054208,-5.94533719692107
-3.35809425515464,3.7657204660428
2.60895331698129,-4.93400277767058
5.43032832937906,-4.1225167718875
4.35924573736856,-8.12991037044402
-3.79541067284873,5.221350768472
2.8494476874418,-4.77229537639495
5.33246751623819,-0.49524748895045
0.28640760975549,-6.24812974605437
-7.17975143594077,-1.83035983714934
-2.4386063019686,-1.62068404826995
4.5188481410093,-3.90821900043364
11.255538423831,2.18896470394258
7.4949383338041,-1.58978309306975
-0.436491767590548,0.931186536217969
-5.66349558038047,4.57732162799959
3.26401706534097,-0.804085930918414
2.4018135865278,-3.22893418941375
4.59135981398294,-4.87292327556487
-6.24407200021079,-3.7837408987033
0.0420204003400546,2.06822381343965
-6.50674013299277,3.18621812191133
-13.4367137352877,-0.101566812132556
2.04794820147226,-2.22313370380278
6.65217824774453,-1.15971090469237
6.13772292929361,-3.81901707324858
1.75712921219537,-0.304477391873557
-4.7961502472811,4.11322412815217
-7.10140089196494,-6.53682126674529
-3.29065946740439,2.82183657016877
-2.86584333581259,3.8046437295926
-3.6428413788729,-0.815575918291766
-4.30036596459677,2.79172931041841
-6.17936138314536,5.11242494907502
5.37679048376748,-0.477355023955066
0.0112956364698154,-6.25824775371428
10.2218794425077,-2.7781187501895
9.50560518103311,-3.85474409732695
-1.16622571152976,-1.99143328342314
-3.64159540337851,4.61113844242219
-6.79952530068686,-2.47788109454985
1.95893891649911,-1.19792403850432
6.15379281836221,-6.98495711955901
7.14421602087686,-1.0749178734767
-4.87073473138144,8.83408365574006
-3.98981527489951,8.11574087467317
-7.23329023522666,4.54983530368928
6.08410878973672,0.205462554360669
11.1132969458647,1.84714231815461
11.6880859931059,6.25037298526887
-4.9522142807894,4.4024015459073
-6.81064562005332,3.35002241459016
8.93439431982705,-0.394929394234974
-3.86078790826133,0.00961981144074697
-0.775766174023654,13.723041633035
-6.54121021432212,1.26257524814729
5.97087903814981,-7.82196464214202
9.53198667364786,-2.58057036075469
3.98184128599832,10.5760975870145
7.13711305456826,-7.22456540737029
9.02196069555948,8.43524465885286
-6.66892007989218,4.96656856861238
-5.97098306817343,-6.08937348995085
10.713808496768,-0.624700775479038
3.0643496115751,-1.1123028007495
-0.636263529484774,0.282691875363629
-6.64862016839316,4.6059075387967
6.86254449682901,-7.4830588308322
-0.0807348291330594,2.33595500316743
-7.71695379418662,-2.11417486343261
-4.50255207223227,2.6294625791562
-5.56971363229087,2.01004276600007
11.373099764163,0.698377588654797
-4.20504144830039,-0.995847782229144
-7.91171125573447,-4.94277991924163
-5.64284328622153,7.38146839466218
-6.72305826348593,0.0529284569275786
-5.37545351189902,7.4737053903592
8.04542966681192,-1.88534953269835
-2.70589188737204,3.7619157823575
-6.64554599923423,-5.47167195949431
5.17059036093423,0.417240241433423
-3.56180051965049,4.11091194477205
1.8971817095823,-2.74572648677703
-5.4756427208834,3.70657787647371
-4.90020040673545,3.15626988735322
-1.23128394288352,1.69188938465242
-2.68301633996299,4.00352630939607
-0.85339585942557,3.36870155658845
-6.13113216561606,-2.32767810497161
5.45037790137002,-7.78343476924773
-13.3287558953219,0.130032995606702
5.52326293783853,-8.33400096568938
1.82147618132303,-8.16737165126677
13.0957941611356,1.06264243450288
1.77970190840432,-5.68203105602141
2.06046839552591,-4.20844807300444
-6.26904348534873,3.48799095478181
0.0329779584951144,-6.29331245097991
6.09394594031045,-7.94393529567595
13.469179590518,1.21669242706422
-7.00919870538047,-0.947684010599811
-8.53549055260947,-5.04987229976531
13.2785372336454,1.7278204950345
-6.71834329766562,-5.38531198177214
-6.46117643517783,-1.5720195976245
-6.24629167718222,3.44003734912996
-3.35160640878012,5.41094885196809
-5.71332744759848,2.80209265079622
-6.99028114480307,4.33257446613435
4.08211918669412,10.5520611795438
0.659193088585828,-5.27300824794646
-3.88252119225791,2.02216110553865
2.72879966097543,-4.70252456340666
2.82128377752969,-3.32098211917754
-3.32191471261313,-0.35139773610707
0.64470406370828,-6.70374955806609
-5.22891191644004,7.0417214426053
-5.30585912865927,3.48722920742158
8.69498296576211,-0.540301522349078
2.13758714991281,-3.37067236575957
5.19884343939492,-6.39225425395842
-5.06184200448325,3.88919363346223
5.31081052618692,0.422506073380749
-8.06811288995078,-5.52458705577727
1.32709582644174,-7.2060116735446
-6.79603628320029,5.63393745746736
1.94699235754678,-0.776051243876178
-13.1164603630953,-0.260919688378532
-5.29540828866294,2.61984358158235
-7.48193029565146,-5.43634738597747
0.74689776572058,-6.63345231685515
4.32662864523599,-8.47413530025359
-5.93950704736045,5.76598320331697
-6.49992756051352,-6.03194799098845
-6.25935558480551,2.88183865871553
-4.77141861123374,4.41164503421907
-4.12584451836875,2.5941363367093
4.59266777830789,-7.68707408580657
11.480199297244,0.481024006272595
-7.49304823083213,-5.02895822200652
13.5838827689237,0.167427042390149
-7.14148954552939,2.72165022220735
3.33150549727151,-3.60587992343779
-7.67094473046591,-2.60775484714385
-6.61392120522788,-5.89426841411467
-1.15766719979575,-1.64412762794371
-6.78730587167075,0.173440793420117
6.12641712027261,-0.484225971733291
7.28812213736245,-1.461346289252
-0.455814043705966,13.4869280847562
2.64061125117013,-2.58067502651091
4.66692419844339,-6.90702380809661
-5.86524061364463,5.33705768909578
-2.72094897431662,6.4419523271573
-6.30799822015097,3.97624454822664
4.78934546309182,-4.0729972330081
-7.81077722710898,-5.493164440726
-6.90973619622519,3.59826932277803
-6.14401630563071,-5.93734349880095
0.806270114431475,-6.67546262416716
1.57721342640588,-4.35969175968047
-4.00125269097617,3.04927120533113
-7.82228712243369,-5.05774392757292
4.67191239195535,-4.18326511058684
2.34380646544168,-3.50434388790007
7.9883694251127,-5.93484344158049
13.4480242331571,2.33982119884614
-5.01324657601645,-3.42179646167632
-6.69757274789145,-5.19631137523528
4.79294534521768,-3.5957616773593
-5.33267311257651,-3.35803451213713
3.98564263182351,10.3559504541409
11.620751817996,-1.3700588551509
-6.45775512856772,4.44078789081697
2.35735174017617,-4.57886733684416
12.0395063956327,2.3391212018979
2.57736106711099,-0.475560134385783
2.39087136583993,-3.41057243022795
3.04362579184243,-5.84409799251433
-4.84655431908896,-3.06431021365996
5.58297344046304,-8.07799472484465
-5.13483957452109,4.75704489078645
-5.64820579690268,3.54925046291475
0.222285171324704,-5.42705907497283
13.0555500586576,2.32661495533113
-2.47735599679282,0.611902752782147
11.2409376700468,1.91116080608491
10.2459921439237,-2.78089418086882
-6.35685829324057,6.08430252399568
6.88844390707681,-7.36418904933806
-1.06462446851065,13.4881192239774
-2.02182416123679,-2.04590346488829
-4.42143062753012,3.53677950229768
4.68596573668191,-4.53427304897185
-4.05309061211875,2.47611651744966
-4.38592533273032,3.0905872377408
-6.97685579461386,2.88310251560334
-7.74181036156943,-2.52250327739592
2.40943606692025,11.2782221826566
4.82872482138345,-7.83986606273528
0.714572680468057,-6.44859780940886
9.29214330511758,-1.61796881828185
1.99304838972757,-4.44324483547087
-6.13454870385459,4.91123447742585
-4.60027889413169,5.51516447391633
1.56596465902993,-1.71040930423613
-6.90527395409873,3.3602987321866
0.121741016680692,2.01865158405427
3.01221271353433,-8.61313142452117
12.7985539038725,2.20815406170015
7.21473594504068,-6.68687810573455
-6.59783558053305,-6.50183334026213
-13.2131400505953,-0.223364954923351
4.955140074069,-7.87888135585662
11.4240479071684,0.366879800225537
2.13820155459115,-0.727053215836246
-8.32400087518027,-5.79673423442717
-8.04191354913046,-5.40054216060515
2.56632884340951,-2.22344984683867
6.06492610769937,0.0527176352990081
8.31348844366739,0.188234368230145
13.0232214530058,7.03163013782625
-6.52430442971518,3.72751865711335
-6.89516596001914,3.93137274112825
2.20247515040109,-7.10258426341887
-2.90134576958945,4.03035888996248
1.29191260533998,-6.56146945628997
0.737567563826535,-5.80422629985686
-6.76807550591758,4.2825604471219
-7.43446687859824,2.69812856044893
2.33002944784829,-4.47917117748137
-4.43367723626425,4.65495262470369
-5.7034612099581,3.56782708492402
-6.72009853524497,4.35800657596711
0.40225695567796,-7.11218824062224
-7.68379263085654,-2.53653826389189
4.02758856611917,-4.06840552959319
-5.12869266671469,4.06380186405305
13.3118080695219,1.25413642253999
3.37713785963723,-8.2094353643405
3.29665084677408,-3.2390562501895
-7.41139368218711,-1.69506337318297
-6.85419372720053,6.03949079837922
-6.37084774178794,4.72951898899202
12.0155071814604,-0.794498792027194
-1.30911115807822,-1.92490019473906
-0.501257340138461,0.348709264661114
8.19191404181192,-6.45569266948577
-8.75941042107871,6.88770685520295
-7.47084669274619,-5.25861253414031
1.91455586748788,-3.49078526172515
-7.39254717034629,3.60589514103059
-5.38034633797934,5.59420547809724
-7.00449041528037,3.88350544300203
8.80778833227823,-0.38613986002009
9.07625146704385,8.45151529636506
-2.34760741395285,-2.05970515880461
13.2198643286772,-0.514102032517154
1.79362865286538,-0.9753199425685
-6.25284055871299,4.50089130725984
-6.36057905358603,-5.35125627193328
-1.6987004677706,2.43421445217256
-6.43536762399008,-5.57069720897551
4.02777119475076,-6.89340533885832
1.53143413859079,-3.79222240123626
2.63582070666024,-0.614339208339412
-4.83942751092246,2.5611785444272
-4.80152181786826,3.95899353351716
-6.90983728570273,-5.64979686412688
-6.75569299859336,-0.478625631068904
3.64391680556009,-8.19342412624236
6.0109991629667,1.31002126064424
-2.92237309617331,3.97368917789582
-2.9682009617739,3.982994178201
5.82250495749185,-7.02598323497649
2.37011893587777,-6.03968324336882
13.4822353919096,2.52231273975496
13.1573013861723,2.44405684795503
1.54151286678979,-5.84087457332488
-0.576104680722262,2.501065114404
-7.13285688561728,-5.8587478605258
0.536031921679471,-5.84677257213469
-5.16814569634726,4.42872104969148
-3.6832147042208,6.60825405445222
-4.38100341958335,3.14218507137422
-9.89383367699912,3.48464284267549
-5.0222883622103,7.37404737796907
-6.35777286691001,4.69988785114412
-0.816886703198459,0.36143086280946
-4.7095384995394,8.97553263034944
9.43274732428262,-1.47885765704985
1.81599338846872,-1.40849616203185
-5.56994537514975,4.49692068424348
-8.29299596947959,-5.30937041911956
-6.11327604455283,3.56122312870149
-6.78431991738608,2.69124398555879
-0.993673841183688,0.19563678827409
5.92848678427408,1.61390755500917
1.80231096344659,-0.192037483786304
-0.119879404728915,13.7320548089993
8.83595796423623,2.06108055439119
-3.27284435433676,3.65599880542878
4.53888126211831,-8.29720248851653
-5.06896976632407,5.05276451435212
2.20877321558664,-4.35521735820647
-2.58156160516074,3.95209083881501
5.1971096594877,-6.60491218242522
10.2509588797636,3.57619939174775
-0.521469632809665,0.352199593449872
10.9388174613065,2.3127540143979
3.18222542601297,-3.20436086330291
5.08648153143594,-7.5846098867404
12.9272579749174,6.6146350893033
-13.3758473793917,-0.0145074633109162
-6.39086679620078,3.68728409137849
3.1002907355375,-7.20936956081267
0.452541251952146,-7.11875095043059
2.38848539190957,-6.45909967098113
-3.02082995576194,-0.334220560376603
2.98547383146951,-3.31196036014434
13.450697382266,2.12308345165376
-5.32729009789756,3.00479326572541
13.2397675116606,2.25607023563508
-8.10007433099082,6.79224024143342
0.724416126782392,-5.71566333446379
-6.69942812127402,2.80831752147798
-4.46535400552085,-2.47425474796172
-5.46172718209555,-5.16495933208342
-0.507147828763034,13.8440371545804
-4.86303953332236,8.22855196323518
-6.44355777901938,2.95118580188874
2.20068915682504,-4.81262626323577
-5.59728674096396,3.05967364635591
2.91338344412515,-1.21182115945693
7.48250957327554,-7.05410136852141
-6.66980365914633,-2.34272863540526
9.8536676962919,-1.21270962629195
13.2794928153105,2.61495385494355
13.497707804019,1.85609755840425
-3.73482803506186,-0.549120670293529
2.1319595177717,-1.08573468599196
-3.11136368912986,3.44498453464631
4.75149555998513,-3.61923517856475
-6.70385984582236,2.88544330921296
6.1290320952482,-0.782032868002612
5.96092696982095,-8.21513690624114
9.93219610052774,-1.22082789811965
-6.82987169427207,4.14565096225862
13.3497643073148,2.39109859790925
-3.83525566262534,-1.20341279182311
4.53693195181558,-4.05661883029814
1.65712227421472,-4.26193632755156
0.14604934054086,-5.08664645824309
11.4240259726591,0.747201898957532
0.293956776434873,-5.41888799342986
1.73829015093515,-5.67594995174285
-8.38114599389365,-5.16352166805144
-4.75545696420005,1.73933396663789
-4.98856214684775,4.59602270450715
-4.14124921960166,3.5490137132657
5.3144511778898,-4.67730321559783
-6.98463730019858,4.56653986301545
-4.14499191445639,-1.13896747503157
-7.01723484200766,-5.96267833385344
-7.14492611092856,4.15499935474519
13.1804861624784,2.09990201320771
-5.38962892693808,5.07398805942659
-4.42109588784507,2.6395374330533
1.49923213320443,-7.37915458354827
-7.90422777337363,-5.88574113521453
8.09698243933389,-4.85943689021941
0.994236474210713,-5.6639932600009
5.6624097426481,-6.47271241817351
-5.71133045357993,6.33166942920808
-0.300442139332797,13.8362875970853
12.906417330081,1.38153980102662
-6.17771534127524,3.9649392160428
-4.38869861764243,5.78486166324739
3.08208986120889,-6.53568925533171
2.8122698863096,-1.38741888675566
13.0114941199369,6.93392143573884
-6.22086767358115,-4.26892652187224
12.4299559195585,-0.763318559263904
13.0146221716947,7.0748721155179
6.24697109060952,-7.37602891597624
4.94748063879678,-4.20347823772307
2.42223139601419,11.2715083154691
-6.07170204324057,5.83355102863435
-4.47436432046225,5.20442495670442
-5.50572971505454,5.46684799518709
-5.00841526192954,5.1252847703946
-0.656346360867526,13.7085209878934
-0.683574358647372,1.05553148117189
-7.01394228143027,4.15326462116365
4.9450115759916,0.0619321259510924
-5.49921850365927,4.84034452762727
5.76129957037637,-4.29607619914885
-0.366314450924899,2.43428740825776
3.1586894591398,-5.09791745815154
-2.31461743516257,0.711281398202222
1.38744338350961,-5.56063928279753
-6.17929605645468,2.28818617191438
3.88256498175332,-8.37191142711516
1.96326359110544,-3.47025527629729
11.3673891623564,1.77086696949128
1.56810082989404,-1.29120012197371
-6.95543674630454,-2.08085753593322
3.22259851294229,-7.07551326427336
12.9380583365507,6.65660057392244
-7.13849548501303,-6.44459905300017
-5.97729400796225,-6.23048867854949
13.4933542807646,-0.069471141432483
-5.62901691598227,4.43366680469636
2.7236399252958,-4.43156280193206
5.69228883581826,-3.6942986455905
-7.56447939080527,3.36748967495088
6.89087577658365,-1.06908478412505
-6.5872388283663,-4.13027228984709
-4.4976735512667,5.73845444049959
6.06847139197061,0.33812878456239
-7.8147426049166,-1.82407583865996
-1.77290014428427,-1.26404728565093
-5.4953370491915,2.79768786754731
6.07081647711465,0.362010160352032
-5.16531232995322,-3.55275168094512
-2.76988081139853,6.61556349125032
-5.37639431161216,-3.33214106235381
-4.43116096658042,4.95953188266877
-7.83222154778769,-5.13511886272307
11.676563700015,1.79620442714814
-6.74019483727744,2.39043937053804
1.61813916760156,-7.56921138439055
4.2679047186918,-4.26608814868804
3.73153944807718,-5.55532159480925
-2.74297122163108,3.66057405796174
0.857601323450301,-5.31906642589446
-5.61444906396201,3.3261076005948
0.167282779986356,-5.08808412227507
-5.56200651330283,4.03685722675447
1.12049080925653,-5.98814191493865
-1.02149955434134,2.85555682506685
-6.42647031945517,3.74108658161287
0.45130600529382,-4.45972957286711
-7.07111887139609,3.88185415592317
2.74706455069253,-4.66665877971526
11.3240618308134,-1.47197117481108
0.308062781865094,-5.22790326747771
3.93426986532876,-7.30293311748381
3.41054149466226,-0.736525287960727
-5.39109424752524,2.63598213520173
-6.07500747842124,4.01070270862703
-6.48357061547568,6.43721733417634
-6.17496160668662,2.81129536953096
-5.40617183846762,-2.30396988067504
-4.51694301766684,-1.23361339244719
-6.88580564660361,-2.03774954948302
2.05827816324899,-0.367789533098299
-0.81482450169852,2.56672821369294
13.174990137393,2.02508459415559
3.63909455137918,-3.73430504474517
-7.18501524133017,-6.22309484157439
10.4172005255766,-1.32791050348159
4.50145216780374,9.80643759098176
4.96386953192422,-7.8658508268344
5.28605457144449,-4.0483561960208
-4.1219821373873,4.15946779575471
-6.89747575921347,-2.25958504352446
3.76720186072061,-8.60742559108611
3.40128703909585,-0.474197654162605
-8.21829275292685,6.6706071886075
-6.08110145730307,-2.26452662620421
-6.17407325906089,-2.83314289722319
2.91968818503091,-6.25334396037932
-3.89410356683066,-0.190296461914737
7.02625747519204,-1.20872368488188
-7.53516725701621,-5.98904266033049
0.277814229304288,1.51719973411683
6.42676635580728,-7.62216224346038
13.003712137515,0.360521415139477
8.9065708716459,2.01199493732576
-7.04586986703208,-6.42228545818206
-6.81418089074424,2.60589776363496
-7.09670547646811,-2.14239420566436
2.22431798773477,-4.45749082240935
5.88266940909097,-0.522744899724681
-1.15076152486136,2.64450011577729
-5.94404224557212,4.37245569553499
-7.0092702309542,-2.56415762576934
11.5924686987943,0.411276915932934
7.07376666861245,-0.56573747668143
-0.477982322400119,13.697970488931
1.31118591623971,-1.36834951314803
0.04517157870004,0.985137680436413
4.46308298903177,-4.57879104289885
-7.25566248101523,2.05096493091707
2.51324494677255,-3.36715855274077
-6.61464933556845,2.75412164058809
2.45273884134958,-2.47872008952971
-6.05023578805258,4.65926895465974
8.41118045645425,-5.05905236873503
2.2711059649534,-2.30942334804412
8.81320520239541,-5.28843631420012
-5.89856008691123,-4.08759274158354
9.02637239294717,8.51680002536897
-0.120361248677279,13.3745003732694
5.81179996329019,-7.89670934352751
8.10825773077676,-3.59603800449248
-6.70859340829184,-5.10618152294036
13.0432886679716,6.89937267627839
5.17855306463907,-8.60104074153777
11.1718477805204,-0.195519453023631
-0.22472850484183,13.7983809503568
-7.83914331597617,-2.46240796718474
11.4512514670439,-0.776178291176517
-6.95358137292197,-5.96105231914397
-4.38162140054038,3.77420196857576
-6.27052787942221,-2.19250061187621
4.51806207495401,10.1132060083402
-4.22859195870688,7.73834143009309
-7.14106563729575,-5.98725070628997
-6.23841432732871,3.63211784687166
-2.18449882668784,2.34833321895723
12.5067762930937,-1.01973464164611
-6.57766393822959,4.7844816240323
1.79107364016244,-2.7641879526126
3.75393458204934,-5.56008376750823
-4.00368169946006,2.78535399761323
-6.99261764687827,3.36948428478364
5.67485328512857,-4.20842470798369
-5.83229927224448,4.496346572305
1.89271791773507,0.0524008962166717
-5.82249788445761,2.74334655132417
-3.54104665917685,1.95242510166291
-5.87392238778403,5.02984724369172
4.31370564299295,10.2086354288114
-3.90579466027549,-2.31840457591887
6.81347699957559,-4.4804109540927
5.85984798269937,-6.64164008769866
-4.87517837685874,7.45205507602815
13.3392929633207,2.2643662485135
6.17318292456338,-4.35536470088835
-0.019376556103732,2.93625054683809
-5.1299691597872,5.92287121143464
8.29878707724283,-6.19734038982268
12.1998915274687,2.74944577541475
-6.13578991097739,4.82477674808626
1.88719518976877,-3.34865560207244
-8.1241326729708,-4.68956365260955
2.18611772852609,-2.58524455699797
10.4919685919828,-0.901625594233234
-5.94483427209189,4.74461613025789
4.46796580153177,10.0559655221951
2.02593203383157,-6.1402706113803
-2.86993674439719,1.25251660671357
-3.20343879861167,-0.22854407701369
3.97734018164346,-8.24506034526702
-5.67144731683066,3.80072698917512
6.19439550238321,-7.53736295375701
-13.2748275200777,-0.286806298528869
-6.19518140954306,5.79205999698762
1.54847892122934,-3.81460036907073
5.46128173666665,-4.16453017864104
1.530479689414,-0.45047026697274
-6.54084924859336,3.29351983394746
5.99066778021524,-8.29825915965911
10.9154753287382,3.05807504978303
-7.59214166802695,-6.20902576122161
1.20491813617418,-5.88880672130461
-5.5353441636019,5.09667215671663
2.33930071192453,-0.0550604072558473
0.839036685699914,-5.9147314039218
6.14841552572915,-0.712808271979053
-4.48707679909995,2.80391369190339
7.38133951025674,-6.00597180995818
5.81651779013345,-0.676410129402835
4.85990138846109,-6.5669998136508
12.183324297244,-0.560817232464511
-6.46659998101523,4.87413416233186
0.211125274474118,-5.7077754941928
-6.16197637719443,-4.66940059337493
3.34156318503091,-8.30239953670378
-6.65307382745078,2.23927412357454
-8.43147043389609,6.8749562295926
13.9002937872953,-0.139512693618495
13.0822558005399,0.897755006219189
-7.31758264703086,3.68889341678743
12.0254921515531,6.47529993381624
2.86771913366983,-6.50918330821868
2.47699542837808,-6.70627679500457
-6.64383367699912,4.5647436174405
-5.40513424081137,4.84783468570833
-4.467063466733,8.22408590641145
5.40342756109903,-5.64985408458586
-0.444139043515231,2.4671569856656
4.43627353506753,10.2926531824124
-5.07636264962485,8.80418215122346
-13.4534230629854,0.284545102978985
-5.58596805733969,-2.0361811128604
-0.138536910241153,1.3724897893918
11.626198252017,-1.18493505391951
2.87776656943033,-2.37520243797179
-3.14602760476401,-1.31863351735945
-1.4089649121218,12.8209067377103
-4.08313564461997,3.21378312435273
-5.85311845940879,2.7722905668271
5.63463493185708,-4.39117231044646
-7.29260496300986,2.38842473354463
-6.86819605035117,1.99540005054597
1.1833453972883,-3.64898934039946
-5.42719368142417,5.04976139392976
-6.5105843941622,6.8008767160428
9.47850557165811,-1.52142991695281
-4.48233036202719,3.64853964176301
6.42486854391763,-7.0779885259616
7.4765638907499,-1.80534996662017
10.8208431799955,-0.0861864295947145
-3.87487653893759,8.18434343662385
-6.93549160165122,4.18762073841218
-4.48970750970175,7.82493219699983
-13.44815019769,0.139206984902661
11.7705931265898,0.443368354703229
5.52802701788614,-3.7207240072238
4.66032715635965,-4.17984118137236
-7.44161752862265,-5.1110376325595
-6.49203447503379,2.08770404186372
-5.98746446770957,-6.42767228755828
-7.41748480004599,-6.59151115093108
2.28807564573953,-2.62410010967131
-5.99631981057456,4.5935636552823
-6.02557949227622,-1.73837473068114
-7.29266313714316,-1.88748635921355
1.17577268677423,-4.03061737689849
-7.42127088708213,-5.62069453868743
13.1359486182279,2.50761447277192
-8.18702272576621,-5.29968681011077
4.77889986830423,-8.24207486781951
6.38897462683389,-5.90586318645354
-7.06983045739463,-1.23113521013137
5.87340160208413,-0.206564134095866
-7.0949407021456,2.60417447414521
2.45183749991128,-4.20953097019072
3.3431262572355,-4.5636481252658
2.83807321387002,-6.05222644481536
8.83336873846719,0.0230356546891143
1.624218781764,-6.51401414546843
1.88876243429849,-2.1708783117282
11.6153568823881,0.168047169114392
-5.01911787194541,5.02482042636995
-0.658660690014865,0.272706130410474
11.4801077445097,0.138670245076459
-0.480584065144565,1.18724499073152
-3.83248428506186,-0.98117258224364
6.00426908331582,-6.66936769161101
-6.60169319314292,3.4212060960782
2.02835746603677,-1.18587156209822
2.11473866301248,-6.48732413921233
-3.87041620415976,2.8220370801938
3.62637801962564,-8.4558896032321
9.09479375677774,-4.74232377681609
-6.28437427682212,3.24363217678193
-7.22293619317343,4.88377485599641
-4.87630800408652,8.80852518406038
1.99400719004342,-1.34122320089217
-0.19753877324393,2.80898175563936
-5.72654346627524,5.20326910343293
2.13792129355142,-3.20945849094268
6.31993671255777,-5.8856033292758
-7.20252374810508,-6.3628252950656
-5.13956884545615,4.68279323902253
-5.58732704324057,5.24122677173738
0.770218541199658,-7.18734492931243
-0.344507614796664,13.5914584192288
12.0507635672636,-0.45380786630984
-4.42881349725058,4.18776331272249
-4.15597109002402,-0.663358798359592
5.94792552786538,-4.59972371730681
0.150265475089048,-6.48238267574187
12.463262995059,-0.8093083110797
12.5255417426176,-0.676995745037753
-7.24094728631308,-4.00930800113555
-3.96531871957114,-1.06522347602721
1.74347992735574,-8.12483253154631
-13.4619527260714,0.0882158967507293
9.43201204138467,-1.56388463649626
-6.62009433907798,4.56180010166292
-6.14997915429404,4.36366329517488
-0.116206506913211,2.88258610096101
-6.02171377343466,2.21343121852998
11.6994423468656,6.27059326496248
3.26349969702432,-3.52516641292449
-4.50078825158408,8.03701601352815
-4.3522854248934,8.52132044162873
-0.692360917752292,3.31464705791597
4.62761112051675,-8.0464042631137
-3.834006826108,3.03982053127412
-1.10639766854575,-0.161235338185985
-6.10458711785605,2.69590840664033
6.14638753729532,-6.22872867259856
8.93310209112832,-0.20096916530009
-6.65716079873374,4.42762146320466
-3.1558218399935,-0.135566329692561
-3.73362497491172,5.42481861438875
-4.6934366623812,7.90313253727083
2.01663060980508,-0.176337009404857
3.31335564451883,-6.30378474864836
-6.33522180718711,5.53727064457063
6.1609711249418,1.3549184593213
-6.88803772134116,1.86477289524202
-0.815597693150546,0.632881620789807
-8.01755193871787,-5.52271785411711
-1.87538222474387,-1.82606591853972
-1.30116633576682,12.8876696619046
6.80223317938516,-7.22595634136077
3.14464708166787,-1.782879492377
2.7402072747297,-1.73618640575286
11.8906120856352,0.248297670747082
-7.37644533318808,-3.34788121852751
-5.53446869057944,6.1970621141446
-4.46266273659995,-0.950009307001788
-5.66388897103598,4.50847778644685
-4.53758100671103,3.72822580661897
-2.4479749600344,-1.66574134502288
-7.22067598504355,-2.65549482974883
-4.64891342324546,5.93004474964265
11.4654173453398,-0.808308145140369
-6.58069471520713,-6.36993302974578
-6.98306278390219,3.70888767566804
12.0019611914701,-1.16981460723754
5.59283634024331,-5.6320165601718
4.56863971548745,-4.82056750926848
-7.35535768670371,4.1605106386197
11.3187183936186,-1.53898312721129
1.86056645708749,-8.13071098003264
1.67550118761728,-3.7419768777835
-6.92876438302329,-3.09356488857146
13.8695873816557,-0.183913296197612
9.61367460089395,-2.31812944087859
3.04640718298623,-4.99533118877288
11.5839695532865,6.04619655933503
13.0086865027494,6.93151483860139
-0.450212160771396,3.08840380039338
-1.44693593186667,12.7840977701199
-4.29020504159262,7.85452852573518
12.5124916632719,1.42185781326417
1.41197224455545,-3.74462332401152
2.29490180807779,-5.5948170629489
-0.89434258145621,0.192802885438245
10.4719137747831,-0.969643136595447
2.59850891428659,-6.91709794673796
-5.79786209267905,3.1247771772397
-6.06837801141074,4.27313099231843
-8.0401482979708,-4.99348010692473
11.885421236331,0.353960791493695
-1.05895296735099,13.4213124307645
3.07592387991617,-0.831799319122989
2.39232214289377,-2.23642983112212
1.38159551220605,-5.12818946514006
0.728715484315847,-5.72920217189666
4.35049863653848,10.3054810556424
-6.46125463647177,-2.07842614326354
1.0879368682451,-3.77389230403777
-6.71575407189658,-5.56800784740325
6.05067869024942,-4.51321782741423
3.3318228324003,-5.38083448085662
3.74113412695596,-7.66851796779509
-6.85564426583579,2.15963993396882
12.6774897177763,1.29424891796235
11.6734985907621,1.33372721996431
-4.14579967660239,2.89758334484224
3.87958570318887,10.5566741022122
1.20369186001489,-6.25568141612883
1.47963692742059,-0.861936083172519
-6.65377811593344,3.98216448154573
-4.39688400430014,7.68491087284211
3.20253177481363,-8.22833051357146
5.81507011252115,0.283939162160199
-5.69406036538413,4.36529121723298
5.8698162634916,-7.4313272443759
2.4613713820524,-1.04268231067534
1.28679611283014,-7.16892709407683
11.1386770804472,-1.0482027140605
12.8870396216459,1.14190159168367
-7.70691255730918,-4.89177741680022
4.55402513342569,-4.62949123058196
9.08651204901407,-0.227980351184566
1.32706119614312,-7.87077750835295
-2.58606390160849,3.92884884204988
-4.69876197976401,-3.15231146488066
10.6531042655058,3.12616811123018
8.02806707220743,-6.90216149959441
3.02420731383035,-1.44179370078917
-6.41877750558188,4.39586935367708
-6.40978244942954,-1.38409330520507
6.13908239203164,-4.08566822681304
-2.40558389825156,0.707309463883679
-5.27343086404135,-3.58755364093657
-1.02078155679038,0.130770007039349
11.8058943350858,-1.20190771493788
0.888644215936158,-6.17414321575041
-6.7498388688021,4.85177765216951
-1.48060206574729,12.7881413492215
5.78173204260537,-0.729939928387363
12.179740389163,2.17078862514619
-8.59898142022421,6.88963566150789
1.08428325253198,-7.59422006282683
4.13473316031167,-3.75527753505584
4.48794074850747,-6.41701211604949
-1.22832636040976,-0.23933432075854
-0.281068126385714,0.708437779809277
-4.05879406136801,3.70050249424104
-6.97131399316123,-2.06352641258116
2.52528222399423,-4.11719288501616
-5.2262940804415,3.3043094667447
4.14904495077798,-8.23932161006804
-7.56963590783408,6.1668468507779
5.94258113699624,1.45890257682924
-5.37635759515097,4.84306202259187
-4.75887970132163,3.52927980747346
-7.61014799279502,6.47674141254548
3.76010318594644,-5.74921312007781
11.8593573172636,-0.972198506926257
12.0369829733915,1.70932827320222
-6.31274704140952,2.8837715181363
-0.224634567921664,3.44129548397187
-6.04181341332724,-5.65799035701628
1.2029008765764,-7.36332645091887
5.33870263891885,-7.36187066707488
2.38164265948007,-0.438199540709216
-5.04343609017661,5.03263101902131
3.88270278769204,-7.7057093587863
10.3846649725981,-0.892104825113971
6.49371238547036,-5.72416915569182
-5.21779112023642,4.97359905567293
-13.2660222451144,-0.14383663806792
-7.3479457299166,-1.94979836616393
-6.17595342797568,3.18419323291902
-4.67647079629233,2.98302111950044
1.64940818148324,-6.4689363447177
-5.81514839333823,4.50571117725496
3.44096346693704,-8.1179694143283
-6.30051426095298,-5.64152421626921
-0.983969251339938,1.16683755245332
-8.16344312829306,6.90878210392122
3.50688548880288,-3.31266297969695
2.35632975893686,-4.6641210523593
-4.05518297356894,3.38592467632417
-6.54742769402793,4.64010486927156
10.5882429678983,-1.59310509834166
-5.54292158288291,3.65959368076448
-0.308644096081759,0.841382006074231
10.9959091742582,0.118353763486188
12.9511456091947,0.676433900262158
-7.94703249139121,-4.515869518851
-4.33685735863974,4.16083488788728
-5.2609882752352,-3.60579552326079
-7.28321794671347,-1.53110482368346
-3.90920356911948,2.42158518161897
-1.02795771760276,0.285150447751324
11.3976320822782,2.2561989816678
-0.354811469738986,13.8893328699124
-13.4241891304903,0.0828529688370635
7.15678783255288,-4.67055263194915
-7.3537879387789,6.12466297474031
5.36679693060586,-3.76130714092131
7.1078533728666,-6.25368203792449
-1.23506359261801,2.92280564632539
-3.89727405709555,8.11000166263704
-6.15019134682944,1.86436758365754
-4.58201507729819,4.80328951206331
10.2258133490629,3.57424364414338
-0.864852468197848,1.41511366691713
10.5527796347685,-1.22332056436415
2.58153172331521,-1.12481947812911
4.04665466147134,-5.74593248042937
-7.67843870324424,-6.19455804500457
-7.16109422845175,1.74658594455842
5.21167274313638,-6.79012908611174
-12.9364962975436,0.0903294178498198
-0.376491586392428,0.533935168648999
-6.80127004784873,0.226041177178662
4.76464124518106,-5.28911294612761
-7.11659864587119,-5.17893733653899
-2.59269360703757,-1.24144395265456
2.35117753344247,-2.11020793590422
-6.90745977563193,-5.70291509303923
-4.46329883736899,8.22311029758577
-4.09552101296714,8.23937998142366
5.95025869208047,-5.41423597011443
13.229677637393,2.43027935352449
-3.47652820748618,2.83879647579316
9.58543630438516,-1.49990965995665
-5.85619501275351,3.32256446209077
6.64851661520669,-7.10341348323699
2.59546931582162,-0.506826734279353
-0.955274502461459,2.47022877063874
-0.751113335316684,1.65527377452974
-0.801465312665011,13.5211325677884
-0.222968141263034,3.35933027591829
10.9442085822172,-1.27099814090605
-3.48321680230429,-0.266959821914394
4.24015684920022,-8.307289024924
6.0888595183439,-0.920964976881702
-0.701578656857516,0.262618819142621
13.0339474280424,2.26488051738862
-4.21886305016806,3.4749387296689
6.50806804495523,-7.9421333280551
-9.06724313897421,6.86828480091218
5.39057012396524,-5.32501830730315
10.5088085730619,3.20737896289949
-7.14794496697715,-2.54631199512358
1.17425413923929,-1.56613363895293
-5.72243789834311,3.42690525379304
-0.815205971425082,1.41632030334596
3.43222685652444,-5.23873605403777
-8.18092874688437,-4.93462552699919
-6.40173248452475,4.25872145023469
9.06613679724405,1.80780897464875
-6.0877614418917,3.76359663334016
2.78840621309945,-8.18065728816863
0.00265254574487028,1.47624526348237
-0.254693786328341,0.698124268914502
5.62086387472818,0.30135391082887
5.84345765906045,1.67857752170686
-5.24958280724814,4.64542494144563
8.86528821783731,-0.359064528827627
7.24488540487954,-0.876237383221347
-7.13576177758506,4.23201713886384
-7.04644064111045,-5.93072404537078
4.66575570898721,-8.08431806239959
2.39932604628274,-8.48002233180877
-0.235567847912814,13.8099280389798
-6.2419362465792,-5.9998463598239
-1.81923989457419,2.27042661037568
-6.24367384118369,3.53303323116426
-3.68798832101157,2.31424436893586
-7.81852487725547,-2.40290488872405
-5.19565300149253,7.2861152681363
-6.74449066323569,4.41406975116853
1.30423899489114,-5.9449318853366
13.8131117423124,-0.203470757340152
3.79089852171609,10.6129294427884
8.54449172812173,-0.271478144561012
-3.46225265664389,2.23022280063752
-3.69975094003012,-0.774730941389758
8.62848420935342,-5.61856355342742
1.07371868687341,-6.77638997707244
13.263706644351,2.70292864170198
13.0233950217314,6.86170397129182
-3.30174593133261,2.12852797832612
5.94457717734048,-6.95778598461028
-2.93333534402182,-0.712341537808139
-7.22524885339072,5.10291920032625
10.4316763480253,-2.07355954322692
-6.72897009057334,-5.65930642757292
12.5156845648832,1.66326651897554
-5.11420683068564,4.29298363056306
2.37295301752755,-6.16160955104705
2.39769275980661,-2.74602808627959
10.6952299674101,3.04966030445222
-7.12527565163901,-1.93230642948027
-6.10477117699912,4.36681566562776
-4.41728929681113,3.56215367641572
-7.0387678543978,-1.73360492858763
-2.08376292390158,2.98002395954255
11.638462503726,2.10507879581575
5.83494325476358,-5.25833739910002
-5.93661646050742,4.04149113025789
6.61566444235513,-7.62481059703704
-13.3397946755343,0.0838442834866454
4.89098735647867,-4.93613805446501
-6.7104945580416,4.54888162937288
-7.58226637048056,-5.52439775142546
-5.2491360108309,4.12151632633333
6.52374645071695,-7.80214967403289
1.33710243302057,-5.94998445186492
3.73372526961038,-5.53228225383635
-0.468597094243075,13.5123730691922
2.68034907179544,-8.48181810054656
5.06170793371866,-4.36246003780242
6.25082155066201,-6.27802314433928
-6.92856268090537,4.5347896608365
5.08218046026895,-6.44905128154631
-5.94249395531943,6.07914886798982
13.1909117301054,2.66733846988801
-7.96816591424277,6.70411072101716
-3.69754413766196,4.74936781253938
-5.02361110848716,3.22890935268525
0.324996401841138,-6.29096975002166
-5.27275232476523,3.78938923206453
7.44277139502237,-1.79448749694701
-2.32054046792319,0.64639888134126
-7.41749910516074,6.13706884708528
5.66546340780923,-4.33022155437346
-6.75247625512412,-5.87376203212615
13.6907724936552,1.27392051544313
-6.7313776413851,3.64578686084871
-6.80439666909507,-4.70517005596038
-7.115567247098,2.71331296291475
-4.83297924203208,5.51685343113069
-0.097987989609744,-6.48637094173308
4.45927401381204,-8.49759282741423
1.3505109150953,-1.3937295881259
-7.06297973794272,3.73836384143953
-4.84409908456137,4.76654253330354
1.45388772087762,-4.10360397968169
-5.95827202004721,-5.93925466213103
11.6031851370878,-1.59144200954314
11.3511957724638,0.875896790887158
-7.27563146752646,3.1661008390439
-6.59854702157309,5.62357197132234
4.35735245543191,10.0726166757596
9.79591890173623,-1.26028402719374
13.3796534140653,2.32850752201204
-5.95993999642661,4.44965706195955
-5.5228233735018,6.0161858591092
11.2051663001127,1.85941086139802
5.95405002432534,-7.34906997356291
-4.20864824456504,-1.96443130645629
-6.92691044015219,3.40816078510408
-0.34998861951163,0.406989017392438
-3.06049780053427,5.05984649982576
-7.1231275002413,4.54219208088044
13.4170546134062,2.52235756244783
-1.36299852532675,12.9246378931058
4.21309157210061,10.1784039529813
0.287254770571683,-6.19566335353728
-5.64036659402182,5.11227188434724
-6.94173626107505,-5.56622972164031
-7.51163152856162,5.41078720417146
-0.351590315526034,2.736811498071
-1.18375925225547,2.77747950878267
4.53008957701394,9.84866533603791
1.30670549469659,-3.22728552493926
-0.682820598309543,13.4307948144925
2.52774926024148,-4.43869390163298
-6.03624061745932,2.65441117611055
-5.12743667763999,6.43499336567048
-0.0270345608644742,-6.34282579097624
-3.23309711617758,6.1200095209134
7.48252435522744,-7.30206908855315
-6.10513977212241,5.9704757722867
2.84669919806192,-0.423866463934142
-2.19783953828147,-1.10908432874556
2.95633836584756,-0.326866513227184
4.12407894926736,-5.73983325633879
-5.38602308434775,4.56393633213167
2.00106890993783,-8.15980519924041
1.30630679922769,-3.95958103809233
10.474586923892,-1.76338162097808
-0.778268257802035,3.14618025150422
4.91105171042154,-6.15356006297942
2.35739978151986,-1.57061125907775
9.5544151862211,-1.52778949413176
-4.27037767571738,8.69473181095247
3.37877460318277,-3.64971007976409
-7.59405473870566,-5.04985608730193
11.2218861182279,-1.63172580871459
2.27506621676156,-6.4425372091281
-5.99527219933799,5.0952087434781
-4.81479839486411,5.56043539371614
-13.571836034482,0.0263741406453063
5.9186729987211,-6.79366674098845
-6.82353786629966,-5.6471213308322
4.29242916899392,-4.47244872722502
-2.72482542199424,6.57436046924714
-5.9571495453768,4.76380071964387
13.4367508490629,1.13216159668092
-6.94548324746421,3.68607006397371
11.3015379508085,0.0739407035363128
0.0879035790509921,0.960147598649304
-8.48366407555869,-4.50887908611174
5.59831949072549,-4.28155674610015
2.26184125738809,-1.00476380262252
-6.89423040551474,4.53746471729402
2.9266964991636,-7.90750779781218
11.3816179831571,2.27006421413545
-0.48216156167319,13.7468949350369
-4.61064247292807,4.81063423481111
-5.79541067284873,6.4481631311429
3.12229843931863,-4.64689292583342
1.13733666139314,-7.69406118068572
-0.609168688481357,0.370062271024029
-0.317383209889438,1.31889663066987
5.65510745840738,-7.83165921840544
1.85528894262979,-0.739723971222598
-6.02100233239463,3.8353906663907
7.49540229635904,-7.35071744594451
-5.91294960183432,1.99237547245149
-3.61248497170737,6.58401213016633
1.64777066307733,-7.45010890636321
-4.72917083901694,6.10260448780183
-7.28300718468955,3.77899322834138
6.51737352209756,-7.45243396434661
11.8550495703764,-0.916043898199756
1.64967521029184,-2.16240718040343
-6.65914682549765,-6.55382241878386
-5.77026752633383,4.15141449298982
-3.70273927850058,2.17074570980195
-6.44400695962241,4.26430425968293
-2.60460285348227,0.745186546708386
0.0161604483670932,-6.3478573766696
9.056223352725,-2.1792726722705
-13.2530961434298,-0.087668916319568
-5.5166559616976,5.00756607380037
10.9918169577665,0.371400037671368
11.8844227393217,-1.25467534932967
-6.68234161538413,-5.6743315664279
-5.01670364541342,8.61928758945588
1.82724388437936,-1.06359662685271
6.35835834341714,-3.89746918353911
12.9921326239652,1.06895015564088
-1.77179841203025,-0.970340928171832
1.3356195290632,-4.09944953594084
3.58958264189431,-4.6963590589511
2.87768693762491,-2.6001140085208
-5.40503267449668,-3.93570770892974
-5.56493953866294,-3.96876992854949
-4.8831692139559,4.98557195987825
-4.69105772179892,-3.20818223628875
-4.73037819070151,6.81556377735261
-2.14121989411643,-1.61503603134032
-5.74466900033286,5.21855316486482
0.765359618986343,-5.1513847318637
-0.915578762715365,0.176096180344861
-2.23498229188254,0.30191109504823
-5.3126354615145,-1.92038848075743
-0.19828430814078,13.8211117776883
10.810542543704,2.88182292308931
-2.35953883332541,0.70685277309541
-0.476393739407565,3.08287701931123
3.91974683600137,-7.22435512218352
11.7402815421171,6.28781376209382
-0.398367087071444,3.10153851833467
-4.61540226144126,5.37046299305085
3.39959450560281,-0.615370487903316
-4.85949615639975,3.32408414211396
-4.47124628228476,3.09499297466401
-1.01806763810446,3.17437277164582
-3.68492750329306,-1.72673573169585
-13.2456946770602,-0.161749443148334
0.636319225007985,-6.62012090358611
-0.473807493870761,2.26287827816133
2.33039315539071,-2.31755580577727
-2.21761421365073,1.09907660808687
-4.97116235894492,4.92949495639924
-3.67180351418784,4.71152744617585
13.3745159705229,1.43777547207002
-5.57248071831992,4.23428497638826
1.75718470411966,-6.93741216335173
2.77917118864724,-7.79210366878386
-6.55262426537802,5.83672294941072
11.4142069418974,-0.396445145939548
11.8646025260038,2.12714872684602
2.62564690905282,-0.339571697746475
12.5319609244413,-0.660471668575961
-5.09529117745688,4.33793793048982
-3.28919033211997,-0.392810727578659
-5.68760828179648,3.47493396129731
-6.9241586129122,3.48255429592256
7.6772179205961,-1.86104931506987
0.033611257845853,2.46779117908601
-2.01563171548178,-1.88821091327544
-6.14977602166465,3.90233383503083
-0.370516697590854,12.5474749597562
13.3247875769682,2.31118140545015
5.33076711493203,-0.00176533136244517
5.63875003653238,-7.28993644389983
11.9920258124418,-0.39751366164263
9.69115968542764,-1.35917707357283
5.93554397421548,-6.11963452968474
-2.85864094895652,3.78445444431428
-3.23430446786216,2.13233385410432
-8.51287321252158,-5.198167225455
4.01619954901407,10.3025685342801
-6.9283409516268,-5.34826030406829
1.34444059925744,-7.3511122671115
0.654764210159276,-6.58569183025237
2.21151121454904,-6.52462424907561
4.64732023077676,-3.94530524883147
-6.42916206521323,4.22715387668733
-4.81078867120078,-3.18547954234954
-6.82218698663047,-2.69400348338958
3.25219150381753,-5.77146711025115
-7.55868486565879,-5.80144872341033
2.02948256331155,-1.07015796575423
4.41890521841714,-8.5331601110446
-5.00339273614218,7.83034525241975
-5.73201374215415,3.76202211704377
-6.33260873956015,2.43385539379243
-6.08268741769126,2.64307103481416
2.53627618151376,-1.02267881307479
2.34229024248788,11.3294631036771
3.77669521170327,-8.56481446895476
-5.12848571938803,7.81461057987336
1.7693153818197,-0.044283380840976
-0.141106108849551,12.9758835824979
-5.92902378243735,3.57131419506196
-3.57303671044638,-0.905897339914996
8.18203540640542,-6.6591104475009
-4.43177513284018,-2.76121773395415
0.888658446545098,-5.49072684917327
1.778551061923,-1.30273260745879
-7.12387279671958,-6.37891997966643
5.63613506155679,-4.05541767749663
-5.54303268594077,7.3796587976468
5.94641156988809,-4.6595372167575
11.2841448386259,0.467880049611371
-2.08478240174582,0.145271459485333
-0.230441610043551,1.23408422794465
-7.09285024804404,-4.03248085651274
-2.45099453133872,-1.81551506194945
13.3475155432768,1.03712973919038
13.4044498999662,2.46102056827668
-0.668129603093173,1.12991342868928
2.73660786944101,-0.61360812756892
5.73224826651284,0.387613454724591
-0.310837308590915,1.39126823272828
-0.166312078660037,2.88401661243562
-6.09439329308799,4.61999807682161
1.60559918480584,-1.92814292583342
5.80791421728799,-4.41455545101042
-0.303573648160006,2.61301122036103
-6.58682493371299,4.30618582096223
-6.11820558709433,4.701087096597
-7.65552477044394,-2.04642834339019
-7.28190855187705,-6.15345945033904
6.33072515326211,-4.4757575002658
2.55258055525491,-0.150571307276447
-6.94573740166953,-4.62094392452117
0.735010949248765,-4.43060197505828
13.17036958533,1.21151826706056
-7.59568170708945,-5.06309690151091
-3.91152004403403,8.35626325931672
-6.71416429681113,-5.432364365195
-5.46131376427939,3.25403986301545
2.58133407431314,-0.420940170173604
6.4369663794584,-4.02140679035063
-7.84744791192343,-2.04425384673949
2.62712164717386,-4.54367484722014
-2.58866337937644,1.1269287857068
13.4043116171903,2.14886818256501
-4.77526907128623,7.13862428989534
-7.54866747063925,-5.45657195720549
-5.8741326729708,3.74768982257966
-2.35668901604941,-2.07126214179869
-6.84009269875815,2.96717582073335
2.5888161261625,-0.217817282413204
4.88551565008828,-6.27230300578948
-4.79090503854087,4.13358078327302
2.02430899935434,0.0273774060261657
7.28746839361856,-4.65867175731536
10.3665642340727,2.97981129017
2.18434377508828,-0.568541085456569
-5.97844890755942,5.11570844974641
-1.22526029748252,2.81123266544465
-6.18613485497763,4.32816038456086
6.08817287283609,-0.679048171375949
-3.54575399560263,2.08892736759309
-4.03618339700034,7.78498373355989
2.94237752752969,-4.98405351314421
-5.35907510918906,2.09363637294893
-8.65759710473349,7.11176023807649
-5.40308670205405,2.75448355999116
-3.71818308038047,6.55999288883333
1.2428326507158,-7.63622464809294
4.47887225943277,-6.87482394847747
-5.79449657601645,5.60351906147126
-4.00739339989951,-0.714339932535846
5.91584153967569,-4.5296224561679
8.59922214346597,0.0240167769444396
-6.18707040948203,3.68238506641511
2.37933858233163,11.3005763086331
-0.478810111706759,0.519618788625043
-4.44888929528525,7.84989748325471
4.56492849188516,-4.88494767818328
-4.38428262872031,3.29684887256746
11.4287218649931,2.26736650791291
-3.7422795693331,2.91026101436738
1.33710308867166,-1.13978680047866
9.56833597021768,-1.65478195819731
3.96097632246682,10.4953061136258
-6.48272327584555,-5.70841588649626
-7.35823396844199,2.31825671520356
10.93413205939,0.628608563805859
11.6979870398588,0.268313327695172
0.280211706931089,1.64525399532441
-5.23126749200156,6.45561371173982
0.198562045866941,-5.94286050472136
0.496095587784741,-6.63098945293303
13.2783512671537,1.29581997718934
1.64537205296228,-3.78340878162261
10.7545961936064,0.000312099124233911
-1.40154270333579,12.8525410684598
-5.68063215417197,2.26166782703523
-4.09070543450644,2.28769359912996
-5.83889059228232,4.09549770679597
-5.79069999856284,4.73235807743196
1.91703255968759,-3.468421837424
2.78592153387735,-6.33490552577849
-4.73403267068198,2.65035138454561
-2.55882577103903,0.725891092683118
7.97535224753091,-6.03293265972014
-5.71935705346396,5.06140957203035
-5.7645168702059,5.19752130832795
-0.477444688504245,0.446336427594464
-6.83093313378623,0.26065931644563
11.7221417029447,-1.53010596904631
-3.84355024499228,2.10456643428926
11.6729282935209,0.0328684839260985
-7.4098878304415,6.1149750741971
-7.25801424187949,-2.4447254148471
0.359577079588864,-5.95601596507903
-2.45685915154746,-1.59024991664763
-6.99973396462729,-0.954698821638782
-13.4743657509737,-0.144649675224979
2.59472366171548,-7.23362054500457
-2.86804274720481,3.96961412754182
-6.58135656518271,4.31722364750032
1.95858069258401,-3.12004580173369
-4.11090330285361,7.87088594761018
-5.65201286477378,4.240646937753
11.3157744010038,0.392193058396619
-0.512780586903598,1.32208941307191
4.49898453551004,9.8715554269803
-6.99487594765952,3.7295557054532
-6.93033079308799,-5.88716258678313
-7.40408186120322,2.9846027883542
-5.66614631814292,-2.29223313007231
-7.26863340539267,-1.99332239303466
5.77300592261026,-0.689560851191242
-4.29651264352133,4.81384573307161
-6.57923177880576,-5.41161908779021
2.7882699568815,-4.38776292476531
11.4922308524198,-1.60098340186949
3.23888893919656,-3.34424843463774
3.91550203161905,-3.93628492030974
0.249429066950772,2.50875149097566
-4.26728872460654,-2.24400558147307
6.2025241454191,-4.43478717479582
11.7829489310331,-0.285019418333728
4.33085723715493,10.4990225824368
1.22260387736032,-1.08777513179656
9.58425374823282,-2.09198965701934
-4.59827617806723,4.95178947773103
12.1756147940702,2.32617984142427
9.66720910864541,-1.49350871715422
11.9298538764066,-1.29561944875594
3.27595015364358,-4.7986105886447
-5.21687606972983,4.45815906849031
-5.34451727074912,4.9151173624051
-4.06902317208579,3.11999950733308
-13.3700528542452,-0.0264114049422334
5.96095987158487,-0.599368056391437
1.41113509731958,-2.06908049259063
-4.97810749215415,5.20557031955842
0.367039551312421,-6.52297868404265
0.41217197972009,-5.22412051830168
0.833563541347478,-4.07419647846099
-4.93232587975791,4.08854828205232
3.53260751562784,-7.51363553676482
-6.11844400567343,-2.31124784622069
1.54644318419168,-4.93920507106658
5.35354753332803,0.124482134248059
-4.87265495461753,8.54153261509065
-5.89820865792563,2.66206417408113
4.20628257590005,-4.05859031352874
-6.86138967675498,4.73544035282258
-0.766424576466586,3.37627182331208
-3.69640688103965,2.33498869266633
-4.16901163262656,-0.440121917163093
3.40564127760598,-4.53248777065154
1.96959741907785,-5.81968440685149
6.80671926336953,-1.27986623916503
-4.34776739281943,3.98912153568391
-6.46260122460654,6.77687368717317
7.85781379538247,-1.92030157718535
-5.72668747109702,3.98271046009187
11.9128393729276,2.06598768558625
-7.10670427483847,-6.38391008052703
1.18890090780923,-5.86059512767668
7.38698097067544,-1.76286890182372
-2.92238001031211,-1.17856683406707
-2.59044436616233,3.81078062381868
-5.00499824685385,3.94687567081575
1.59956206875512,-4.20972408923979
-4.83100799722007,4.68894253101472
2.91030736761758,-6.65826406154509
-6.53394512337973,1.93669209804658
5.44987340765664,-0.499615257714946
11.8520111640043,-1.10849728259917
-4.66615537804892,7.86880789127473
-0.915940324490573,0.143888512517255
-0.243760029500033,13.2063046487821
8.18794198828409,-6.33967342052336
4.57626791792581,-8.1932696310031
-5.76698736352256,4.1086479219449
-3.79763464135459,3.36179385509614
2.23909207182596,-0.500995887552459
-3.26275304955771,5.38840828266267
-5.90512470406821,4.24046430912141
12.9596104224272,7.21037159290437
6.58769651251504,-7.42346181545134
-6.25239900750449,4.37834558811311
2.07048436003396,-0.765831878517825
4.29525585966775,-4.39502229366179
-3.90971855325034,-2.1135724988925
-6.72249607247641,-5.4987648931491
-4.35381607217124,3.37887606945161
6.17197414236734,-7.28874721202727
6.59858222799966,-7.16220512065764
-5.88448909920981,-2.22333874378081
13.0047955115385,7.01032076206331
-13.4281640450411,-0.219734510515888
-3.75514177483847,0.362964073087018
-4.90321926278403,3.24244675960664
4.1857628424711,-7.6701721158969
-5.77046350640586,5.73017034855012
-3.63801912469199,1.95710764255647
-5.61672023934653,-2.1955707279193
1.33840729790399,-3.94572200450774
-3.95399908227256,2.80918345775728
6.4280118544645,-6.69587125453826
-5.51761011285117,6.44335136737947
-0.0344635645799893,1.59619591560487
-5.15504507226279,3.2622693571103
-7.27974561852744,-2.6100086179721
1.64084585505197,-4.33272900256987
0.118250985915158,2.14521847095613
6.55708118277261,-5.97788371715422
5.73434062796304,1.71947107639436
6.91051526861856,-7.05552472743865
-5.36947254342368,4.76574430790071
-2.29410270852378,-1.13856758746978
2.32580753164956,-2.51365508708831
13.2616991599149,2.56794104900483
4.40396090346048,10.2723275217069
-7.49957803887656,-6.27416696224089
-7.03576139611533,2.96824822750215
6.89780183630655,-7.30831279430266
7.16154142218301,-7.26245107326384
11.229321916873,-1.41147079143401
-0.123012642090823,-6.09095801982756
2.58261819678018,-6.13528909358855
2.56299980478952,-1.05689241561766
-7.45570139092734,5.77878866520051
-6.48249010247519,5.16223154392366
4.31394763785074,-4.49078311595793
-3.44720176858237,-0.979327699278552
-6.44726471108725,3.21916208591584
11.4358868201322,2.17809615459565
-2.28616599244406,1.42661283340577
-6.48542932671836,2.97740731563691
1.80542274313638,-0.372840534073372
-6.70579342049887,-1.30650409135695
-7.28814844292929,-2.11275245818969
-7.6014218727999,-2.77122082385894
-3.37572626275351,2.47226033535127
0.928586718911622,-5.55790366802092
4.05744000273416,-7.61758651409026
11.521293123538,2.08641205158357
-4.36522344750693,8.73311148014192
2.000141819293,-2.14875986251708
-8.68569425744345,-4.93715753230925
4.07450934248636,-5.84312572154875
-7.0664606491976,-2.55509509715911
-1.52285627526572,-2.06509616050597
-3.66533378762534,-0.797520866726596
3.61851878958413,-8.55408467922087
-6.69648460549643,3.37263641681794
-0.522439161961581,1.17223463382844
2.22367831068704,-1.56525756988402
1.72423579292962,-0.230821421478946
11.2495083411283,0.319845775033276
9.853004892642,-2.76753296527739
1.30166639881799,-4.07887854251738
9.94058271246621,-3.27463426265593
-5.97727207345298,5.04557094898347
-5.98414472741416,4.69522247638826
2.1745643218107,-2.79836239490386
5.37613530951211,-7.84615840587493
-13.5094743172579,-0.0294296351420472
-0.222615043347384,2.79473386135225
-4.90467790765097,7.59098205890779
6.40905471640298,-4.54859103832122
12.7949270804472,2.10302195873384
-1.1076280276232,0.567968228722851
0.353536715085004,-5.87123050365325
-8.24643186730673,-5.70559539470549
-2.56783560914328,-1.26308508787032
0.796704137051795,-5.06648482951995
-6.42011598748496,2.81851516094331
5.80627771216104,-8.04294767055388
11.1399569113798,-0.0253251400935243
-5.60126117867758,5.41917810764436
1.87910660105417,-7.87636699352141
2.55571420984933,-1.73623933467742
-6.45780853432944,3.68354330387239
-5.79682115716269,2.46100435581331
0.350366552645658,-5.88179006252166
-6.08643774194052,3.19393382396821
-7.21081499261191,3.62166891422395
9.02900071936319,-0.426393704597909
0.208401997858976,1.74944124546174
-6.88444046181967,-5.40165652904387
-7.94860033196738,-4.37209477100249
-13.3646655480318,-0.025261392925937
4.50890394049356,-6.29941453609343
9.99266191321084,-1.50805320415374
-13.3753543297701,-0.0993048158633302
6.74288554983804,-1.17759408626433
-5.03971532983115,-2.22467960986968
-7.35128359002402,-5.87819995555754
12.9498133261747,1.79659424152498
-5.59544710320761,6.0115004571927
12.4789747794218,1.32646034088258
4.88179488974283,-5.03268375072356
-3.83419374627402,5.62099562015657
-6.75721410912802,3.14690575924043
6.81094404059121,-1.21379979524489
12.6628565390653,1.32409224834565
4.84069295721719,-7.62746562633391
0.324870904261563,1.54436168995027
8.68422933417032,-1.33811595115538
-5.75584558648398,4.1613274606717
5.01159616308877,-6.5263413396823
-6.44832328957846,4.58919058170442
3.00934811430642,-4.77683391246672
-6.39482216042807,-4.70574559841033
13.4574713309355,2.21349702205781
2.5572045643873,-1.80333640251036
-6.67132333916953,4.29147539463167
-5.61101535958579,3.69755421009187
-4.67944912118247,3.31105766620759
-0.170836488431003,-6.31022538814421
-6.89386705560019,3.26450620021943
2.86988325911233,-2.68732418689605
-5.28664068383506,4.64648161258821
0.546418358857129,-6.38931169185515
-0.190676013653781,-6.09383430156584
11.5238861640043,0.202550807858746
-8.62947801751425,-4.91117705974456
13.4919361670561,2.20164523449067
-3.70733598870566,-0.753589382504184
-5.25385526818564,-5.25872363719817
11.3180708487577,-0.13225468072768
-6.67977146310141,-5.98910607967253
9.34907098608682,-2.12024488124724
7.51098628836343,-6.87913169536467
5.50061031180093,-6.32340325984832
9.50574251013467,-1.63116302165862
-6.94806245965293,2.45776806202058
2.91484185057351,-6.03092517528411
-6.95053009194663,0.782453635598462
13.2409424384184,0.991834500695508
-5.38660339516928,3.74682054844026
-1.43019560975363,-0.384705430471409
-6.92252163094809,-6.05773534450408
-8.0213323037081,6.76536712970857
10.3706478674955,3.40466318454866
1.71583106117914,-3.78985728893157
4.7551602919645,-3.66954769763823
1.56460370617578,-4.19692387256499
-13.2319522301607,-0.0617403892027925
-3.8184104363375,5.24945936527376
1.78253688412378,-7.83291043910857
-5.49682764214804,-3.61024346027251
0.31552474694917,1.89983330097322
5.50954957800576,-3.75554885539885
7.57301755743692,-7.28652324352141
5.8205113013334,-4.08584799442168
1.10264055925081,-3.77441754016753
-4.97590641183188,-3.42905797634001
-2.68583730859091,6.3120752367032
8.04592700796792,-3.66150583896514
12.0511164267606,-1.18601127538558
-5.06636003655722,8.65560350742463
6.08649917441079,-4.29766406688567
-5.75817541283896,6.02770624485139
1.01223388808439,-4.36306705150481
-8.35985140008261,-5.74283971462126
-3.76168159646323,6.61526642170076
1.6903113921232,-0.244315138195712
2.24670310812661,-7.06813993129607
2.60512419539163,-1.99364235076781
-6.68179849786093,4.66824636783723
-6.58880380791953,5.51170645084504
-5.09355215234091,4.10983047809724
-1.05828336877158,2.89984593715791
-6.9715800682955,3.96479616489534
3.87393041449258,-4.25385632190581
3.12538166838357,-4.95248784694548
13.3216538031645,0.964257458115857
6.50951858359048,-4.34368695888396
-7.574485341733,-5.50636424693938
-6.41571001214316,-4.60724963817473
10.9306559165067,2.60232506122712
13.0288128455229,6.53269777622346
-6.05773309869101,3.91481886234407
-4.56694511575034,-1.17389102849837
12.9862188895292,-1.0002627578723
-2.88125399750998,-0.576494565342624
-8.13060335320761,6.84090481128816
1.84563120203683,-5.11359061870452
-5.36068014306357,4.99819574680452
5.12148805456826,-0.0961439517485688
-5.16859058541587,6.8899093660367
5.55939861136148,-4.76534881267424
11.8219923575468,6.3572503122342
1.98551328974435,-8.2536214796054
-7.26772360009482,-1.55041565570708
3.17508741217325,-0.800190648173053
8.92096086340616,-0.151049187515933
13.3053211768217,2.47281704273347
0.264677484805081,2.30572233524446
3.56700702505777,-5.4191202131259
-8.22522024316123,-5.7786663976657
12.110009630496,1.5638378652585
-4.44614032906821,5.44200001087312
12.2668089469023,3.14079628315095
3.35904761152932,-0.619215449427326
7.53569074469278,-5.67517509136077
8.98211808996866,1.90136537876252
10.3402962287016,2.17782101955537
3.32819863157937,-0.677863946293552
-6.25119308633139,1.79170141544465
-5.29202179116538,8.05274496402864
-7.8886704842501,-6.23730363521453
5.12341829138467,-8.02002229366179
6.19510551291177,-4.85951175365325
11.7093824942655,6.26558981266145
13.2237057288236,2.75882492389802
7.62987562018106,-1.15239991817351
-2.21381501359275,-1.08531870517607
-6.02305320901206,-4.10977210674163
-2.78155807656577,-1.9968996253955
-4.1795559327059,3.68338213291291
-2.90860728425315,6.49497709598665
13.1360277731962,0.838838675881665
8.8996939261503,-0.48868090484019
0.235134919459317,1.44444380130891
5.50313468771646,-4.83811273250457
-1.46973041695883,12.7943364175809
2.78123327093789,-1.6568926778781
1.67469366388986,-6.03605594310637
-7.01939300698569,-6.16577138576384
-3.7025428215914,-1.1099897232997
7.73656841116617,-1.65782954368468
-5.05584768456748,5.04938469257478
-2.45219997567466,-1.28087421331282
12.2590870459623,-1.12181653652068
8.3940820296354,-5.19781484279509
-0.0160603324823636,1.73426018085603
0.230686267191861,12.4302712472928
-8.98861078423789,6.72228203144197
7.08381076651284,-6.90134420070525
11.1044573386259,2.25901208248262
-6.44062523049643,-6.6028212514865
-5.54438833398154,3.96514044132356
-4.27417997521689,2.14247975673799
0.000944395834897138,12.716823676492
-5.38262228173545,2.22032389965181
-8.28495554131796,6.81517849292878
-5.55497411889365,-3.85471453342314
-6.9955606858187,-6.23275937709685
-5.02539447945883,5.19093094196443
-5.4618487755709,3.48328647937898
-6.56782392663291,4.45908699360017
0.826018466899489,-6.70785274181243
-6.17762283486655,-2.09693767700072
4.93651338415811,-6.59418573055144
-0.627247611706759,1.29176674213533
9.72658963995645,-1.13837536249037
12.8916287024564,6.41191540088777
3.21534057455728,-6.75424232158538
-7.40985540551474,-2.59376539859648
-2.71367601556113,3.9866677316678
-7.0471439759188,-6.30987443599578
9.26681657629678,8.8882733377469
-4.59082702798178,8.02884779300813
8.8852257330961,2.01935134258394
-0.143122533982303,-6.23415984783049
11.4385246832914,-1.10621561679717
1.30362879234025,-4.70394363078948
-3.20312027138999,5.36860571231965
-6.0972543160372,5.85134945240144
-0.571270624821689,2.42130503978853
5.58941121893594,-8.15521230373259
11.5676159461088,0.310747424031537
11.4073681433744,-1.1949928608882
-0.487288037961032,0.990624645615857
11.0316357214994,0.100918570424359
-2.87670854729941,3.8412009271634
5.66588493185708,-3.9255968538272
-6.75468782586386,2.74903402652864
-6.06512264413169,4.30837307300691
4.89613385992715,-3.71679367694731
-6.68080667657187,-6.58435430202361
-6.48480991524985,4.65033111896638
3.57863231497476,-5.96490182552214
10.876086672122,-0.0613005367266725
-8.80450872582724,7.03611717548494
1.22207959490487,-4.92487945232268
1.48112728195855,-7.17806996974822
-8.30484728020957,-4.85125341091033
4.26178189116189,-7.60817470226165
3.56535549956033,-4.8788951841342
1.28847446041772,-1.04658027562972
-2.35978559655478,0.25608293142442
4.00904866057107,-8.30289497051116
-4.26569370431235,5.82317982044343
8.83677049475381,9.05805406894807
3.91347142058084,-8.5483721700656
13.1748842795439,1.30898497429017
-6.82559398812583,4.68666420307283
10.864627321536,2.92500362720613
-9.88387445611289,3.60994491901521
1.86246033507058,-0.493104716871936
2.60916324454019,-4.66370477352019
-1.05445341271689,0.338793614770215
-3.92388776940634,6.05274591770295
11.1008696158476,2.77076945629243
11.7581753333158,1.65198955860261
1.80606182413766,-7.94196500453826
-6.8163934151583,-5.46310796413298
5.03529258566568,-3.68079652461882
-5.38417486352256,3.31928358402375
5.4126629431791,-0.0917929020869325
1.58238687115381,-3.71981873187896
-6.97262243432334,-2.44304861698027
2.16441496210763,-1.44557335052367
7.04052253561685,-6.90654077205535
6.72336192923257,-0.803178778027255
13.5450796683378,2.15784845676545
2.61043926077554,-1.89131714973326
-2.77954343957236,0.996767977143567
6.42550607519815,-0.801272919510562
-5.72382835549643,-3.87653555545684
-1.47337178391745,12.7758370431912
11.2916483481474,0.512286404038708
-6.62618974847129,-1.48533191356536
-5.86143402261069,3.86262283649568
-6.0198321740084,5.04162893619661
-5.30496029061606,-5.25905790004607
-4.6453295151644,8.58037767734651
-6.3124757210665,0.604618826772015
-7.07465509576133,3.22506366100435
-6.54633192223838,2.96426663723115
-6.48640970391562,3.59172592487458
-1.86735204858115,-1.76620437774535
-5.46725849313071,4.03474674549226
3.93582149344156,10.4918528589261
-6.50350050133994,3.31709060993318
11.0398506720609,0.736320236588757
-8.1617303292208,6.68313942279939
-7.27173666161826,2.9776390584958
1.95096131163308,-0.584127863978107
10.0633730490751,-1.77673711452361
8.00193353491495,-6.93131389293547
-4.1131291787081,-1.02057453069564
2.59198482828805,-4.10146488818999
-1.2957156102114,-0.588856270645816
-6.78615335625937,0.213163891698163
0.470814367110227,-5.67390002879973
-6.47760728997519,6.17618618335847
-5.24244789284995,4.9787741693509
-0.761005322163608,1.72631988849763
-7.52639249963095,-2.47721280727263
-1.30019311112693,2.54104934063081
-6.91399435204795,-4.13837852153655
-4.88114265603354,5.15639744129304
-5.96003965539267,-4.01654781970854
2.57002266245553,-0.80619739565726
-5.52837614220908,5.17774353351716
-5.66658739251425,-3.95278467807647
-6.3278394143038,-4.38074006709929
-6.70903686684897,-0.0191508439528535
8.14822431402871,-1.2586965170848
-5.5053673188143,5.09096632328157
12.9831194480009,6.78087864246492
7.9399771292753,-6.79999293956633
6.55040927725503,-6.97753085765715
8.82906289892862,0.0323684903634002
8.01662059622476,-6.79810037288542
12.2743458350248,-1.10692968044158
-5.36399416131308,7.26479730930452
-5.40219787759116,4.2821098360074
3.1544739802427,-5.19108333263274
-2.97061661881736,3.88416014042024
0.288666387373899,1.72748742427949
2.17282136278817,-4.31482782039519
0.135474344069455,-5.88354053172942
-0.724836150830295,0.515152791405957
-4.23069481057456,2.74869141903047
-7.14643816155722,-4.61488999996062
2.97445555525491,-6.67634572658416
4.6761352618284,-6.46880092296477
-3.85379604501059,3.10122762050752
2.48900743323037,-0.517151853178699
-3.77853588265708,-0.714799812172611
5.52184720831582,-5.91822948131438
12.1825337012357,6.52955303516511
-0.707625667279269,2.31602630939607
8.80425020056436,9.14760599460725
-7.86785177392295,-5.14779462489958
1.7523002226896,-0.189395671819408
-5.60992387933066,-2.97136463794585
-8.10050539178183,6.59514913883333
12.8669190009184,2.35773287143831
-0.0584153930597562,-6.55268134746428
-8.05312589806845,-4.9786290136325
-2.93872741860678,6.34756384220247
11.5741619666166,0.282987693215649
-2.12260250253012,-2.06279029521819
5.82718082266519,0.196282366181653
4.21888418989847,10.3955966028226
3.69130440550515,-7.67703857097502
0.209536929900144,2.25761041965608
11.3826632102079,-1.33308919343825
13.0879854758329,6.96884832706575
-6.71963457269004,0.917664626504224
-3.67462352914145,0.89122937049989
6.34759755926797,-6.84400643977996
-9.89670805138877,3.57226834621553
-6.21520237130454,2.44516001072053
0.510540535027478,-6.76793756160613
-5.49811510247519,-2.24677159461852
7.98058696585367,-1.88665010604735
11.7303833563871,-1.50918235454436
9.02289434271524,-4.79675521526213
-5.90038398904135,4.07251463260774
5.41892715292642,-3.83696403179045
8.24858184652994,-5.82412662181731
-2.63721279305747,6.3702069314969
-6.24911455315879,0.699286797906201
-2.28863124055197,-1.77222087058898
9.29051538305948,-0.719990452860553
0.371476580674146,-4.90027608547087
-2.85355834168723,1.93414054241304
1.64892711239526,-4.28682770404692
-0.67206315202048,2.59424529399995
-8.56880430383017,-5.16411294612761
11.7354130347318,-1.36612983617659
2.56279559927652,-6.22385253581877
4.43935104208658,9.94982538547639
-6.64778761071494,0.276441076661389
-4.90841535729697,-2.29332663688536
-5.45832399529746,5.73321686115388
6.63046022253701,-4.45149364147063
-3.87665037316611,-1.09563412341948
-7.75534013909629,-6.25231351528044
-4.11481479806235,5.97850427951936
-3.86659578484824,8.26963148441438
-0.590047280018832,0.6175094040883
-7.45920614404013,-2.44749893817778
-1.93362096947959,2.5967317613614
10.5895800192899,2.18333158817415
-5.82667640847495,3.40984950389985
-7.56667474908164,-2.63153614673491
4.04919143515298,-7.51609601650115
-4.14603523415854,7.85197363224153
-6.97919563454917,-5.34185304317351
2.91038080053994,-2.53287138614531
-5.82155708474448,5.05377731647615
3.63191576796243,-5.44633569393035
-8.48612074059775,-4.97528113994475
-8.49672464532187,-5.59648646983977
-6.73227647942832,-2.5490464178073
-4.77484325570395,7.55231819477205
2.17701907950113,-1.56485881481047
-7.36433653039267,3.01932249393586
-3.458678285306,6.48007068958406
3.4486019213743,-6.07365359935637
5.59096570807168,-0.674323042963702
8.12767740088174,-6.24584474239226
9.54948087530801,-1.25077225837584
-4.797874013608,5.08896217670564
-0.901602188771274,12.7047024759305
-6.50668577355674,3.90235338535432
8.00458045798013,-7.09523381862517
12.1534599860258,0.0952948423874785
-5.08876947564414,-3.29777612361785
8.78142209845254,-0.133912464712817
3.09357996779153,-8.01284017238494
-4.89760021371176,3.50575242366914
-7.27607683343222,-5.57462777767058
-0.676079432194735,0.458974996472638
-5.49580911797812,2.48022923793916
0.204370995337461,-5.9441093412387
4.4648794730253,-5.69847144756194
6.37118621664712,-7.16591491374846
-0.560584704106357,0.664179066087048
-4.64105180901816,8.25456056919221
2.61253960924814,-4.40386953029509
5.86758609610269,-4.10466518077727
9.76308866339395,-1.82890667590972
-6.88019947213462,2.33455286350374
3.53005405264566,-8.75913991603728
4.5578856070585,9.94258127536897
-5.2168536583834,4.74139128055696
2.25336297350595,-6.5509528127658
1.27475892501542,-1.25870587501403
-9.84640459222129,3.54155001964692
10.227724512393,3.59746442165498
-7.01001314324668,3.55016098346833
-6.28720573586753,3.82414064731721
-6.24173120660117,3.71808967914705
0.546756645018552,-5.29177131328459
-5.08384756249716,6.955641368295
2.90468235808084,-8.03949966106292
-5.28905014199546,6.43718061771516
-4.87761644524863,6.51037607517366
-6.41844896477988,3.65299806919221
3.2932474215574,-3.3237103429782
-6.22498087090781,-5.23712196025725
-10.0103173653536,3.60223350849275
0.225255449587796,-6.7050842252719
-5.265074769681,-3.67091955814238
-0.928022662823703,3.01208410587434
5.46298547583291,0.18346695032243
-6.25489954156211,2.96396694507722
-7.0331149498873,-5.75982370052214
-3.79146627587607,-1.3555113283145
-7.36390546960166,-2.65584935817595
-6.15558675927451,4.01639423694734
-5.58216337365439,2.93421993579988
-6.92037538689902,-2.33746840629454
-4.46344331902793,3.70825252857332
-1.10605470341971,-0.0338744131075929
4.86867853003213,-5.41151036891814
2.65335651236245,-8.27677287731047
0.269439121062253,2.46696887340669
6.15431829291055,-3.74039187106963
-7.14819721383383,2.55462847080354
10.3928780158109,-1.97475816879149
8.79901977377603,-2.03735294017668
-7.02124504250815,-1.68628730449553
-6.51461986703208,-5.86850633296843
-7.04617838067343,-6.59657802257415
13.4249233801908,2.432368138696
-3.06528047723105,3.9844738039029
0.991990273172353,-7.30515136394377
1.34565736847589,-4.22896685275908
-5.95407442254355,4.88603077259187
-3.38197187585166,5.39554224338655
-4.42545131844809,7.94334040012483
-13.5379290978365,-0.0746932235705445
1.46608497696588,-2.80585851344939
2.8458711703367,-4.52939166698332
-3.39115337533286,-0.569313472245891
11.8525824149198,0.415522316361706
-5.97521881264975,3.94156513538484
3.19187851744363,-3.35971870097991
-0.870905677502658,0.187006274129193
-5.52013687295249,4.81669149723176
-8.42948106927207,6.8149786981595
-7.43425993127158,-4.63949432048674
-1.44280413789084,12.8524476083768
5.66554399328897,-6.2110542264926
8.10888715582559,-1.46521188888427
13.2591938574857,1.05713281955842
-2.76997379464438,3.64646158542756
11.2516092856474,0.113235542441647
12.496261080081,-0.413901688640077
11.3580650885648,1.75939402904634
8.67733808355996,-1.17123218450423
-4.56605104607871,3.39133820858125
11.2095608313627,-1.68708529147979
0.389581074292157,-5.21839465770598
-4.71912483376792,8.59453974094514
-6.72194055718711,5.77741251316194
11.0661692221708,0.48814795341615
-5.66038088006308,6.5074606927884
6.18706031637857,-6.90760364208098
11.0253729422636,-1.15667524013396
-5.87229351205161,5.97926864948396
-13.2762122551852,-0.0807669368731568
13.2356476386137,1.25488732185487
-6.76056436700156,-6.61422338161345
-7.04520992440512,3.21045766201143
-5.9618635575228,-2.19356574687834
7.16135164099405,-4.58217134151335
-3.65976051492026,1.89163432445649
1.73293795185754,-3.23119392070647
-5.4767036835604,2.82228551235322
3.26576515036294,-0.795296600197513
3.53549476462076,-5.42196216258879
2.60578521090219,-4.1788071599948
4.53800197439859,9.8568316492093
-4.00693849725058,-0.960730692480762
-4.73466781777671,-3.14794006023284
2.35327454405496,-4.92410649928923
-5.36970380944541,7.5815368684781
-6.44522718591025,4.48544273700837
1.06382670002649,-6.14280833873625
-6.1673546235018,2.06088195171479
12.9775976737089,6.86702833500032
-7.09792617959311,-4.18945135745879
-0.381218115513827,3.41495833721284
11.1614079077787,2.28176150646333
-5.52272705239585,7.34210214939241
-6.16253999871543,-5.22520436916228
1.16889165836046,-6.82504405650969
-6.66380170983603,1.20252380695466
-1.96032146615317,-2.1471657958972
-5.47260717553427,3.41598496761445
3.10978098707864,-3.52265586528655
11.8561911185331,6.35965309467439
5.16385932760904,-5.08046044978972
-13.3745589653902,-0.0189769474017213
0.0341600378103,-6.31966199550505
-5.97226671380332,4.1797338518155
-5.16682151955893,5.71887216892366
2.11902852850625,-0.659190556143482
12.3083681662626,6.5881081613553
-4.8069973389559,7.35782442417268
-6.80765203637412,-5.9925540891635
2.878568847949,-8.49691762599822
-5.53807501000693,4.0043793710721
5.10624070959756,-6.34176244411345
-0.599282423680331,13.6279250177396
-6.0998726288729,-5.71925868663665
2.82698150473306,-1.13025750789519
-6.3139930169039,-6.0798171964633
4.39488597708413,10.0574761423123
2.86837573843667,-0.157236492370326
3.62982292967508,-5.25841273937102
-7.40903619927695,-6.53314675960417
-13.2994037072115,-0.0955408719527314
-0.140120903676059,3.05379543628816
-6.19297556084922,5.98116073932771
-6.35767892998984,2.10321078624849
-0.024959425156619,1.16899535980348
0.638988902146314,-6.53588380489226
7.84885927038858,-5.66683473262664
13.5678152640409,2.06870160427217
-3.45399336022666,4.6942339929593
10.2048182089872,-1.97137012157317
-0.184066216176059,0.926325896645825
11.1203951438017,-0.373163214993734
7.84859939413736,-6.99275388393279
2.0758858521528,-5.79514684352751
4.42338176565835,9.99311552372102
-6.47231535119345,6.07573519077424
-4.43252281350424,2.32842789020662
-5.12357000512412,6.8362918886197
-5.43747142953208,5.44138012256746
-6.88706926507285,2.22446499195222
-7.36836866540244,2.70743260707978
-3.5400467316561,3.14412341442231
-3.71945099038413,-1.07219274911757
-3.37726692361167,-2.05261983547087
-5.32915405434897,4.6707874330533
-4.99838070077231,8.7629185709012
2.845933874423,-0.10660057339545
-13.4200358788424,-0.0485024062144349
12.0794491370268,1.59197388019685
2.61269243555734,-2.64476027164336
1.1962990959234,-3.60579552326079
8.49429651098916,0.000575283433239648
-6.93158964318564,-1.47521962795134
10.7142719824857,-1.90078665885802
-5.50060896081259,-5.25990905437346
2.5056223471708,-3.40736593875762
-13.2922006050997,-0.0906514731394837
1.91089661913583,-4.23450245532866
-4.79612735909751,8.71176157322053
-0.0167221228533048,1.79900608387117
2.40332301455209,-2.09954776439543
0.0854582984990817,12.4628563913358
-1.24902729195883,-0.0483596232878755
6.49613328772256,-7.72687902126189
0.803742681013039,-4.00747718486663
-3.87102655572226,2.73549018230562
0.376645018631909,-5.53322209987517
3.08874126272867,-1.52423216972228
12.7183518012113,1.14290259208802
12.2602438529081,6.54141245212678
11.7063965399809,-1.61791243228789
10.3173451026029,2.61466155376558
2.05510338144967,-5.9374832120883
-7.04557327431967,-2.61811055812712
4.26190491514871,10.3059435876859
1.58076216774652,-0.783139815663059
-4.74007801217368,8.47514448490266
-2.43775157136252,-1.00789769563552
-6.35153440636924,4.79738483753328
-2.97845629853537,-0.194054162238796
11.230313738162,0.356083789731305
10.0671648581571,-2.05421867046233
-5.02674249810508,-3.41013350162383
-4.33267788094809,2.95964083995942
4.16698499518106,-8.57435788783904
-3.87048772973349,3.47825441684846
6.6741661627836,-4.42468967113372
-3.66458181542685,4.23158321704988
6.00670715170572,1.50512979354982
-0.232067624753024,0.61453566875581
-1.47717789811423,2.65276799526338
2.99406882124612,-3.46016993198272
0.0374157031125766,-6.39406480464812
-7.24869207543662,-2.70825972232695
5.27591987448404,-0.458989864324291
-5.66002039117148,2.8724475893033
-7.76075987023642,-2.22049965534087
0.703444359178041,-6.47606458339568
12.9677786429472,6.99494896259431
-4.10217098397544,-0.979712268446643
2.50869294005105,-0.530361345146854
-6.65831522149375,0.135182956124585
-0.267501393979098,1.29551492061738
4.5247623522825,-3.54251088771697
-7.34168867272666,-6.40962352428313
3.29128094511697,-3.22973885211821
13.4206251700468,1.94886288967256
-5.3096738259249,7.45781145420198
1.80920060473153,-4.80700292262908
-6.08679203194907,-2.396484753226
2.1331710417814,-8.37915315303679
11.1075729926176,2.70082793560151
3.41691966849038,-1.0892679897296
-6.11846021813681,2.73642502155427
-6.15041832131674,3.83933697071199
-2.82609490556052,3.56755147304658
12.6279625495023,0.325562635327618
10.2523455222196,3.56996927585725
-6.9906778733187,-5.51286449108
5.56691261130044,1.85609708156709
-0.430698076909091,2.93044553127412
-3.64740089577964,-0.848363926743228
-5.31507162255576,4.33264217701082
-6.8970384995394,-1.39901425514098
-6.74332145852378,-2.46954645786162
11.4871220191068,1.16730914440278
-6.48960212868979,1.33311591472749
9.35286184149454,-0.772211900089938
-5.0486407677584,5.50755510654573
-7.74583391351035,-5.80384244594451
-7.64680341882041,-5.33175697002288
1.88322635489175,-1.17862810764189
5.43211313086221,-8.32686605129119
2.26720150309274,-0.226117422913272
2.16441460447976,-0.677040210102756
-13.5016675393038,-0.129953613613803
-6.95894817513755,-6.4365614858615
-6.42116407555869,4.43511209812288
-6.60910181206992,4.08916960086946
5.68971439200113,-0.486939406131465
2.13443239527414,-2.31432630691405
11.9175533850736,0.313514629269879
0.0834455092496615,-5.75888576183196
-5.20313314599326,7.13695011463289
-6.28381733102133,-6.52270736369963
4.58479019003579,-3.9860638586032
2.26708134012887,-4.77522887859221
4.28458138304422,-5.88824596080657
-3.53923372430136,-1.03801812801238
-2.37549523515036,-1.07106985721465
-5.32713226479819,2.69219360675935
-6.98607544106772,-2.31928434047576
-3.45950702828696,-2.21459104690428
1.28864633041093,-1.35058786544677
-7.0133510033541,2.38805280056123
-2.96674493951133,4.07486114826326
2.96972223120401,-8.3074864355075
-7.72519830865195,-1.87161280784484
-3.42524103326133,-0.496479278539378
10.7067989905424,-1.42674102458831
0.270785530383084,-6.28616799983855
5.34375854330728,-8.17183532390471
12.8836502631254,6.6791349443448
13.1665768225736,-0.964948793982227
-2.86658815545371,-1.40958370838042
-4.53135780495932,7.81452093448762
-7.13429359597495,-4.81792106304045
1.99751301603982,-7.92693366680022
-0.7614902655535,1.47264573898439
-7.236106435483,1.48347614135865
5.34272189932534,-7.5926517454135
-7.05938152474692,3.74925861683015
-5.81619981927207,2.54185567226533
-5.11068586510947,4.05974827137117
-4.00699333352378,8.22264204349641
-2.43867425126364,-1.51458456191893
4.53584833937356,-4.55937232646819
-3.92773822945883,6.39609012928132
-6.65676168603232,4.79542169895295
-4.58593610925009,5.0127416643155
-4.94409135979941,5.42973623600129
-0.754968682950045,3.47278652515535
2.52243860560128,-1.7902984825122
-4.97936491174033,5.02099094715242
1.81525452929208,-0.527183508609493
3.13250394659707,-0.567248990868289
7.98534103232095,-1.64864804420348
2.53160699206064,-7.59763326320525
0.42546840506265,1.6516519578946
0.797454188397471,-5.75745477352019
1.14283352094362,-5.55248059902068
-4.54278282326987,7.85672483768586
-6.29142908257773,4.63370476093416
-0.0733063618593472,1.55970177974824
-5.4522610108309,4.6738916429532
-5.71329979104331,5.33079777088289
-0.333369414036776,13.8028307947171
11.7574190695829,2.28844557132844
-6.75993255776694,-5.43479289684172
3.35120054083535,-3.68872203502532
-3.39852813882163,2.14437089290742
-0.248266259854342,13.1815081628812
8.95877691107461,9.02892790165071
-7.67577795190146,-6.15673055324431
-3.17736224335959,2.33057437267427
-0.884532968228366,0.913377502824109
-6.13186029595664,-6.40838088664885
2.44063778715799,-3.433261057471
6.13943572836587,-7.31045426998015
4.50088020163247,-7.6249684301364
3.73866983252237,-6.47265567455168
-6.89234022301963,4.33243046131257
-7.02330116433432,-6.44257201824065
5.46999355154702,-6.72463168773528
-1.88461736840537,-1.78816380176421
7.14487930136392,-7.25656881008025
-5.35111049813559,6.64964161243562
4.30840059118936,-5.92724456462737
11.708250482852,-0.283814801012237
5.34277625876138,-4.56095399532195
7.28714414435098,-5.66483773860808
-7.18811992806723,-5.52972974452849
-6.12665085000327,4.29461870517854
2.20084853964517,-1.02920957479354
9.78132005530069,-1.01570214900847
12.8421549399442,6.72587881412629
-8.7256894509249,6.90503511753206
-8.28327421349814,6.97544727649812
2.88579030829141,-5.07944430980559
-6.16067127389243,4.55101738300447
-5.72834257287314,3.14130578365449
9.45501561957071,-1.54738225612517
6.4630221922941,-7.57022323284026
-1.11867527169516,1.69518218364839
-5.66143659753134,4.25984630909089
-7.15634731454184,3.44555912342195
-6.60601762933066,-0.629872044657428
3.38003965216348,-8.57977475795623
-5.7592006127291,2.05235824909333
-7.90251402062705,6.51303778019075
-3.6157417694979,-2.39667358074065
-4.88938764733603,7.92327890720491
3.600821216876,-7.61406840953704
-6.31375888985923,5.19235573139314
-5.02780536813071,3.58963189449434
5.55110879736612,-3.90635814342376
-1.48808602494528,12.7735291513455
7.32230754690835,-6.44742145213957
-6.26874784631064,2.2611239942563
0.393395711953137,-5.44796695384856
5.82230182486245,-7.09014119777556
-0.350429932301547,0.56349317159776
13.3034796317167,2.59016428318147
9.50906129675577,-0.888596555327136
4.93563552694986,-5.79438533458586
-1.12345627946189,-0.00480692658301096
5.55252166586587,-4.03385343227263
4.44544001417825,-8.48080434474822
10.3052725394315,2.17464647617463
-6.60855487984946,5.30992946949128
0.17222281294534,-6.45820989284392
3.34958382445047,-0.659474661682803
-7.03431753320029,-5.93766107234832
13.4440111716337,2.44671902980928
7.99257942038247,-1.8448262420642
-7.19330934685996,3.83305559482698
-7.02907041711142,-2.16545679244872
2.75319572287271,-0.793442359303195
5.60065170126626,-0.54701141092654
3.32048221426675,-0.632524063919742
-4.36043075722983,3.13275418605928
9.10067888098428,8.53618631687288
11.2176174719877,2.19985399570588
11.7761816580839,6.31853256549959
8.92620511847207,-1.42127039108153
7.05985303717325,-0.844044050310809
-6.31087593240073,4.51326618518953
-2.40802315873435,-1.23732610616561
6.31786151724527,-4.39500035915251
-4.09519581002524,3.10932455387239
1.88075633841226,-0.393053121973831
0.158942719275449,12.4778576883328
-4.42383770150473,4.35295877781038
0.634862055356,-6.05420627269622
-5.65657333535483,-3.94000782642241
1.61060621338556,-3.27856244716521
2.71632738905618,-3.37645187053557
-7.27130846185019,-4.40539207134124
-0.51327900094321,13.5930663141263
0.431643714482282,1.99729857769136
0.156802495295499,-5.5095743146884
13.4368509848661,1.2165409120572
-6.75102667016318,3.90007791843538
1.28626259165475,-6.27477111492034
4.94527002173135,-8.39898576412078
2.97589131193826,-1.56494786414977
3.5023173888273,-5.20475902233
-1.84198526543906,2.86249647464875
0.112729032809232,-6.61248149547454
6.48995014029214,-4.97154178295012
2.15872653322885,-2.49706973705168
8.77619024115274,-0.223613714908321
12.5943789084501,-0.504353484247882
8.448548277194,-3.25462975177642
3.42609544592569,-3.30244936618682
11.6532997687406,6.23102674808626
13.4461149771757,1.45602701034669
6.32178636389444,-7.2861913648593
-2.82741765183737,1.2612757476819
-7.20173315209677,1.82488499012117
-6.23902849358847,4.93370685901765
-3.67456440133383,2.50951872196321
3.08767147856424,-4.65616216335173
-5.83241609734824,3.27755890216951
-6.14660982293418,6.26510629978303
-3.74160961312583,-1.00465883884307
6.25518127279947,-4.38934030208464
1.13456564145753,-4.42877807292815
0.215270002657865,-6.98763312969084
-4.66037277383139,3.45337281551484
-0.820243636792209,1.64531789150361
1.08346151309678,-6.04228534374114
-5.57981161279013,6.1457835229886
3.44925566511819,-0.82963963422652
-6.80983833474448,-6.02074565563079
-5.11307005090049,3.4370490106595
-5.99620441598227,5.13386831607942
-3.79121307534507,-1.07003911409255
0.462806512886975,-6.3564604726779
2.7515575488157,-3.39576520595427
-3.41688064736655,-2.34732665691252
1.76096733408639,-0.599195903276164
-2.60452322167685,4.07564173069124
10.3324770529814,-2.37843730125304
5.98291440802285,0.183720627690594
2.90979452925393,-4.54755344066497
-7.14351419610312,3.69554052677278
1.48966147499749,-2.7684649435031
-5.48432497185996,4.61327181186799
-2.05527095002463,-1.86777903709288
-4.38118747872641,8.26875028934602
1.18917842703531,-5.58651294383879
0.167493661219571,12.474503615762
1.78305371599862,-4.13363494548674
-5.99763302010825,-4.27616157207366
7.52675958471963,-1.85280682716246
-4.58480838937094,4.46895656910066
2.06787641840646,-1.9845853057849
-0.534322420781161,1.92751512851838
-7.70840887231162,-5.00772132549163
-8.48420194787314,-5.4513524976718
0.467309017950986,-5.22319688472624
5.24426933127115,-5.26869525585051
-4.20771841210654,8.00298223819856
-2.05283264321616,-1.49433126125212
-6.06613258523276,1.30613754119996
0.167042036826108,12.5459242853177
-7.77815584344199,-2.48626269969817
5.35206504660318,-5.31391515407439
-3.31527094048789,-0.774062713717181
-1.32344345254233,2.54333291378145
-4.87337259454062,5.15819177951936
-6.97824339074424,1.92732987728242
-0.272663275425937,1.08339176502351
-5.19807819527915,3.96269712772493
-6.25552467507651,-2.47285308513518
-2.71800712746909,6.31071291294221
5.54788108664224,-3.87850823078032
-3.82960752648642,-0.929225524996478
6.54396005469034,-7.49203910503264
13.5015282233305,2.69639335003022
2.86832567053506,-6.52406444225188
2.83631225424478,-2.10257925662871
-6.02994445962241,5.53011665668611
-5.3841162125521,-2.12397660884734
11.1607632239408,0.602837065125745
-6.19612936181357,5.25895080890779
12.9270767767973,6.75032387104158
-5.38601164025595,5.92758617725496
-5.25546220940879,2.95938477840547
-4.43475298089316,7.87351141300325
12.9025320609159,6.29610262241487
3.82096978026101,-8.55764283809539
6.24955268698404,-3.54427113208647
-5.49390463036826,4.23144016590242
4.3404190142698,-4.00627865466948
-5.73460392159751,3.69865331974153
1.90325649576852,-1.34085102949019
3.47195025282571,-5.08220853481169
11.6483997901029,0.206665137673657
4.76009436445901,-7.4815906492221
0.938149323040937,-5.19689597759124
6.54187246161172,-7.76125945720549
11.1892084677763,2.20887646999482
2.21582396822641,-2.47290100726958
-4.64899496239951,-3.30432238254424
-7.24143366021445,-5.93187560710784
-5.67282537621787,4.22842750873689
-0.886803785985019,0.464888134862225
9.06600519018838,-0.555366730426509
3.80950518446634,-7.94330205592986
-2.57173232240012,1.25324044551973
3.3206767638273,-0.608957206939418
-6.50433305901816,3.38199363079194
-5.57697776955893,5.03131733265046
6.37209983664224,-7.25048675212737
3.39326306181619,-3.91682901058074
-5.47650674981406,-5.89077224407073
-7.80229524773886,-1.88799359474059
-4.39640430611899,1.97773871746187
-7.44296411675742,2.55147538509492
-6.19359926385215,4.95105371799592
13.0676207144804,-0.689362457131107
-6.76833967370322,4.55545816745881
-7.23060182732871,3.71499309864167
-6.18955377740195,2.80906329479341
0.171681900794004,12.5526095422757
8.272278745944,-3.90748610172148
3.72418328123758,-6.31665744457122
-6.73555187386801,3.76783571567659
-2.78017024201682,1.00793240394716
-5.13365368050864,5.78589544620637
-7.15697101754477,2.66921387043123
9.47736879187295,-0.799938133095462
4.67100663977334,-8.2789219823825
6.18879409628579,-7.29221334133025
0.302735110098813,-5.63243665370818
9.02747674780557,-0.831365993355472
-5.03219226998618,8.68057833042268
-7.31689790887168,3.88459596958284
4.51244445639322,9.92149458255891
-7.03143028420737,-5.98984279308196
4.50591059523294,-4.39034881267424
4.00975700216958,-7.91432323131438
-4.62388805550864,-1.18670715961333
-5.07198146981528,5.45559702243928
-5.16076807183554,4.41432772007112
-3.53568700951865,5.20831785526399
-6.33077816170981,2.67637763347749
-6.02789024514487,5.22759924259309
-5.58459190530112,4.86196623172883
-5.32401708764365,-2.65972914371367
6.14939876394937,-0.685075214241702
2.66005786257455,-0.21162385318156
1.23323138552377,-5.66492547664519
2.47845192747781,-6.1019724813449
-3.62250188988974,5.07983599033479
13.407933672244,2.54027328815583
11.6068014700956,2.48240194645051
1.61033334332177,-1.76866449985381
8.95175786810586,-2.79299440059539
-5.55662254494956,3.23279533710603
-13.4577718178683,-0.126556059454639
-5.20163730782798,7.57516346302156
2.00317939120004,-0.230502909158428
-5.22628883523276,7.96094999637727
9.36299272375772,-2.19718255672332
2.16702648001382,-3.40900864276763
-6.80798963708213,4.8310690912259
2.67725809412668,-4.13302077922698
-0.533202091877963,0.610042849446576
-5.8259263436251,5.01116381015901
-4.72851566476157,6.37267170276765
3.13833280401895,-6.70567931804534
11.8181910117216,-1.43350114498015
-4.48053793114951,4.62556944217805
-4.57447389764121,7.69701967563752
-7.43578771752646,-2.16737320098754
6.54045196371743,-6.33276881847258
-6.45144180459311,3.84636173572664
-6.19706396264365,5.4517966302884
-5.54734806222251,-2.06064691219207
4.1236188014097,-8.34591331157561
2.09723230200479,-2.03212632808562
-4.63317112130454,8.22187242832307
-6.90707210702231,5.3784757646573
-9.74252466363242,3.51202593174104
-6.81782917184165,4.97300253238801
-6.14274028939536,-5.38107528362151
-6.9984469811373,-2.43908586177703
13.6249212821073,2.19469247188691
-7.03353265923789,-2.61981095943328
5.3229116995878,-0.199637835954387
-6.47135595483115,-3.13318290386077
9.58225675421426,-2.48063292178984
0.287026544386838,1.5897121223462
-4.65859035653403,3.72747383442048
7.10678859549234,-4.76776780757781
12.9201092322416,6.92992840137605
1.25605227547357,-4.25894941959258
-6.35309080285361,-1.98044504794951
-4.3843899170809,5.88686237659578
2.22505768137643,-3.78523173007842
-7.46734098595908,-6.41524972591277
-4.86808065575888,5.30925236072664
6.94608589010904,-6.44353189144011
-6.26242832345298,2.41285858478669
-5.93569044274619,-6.31914415035124
-2.73618320626548,-2.06853570613738
5.25649162131021,-0.482076486681659
-4.54167370003989,-0.16757831547137
3.27600045996377,-0.352928951491673
5.05018134909341,0.168495515252392
-4.43040994805625,8.7301865610135
-4.47706274194052,5.49712524738435
-1.76813272637656,-1.94257154140349
10.8350176413603,2.77509222355012
5.95171733694742,1.44931111660127
11.8188509543485,0.352032879258435
6.11011596518228,-7.39176835689421
3.43054767447183,-7.93180598888274
3.43157740431497,-3.51137294444915
-8.46272329491904,7.0411692651761
6.54813762503335,-4.60883273753997
4.17373009520242,-6.74718560848113
1.28034638362596,-6.3551553693759
-7.74854330224326,-2.48569550189849
-5.58308891457846,3.11250028934602
-3.64418939751914,4.8204546960843
-5.24422792596152,4.51135311451082
6.41957565146158,-3.98069228801604
-4.64147333306601,-3.0683757272708
1.5341006715841,-2.06539108428832
-4.94854025048545,8.99467764225129
3.06334253149698,-2.63958444270964
-7.5724740425997,-2.66057004604216
-6.15298132104209,3.94686947193269
-7.28266767663291,-6.20949210796233
-5.09917883080771,5.37770853366975
-3.2587795655184,4.0160957368863
9.0487885077543,8.98360357608918
-6.96727995080283,5.49991426792268
-1.89730075997641,-1.91039743099089
-3.985440293973,4.78061685886506
0.203753431612943,-6.56353797588225
-3.91425518197348,2.28923688259248
0.408972283179257,-5.55776824626799
-6.2544660965853,-2.43035616550322
6.34651275473306,-7.16646041545745
2.24514981108377,-0.936585804556567
-7.49641756219199,3.35645995464448
2.69427378969857,-0.503499886130054
-6.81083301705649,-5.09659375820037
0.166295667464231,1.58587906684999
10.4155840476103,-0.963041385744769
-7.15176777047446,3.2758477720273
3.73844190436075,-8.4302720037448
-5.55800966424277,-2.20695259246703
8.88141675787637,2.01833901729707
2.02074213820169,-3.96288337383147
3.40782423811624,-5.75832881603118
2.4331069787092,11.2609492334378
-5.45069793862632,6.80816564884309
6.06810565787027,-4.00052346858855
13.4096569617338,0.507001498605054
4.13678856688211,-5.84410943660613
-6.71670726937583,-6.6217044797885
-4.3565168778353,4.4656830820096
0.0089638431615573,-5.76515664729949
5.85185857611367,-7.67780055675383
-4.61264709634116,8.85644255008821
-2.68781928223899,3.96352253284578
0.237898727232907,2.31434617366914
-4.73145775002768,4.82356272068147
-6.60238174599936,-2.43855132732268
11.6485991080351,0.269725302125256
-13.1393189827852,-0.158868035410602
-5.37436298531821,-3.81826033267852
3.46324892836282,-5.40273036632415
12.7027334769315,1.06007633533601
-0.195884982769992,1.30712328281526
1.42643680172632,-1.32935973081465
-4.81229738396933,3.66092405643586
-2.74559120339682,0.927528837586682
-7.54874853295615,6.45910797443513
-3.66896680993369,4.53256712284211
5.45036454992959,-8.17768706951018
5.62603755789468,1.80913219776277
6.46972938376138,-1.14777328643676
11.4557194312162,-0.116719743345935
-5.59646896523764,3.52468691196565
-0.31024150056174,1.27918038692598
-6.8574295441561,-1.63950695667144
-5.15923551720908,3.51599941578035
-7.01050237817099,-6.39277352962371
-6.57810596627524,-2.59140433940764
-0.149823466961886,1.10411725368623
-5.55095390481284,4.34763918247346
-6.45103172463706,5.01384268131379
11.5961241324491,0.555372694398205
0.641462658817266,-5.87705173168059
9.74484105902383,3.06949959125642
12.8199381430692,0.815952876473706
2.24704869585702,-0.584023883675296
-3.47131971520713,2.0612195524228
-7.69990209740927,-1.95806994113799
-6.89744047326377,-6.38576688442107
2.64955576258371,-4.42061414394255
0.764638931775783,-6.55964555415984
3.50025959807107,-5.21722783717986
-6.50816301507285,4.04238949146394
-8.55251363915732,-4.72298373851653
-6.68178228539756,0.0803826543343474
-0.405766288464572,0.75430891838197
-6.74878172082236,-1.84625723037596
1.95225437479684,-3.63911785755034
-5.682639638608,3.52867112484102
8.68862338858316,0.152162054444592
9.15486379461954,8.54422865238313
-4.76637939614585,5.6313906702054
-4.92620710534384,3.45608005848054
6.26167960959146,-6.14294232997771
-4.87068752450278,7.84843550052766
-5.6979475418978,2.3749984296811
5.2423395712919,-7.93397035274382
-5.26466373605063,7.76601229038362
12.8776850302763,6.08385095920686
-6.47834734124472,4.89582214679841
8.03537317114541,-3.52249874744292
11.7323078711576,-1.38689698848601
-4.67855934304526,-1.30808218393203
-5.70028547448447,4.20548782673005
-5.72472480935385,4.53956995334749
2.41171439486215,-1.68075956973906
-0.0373993913584012,0.865871766473096
12.4036888678617,-0.501746988033016
-3.91588119668296,2.60320077266816
-5.34366230172446,4.75445423450593
-6.534681359952,-2.20522370014067
-5.10709003609946,-2.15980746421691
3.69655271368692,-6.45711555156584
7.78184457617471,-6.52715196285124
-4.10555271310141,5.11950311985139
6.22468229132364,-7.8190750089633
-4.45094970864585,2.50573144283418
-6.42113451165488,-6.41429319057341
-5.9044380585604,3.24040446605806
-4.63918880624106,8.77534780826692
-7.01187566918662,2.14019952144746
-3.1205823819094,-0.919654270743091
2.47112568216989,-4.46241893443938
-6.12669471902182,4.62093172397737
6.72731538611123,-4.49716367397185
-4.3424582879,2.7432640584958
6.3645901282377,-4.5232747999179
-1.45624808472922,12.8085347208035
-6.6186075608187,5.4897776636136
2.43171032267282,-5.93206634197112
-7.66995481652549,-5.69246949825164
6.40849014120767,-4.37949313793059
-5.58574012917807,3.31833944645051
-6.68627361459067,3.33144150104646
6.09384675818155,-6.15912141475554
-5.90866331261924,-2.2767999378192
-5.74003080529502,3.04579148616914
-7.56783250970175,-2.40830530795928
-5.26442007226279,3.64268360462312
-7.30476240319541,-5.78906478557463
-1.91089467210105,0.112938025857251
7.70387836294839,-7.01598920497771
-7.05127815408042,-2.60616078052397
-3.63984445733359,7.98595152225618
2.94672556715677,-4.77265205058928
-7.13511614007285,3.40042529430513
-6.3316669861727,-4.14851512584563
-6.29789642495444,3.11309466686372
-7.4775786797457,-4.25422277126189
4.50855465727517,9.97785864200715
11.9973177512235,1.58828912105684
-7.36866144341758,-2.01967634830352
8.10473151999185,-4.85645427379485
-6.0766587655001,6.20081386890535
12.8504767020292,0.727137902642529
13.0225777228422,0.607061842347424
5.05092664557168,-6.82968129787322
-3.98901228112509,2.41205010738496
-0.514179984753634,14.0716963800443
-6.74536947411826,4.6069217714322
-0.89617637795737,13.3808508905423
2.92271180945108,-3.31025995883818
-4.66702799004843,8.95328913059358
10.8516611655302,-0.0958955791937898
9.04023691015909,-2.16725744876738
-7.38670210046103,-2.68313469562407
-5.36478857201865,-3.32431568775054
-3.896018544858,6.59537372913484
6.32380100088784,-3.98794927272673
2.05320211249063,-6.16453542384978
-6.04723362130454,3.81334696140413
-7.94161371392539,-2.18762411746855
-5.7857366005831,-5.2803434339511
-3.98559383553794,3.29101214733247
1.98886068659494,-1.85907461318846
0.816202612879072,-6.91852559718962
6.2323183615751,-7.57819070491667
6.50877185660074,0.511242309476178
2.29701431589792,-1.81216754588958
-5.13703159493735,6.39550028171663
-6.86710933846762,3.1824308427823
-0.332807819073703,1.53768108215455
-6.52693895501425,-5.51975049648162
11.9834684928007,-1.36715205583449
12.8638033469267,6.22213421192293
-13.2036834160738,0.122101286317151
-5.16911605996421,4.91856823291902
2.97170754271219,-5.82182826671477
12.7448267539091,-0.0415371564375947
-6.73334697884848,-2.50101246509429
-4.98800567788413,3.1794110330594
-5.87493185204795,5.39236793842439
9.28757711249063,-2.18575002822753
7.34382291632364,-7.50831021938201
2.64671703177163,-0.720469644402225
-8.15911916894248,6.62243471470002
9.06391092138955,8.48407469120149
-6.27258638543418,5.68934021320466
4.00605412321756,-5.65917386684294
8.55508514242837,-0.0289482382285188
3.22500534849832,-1.93767120513793
-4.71364406747153,8.44361601200227
9.4897532065458,-1.48682763252135
1.01079017418096,-5.54112472209807
-5.78111366433432,5.24422798481111
3.25183506804178,-1.09734626684066
-3.11618904275229,-0.203835746382434
9.03886838751504,-4.46200551662322
10.7655253012724,3.08606753673677
-6.99797109765341,-0.588560840223987
-5.22783569497397,4.97441873874788
2.23576100664804,-8.35298289928313
1.41613849001596,-6.01391925487395
8.84227224188516,9.06219015445832
-1.938006202405,-0.662674566839893
11.4227623541898,-1.53180327091094
-4.73978666467002,5.76755390491609
0.38699178891847,-5.0786513296115
-6.44877485436728,3.24657235469941
-1.19284049672415,-1.46132888469573
-4.15973905724814,-1.94661929283019
6.03159185248086,-3.95028438243743
5.75060363608072,0.043441513444226
5.73180099325845,0.27644471254472
4.72949190931985,-6.23088063869353
-3.14703301591208,-1.32458164367553
-2.38622383279135,0.766289213563245
0.978025679761861,-3.91585149440642
7.61101337271402,-6.00483789119597
-0.450355569546725,0.53518072691087
-5.71373323602011,3.97110615100984
-7.08372501534751,-1.87723042640563
2.04172845678994,-6.42275323543425
0.0319283207006198,-6.14239873561736
-5.30079130334189,-3.79429473552581
-5.02765659493735,3.60377393093232
-13.4817014138155,0.0635658892643859
-4.95765594643882,3.49792967167024
3.85050578909585,-8.62393178615447
-6.75495247048667,0.0583649369728972
13.3540453513212,2.621417382623
6.63557334738443,-1.22756125602599
-5.59047035378745,-2.12830271396514
3.3335511286802,-4.75500430736418
13.2809185584135,0.87041101780061
-7.08429292840293,2.3946267160428
-5.1344538132601,3.10308990802888
-0.705419580166842,3.32395491924409
-7.35986570519736,3.26449237194185
5.74186178045938,0.192316749955456
0.156360228831266,1.14819035854463
-3.91315607232383,8.28477106418733
-4.52555755776694,5.94064483966951
2.61362679796884,-2.31766333255645
-4.55853370827964,3.80544720020417
6.25213476019571,-6.71549405727263
8.83892579870889,9.08951292362336
2.92998548346231,-6.11091174754973
-4.13422159356406,6.52664146747712
-4.7298832337313,8.84630403843049
1.52345808344552,-6.02347077998992
7.96555324392984,-5.94047488841887
-3.75076727074912,-1.33017148647185
0.445509751612638,-5.85196580562468
-6.99505428475669,-2.09631790790435
6.57271905737588,-1.21459557685729
-5.5404596726351,6.55688724842195
12.1541618903227,-1.11568125162001
7.77618261175821,-1.303058764075
5.32999797659585,-8.50950040492888
-4.7198186318331,-2.37378301296111
-4.03021673363974,1.96737466182832
-5.42115263146689,3.81338701572541
7.8589543898649,-6.9754494634616
4.42379732924173,-5.9726771322238
-4.75472454232505,4.83142242756013
3.36741276579568,-6.30397405300017
13.372647722537,1.19622848358278
3.30866452055642,-5.78180112514373
0.572620456392263,0.890085914994519
-1.68486646813681,-1.62044169578429
5.55765910940835,-8.13938226375457
5.59612842398355,-0.529148196910579
12.9665855963773,6.93530474033479
2.27238782244394,-7.40680160198088
8.46319814520547,-0.173208436106403
-0.329669038479831,3.28743110027437
-4.59699300927451,-2.96740140590544
-4.02660993737509,-0.987080475424487
-1.91170672578147,-1.14891757640715
-4.43576196831992,8.90847406711702
4.62859245138833,-8.25976123485442
5.75071140127847,-4.6919154134738
-0.711878816311862,0.489196637536328
11.8638529379911,1.75350079860811
5.28060479956338,-8.16860427532073
3.12743063765237,-1.310782333945
-4.34479860467246,2.71479139652375
-0.0781670014314908,2.32977757778291
-0.761045138066317,1.04765353527192
3.1878311236448,-0.514754107330997
-2.28127221268943,0.728669861222546
4.04968400793741,-7.92339410457488
-4.75218013924887,-2.9626411405551
6.11927600699136,-6.47857083949919
5.82449765997598,-4.68109836253997
-3.41810850304892,-0.741278192137439
-5.19233421487143,5.6374712976468
-5.08567003411582,-3.47818984660979
7.59241529303262,-1.84177853736754
-6.59715799493125,4.51269636478547
-3.22099975747397,5.45469150867585
-6.16046337289145,3.91874657001619
-7.23531297845175,-6.36355962428923
2.89380117254922,-8.17449941310759
4.37341376143167,-5.99321498546477
0.179943402583097,1.24150965538148
7.15757318335244,-7.62315501842375
5.90336032705972,0.252945760155957
13.2977375586576,-0.798167428110797
9.63046594458291,-1.37633492622252
-6.93002800149253,-3.50165881786223
-4.35205177468589,5.49437389698152
4.36671682196328,-6.69020404491301
-0.409665385907199,0.632813552285474
0.30952083068559,-5.93727817211028
-5.94268039864829,3.80823240604524
-2.09926656884482,0.109346786404889
-2.64845637482932,0.809084752465527
-3.74490408105185,-0.91672881517287
6.09062143164346,1.35541043605928
8.27120920019815,-5.2345499006259
-6.68114475411704,4.49197397556428
-2.04544309777549,0.209877172375958
-3.45105938119223,2.15165481891755
4.85314603644082,-8.31073512706633
0.0541995366162997,1.64861307468538
-7.56814150018027,-6.21978606853362
-7.06408361596396,4.07907877292756
0.654140373045896,-6.08132686290618
7.74235626059243,-6.48120441112395
-3.77005724114707,2.56008158054475
6.33442588644693,-0.107810786102969
-3.47263721627524,-1.02783181342955
6.27561088400552,-3.79908837947722
-0.234233538334872,1.58350441780214
8.88795705633829,-4.64557923946257
-2.12908724946311,-1.88851108226653
12.4993910391874,-0.732942005728442
5.92947383719156,-0.754023483132083
1.31859364109704,-5.82731332454558
-13.5102448861056,-0.083428820704181
7.64304204779336,-7.2879528013217
-7.77674535912802,-4.87743129405852
5.53570600348184,-8.15060748729583
-8.8443246285372,6.96138010349397
-6.93399004144004,-2.23711659583922
1.81784470873544,-6.20320453319426
-13.4411816994601,-0.109284332131107
3.60076161223123,-5.49215736064788
-7.51628545922568,-6.20035257015105
13.4545435507841,1.99433431949739
-0.749274293606784,13.315233329202
-6.14226488274863,-4.02031125697966
-5.37662271661093,4.33943138446931
11.2142548163481,0.689774611855786
0.225293715769742,1.13183973159913
11.986923654849,-1.15296985778685
-6.7690678040438,-4.0696615186679
-5.30434230965903,8.10786543216829
11.8823484976835,0.928870538140576
-6.14807180566123,5.10426578846101
5.4498681624479,-5.57712163600798
1.99787231283853,-0.5820034054267
3.38969250517556,-0.829267611836154
-6.07582000893882,2.84833131160859
-5.28101400536826,5.43131552066926
-1.6420016686373,-2.03126051101561
6.73860116797159,-7.62896003398772
-3.36903480691245,0.0136439594281127
2.64218445616433,-6.61088170680876
-7.95950369042685,6.44642267551545
1.93047471838662,-1.44747926864501
13.3806261618681,2.26129780140046
-1.9967003266268,-2.13253857765074
12.9874634345121,6.91149530735139
3.5048067172117,-5.02197684917327
7.75918002920816,-7.08850040111418
-0.664252916996982,3.40319834079866
13.535170038516,1.22037802066926
-7.07833389443686,-2.13958825740691
-2.88350228471091,0.899981954957287
-5.2775316636019,3.13419947948579
-7.61571745080283,-5.01129569682952
-5.41336254281333,6.28974924411897
-0.398250381176974,13.4514485391629
2.4343983729429,-4.38096799526091
2.5723971922941,-6.01334275874968
11.3962778647489,2.58316479053621
4.91403337317178,-5.54094018611785
0.219382723147367,12.4375535043729
-5.25174669427207,-3.57761373195525
4.87119479971597,-8.22805776271697
-2.81307558221152,-1.04165985259886
-7.277761022275,-5.63052167568083
10.5274376471586,-1.63705279502745
-5.4401522080355,7.46933327045564
4.5277936060972,-6.06150188121672
2.70592280226419,-0.380977732471261
-4.01063255471518,3.61133108463411
2.6294473012037,-0.377134747213755
8.99572892981241,8.61235533084993
-5.86570839089682,-4.67049922618743
-0.658136049931552,0.458006063367169
3.03286453085611,-7.86311664256926
2.39583547907541,-7.9894236532199
-2.50570611161521,0.906884530450146
-0.181849281018283,0.706940034295361
12.6233400900907,0.0056125017655303
-5.46014789742758,4.24063597049836
-5.56812385720542,3.42460046138887
3.93874736624429,-7.72738732967253
1.65199442702005,-7.86479177150603
-2.59838680428794,3.44467387523774
-7.12590603036216,2.90849957790498
-5.00571827096274,3.12748346653108
-3.44185356301596,-0.84324373874541
-5.197532216733,5.29373941745881
6.51431175070474,-0.7508506086814
-3.22333006066611,-0.199267691110332
5.68105598288247,-7.97261085185881
-6.11438135308554,-4.17295994434233
-6.96984533471396,0.958301285172742
-8.64342359704306,6.77224788990144
6.93302436667154,-0.82083671364661
-5.17037920159629,4.02302084293489
-4.86586288613608,5.88403473224763
4.19442244368264,-4.38590898189421
-0.683482567494418,1.34656737175111
-7.94775537652304,-5.35202350292082
-5.96354870003989,4.32759914722566
1.81590016680429,-0.505636206005771
-5.80964998406699,5.29948053684358
-2.77864126366904,3.79255495395784
4.02256723242471,-8.73819627437468
-3.25515989465049,-0.200894674395282
11.2144941886015,-0.181957354878146
-7.08125642937949,3.43647442188386
-6.17225221795371,2.87890897121553
-6.73419479531577,-2.45904650363799
4.01888938742349,10.3746930154813
3.49485297995279,-8.60356797847625
2.41670485335061,-0.0635290053832124
1.21643771725366,-2.97128810558196
2.30438264208505,-4.75125684413787
-5.54186586541465,3.72944412555818
11.3621830542631,-0.727325579260547
-4.9828277031832,3.61332593288545
-6.41335348290732,-5.79943456325408
1.95427485304544,-0.0122725275504182
5.19396634894082,0.0900179239762237
-4.34117178124716,3.36538491573457
-6.84530166787436,-5.28200616512175
13.0391850073881,0.963563660050671
4.68059345083902,-6.78964461955901
-5.73537258309653,2.47664723720674
1.8283329804487,-0.180083697770793
-5.47584156197837,3.20319614734773
10.1681503851957,2.11161814060334
13.3329691489286,1.16808293190126
11.3163199027128,-0.0477185455309938
-8.11962846917441,-5.13985576305266
-6.53504423302939,4.03842268314485
7.29061504202554,-1.55820109519835
4.24058767157266,-3.8909801450717
11.4737381537504,-1.39379825267668
-9.11866621178916,6.83741579380159
-0.393765846913363,2.39217195835237
9.07515283423135,9.04577551212434
-4.22731546563437,3.30143819179658
4.89303108053872,-4.7576703039157
9.946266611392,-1.94061960849639
-5.48463730019858,2.19780311908845
13.6364235480375,2.40898356762056
-2.27967552346518,-1.88057949218627
-0.57967976731589,2.70571241703157
-6.9863529602938,4.09981308307771
-0.925737659161593,0.412104347611706
-6.19154600304892,6.04539547290925
12.6428379614897,1.43733928527955
-6.35310653847983,4.59832201328401
-3.11708072823813,-0.421936551217992
-7.42169050378134,3.27727184620027
-0.476020375912692,2.20814261760835
6.86079307394693,-5.82900561962004
-2.8474083344393,6.71770153370027
-5.83703188103965,5.16129837360505
5.60438676672647,1.79771242466096
11.7828516562528,-1.56687678966399
1.49459572630594,-0.638724258278568
-4.63506464165976,2.00825891819124
10.8455614646024,0.283747533227246
-2.48989156884482,1.30383763637666
1.93134065466592,-7.62914266261931
4.29959722357461,-5.54919900569792
-5.9227633873873,-1.62628807697173
-2.53586963815024,3.82716713276033
-5.32467559975913,4.08106718387727
4.13880964117715,10.4815732034696
-3.63065103692343,6.70517835941438
-3.56832746667197,-2.34792008075591
2.99504657583902,-3.31667222652312
8.40341564017007,0.167577305699628
-6.75452522439292,3.14400921192292
8.5415453513212,-5.79139651927825
-13.2501426140719,-0.0297345427023957
11.1725344260282,0.895207861329358
-5.05654911202719,5.01466808643464
2.8785745699949,-3.43969144496794
-2.68893508118918,1.19488523330812
5.54869409399698,-6.73302592906829
4.64875336485574,-4.21399631175872
-6.09043602151206,2.49027929630403
4.84803720312784,-4.10116758022185
-5.51461652917197,-3.79830684337493
1.63024779158304,-5.85595788631316
-5.70492319268515,4.18704853382234
-6.74415163201621,4.49416694965486
-3.92824558419516,-1.09691931877013
-8.07844595116904,-4.74682130489226
8.0181922514982,-6.81131543788787
-7.31647066277793,-1.3500883189189
-5.90111498040488,6.16851578083162
-3.62943844003012,-2.29944874915953
-5.43406633538535,3.81071291294221
2.63848825293252,-2.18804242286559
-7.76674417657187,-2.51424708042022
4.89219041662881,-8.5094202962863
-6.23904279870322,6.16589985218171
3.73589106398294,-4.7536682096469
-3.82364467782309,-0.595537921522815
0.571686377102826,-5.15857972774382
7.14867158728311,-0.830925067995746
9.21799894171426,-0.415448622887094
1.38009192543695,-2.11776306304808
5.37493081885049,-5.36719646129485
-7.88211301965049,-5.41705217037078
-7.0425725380831,-6.51247586879607
5.87057348089883,-7.97248067531462
-8.34701303643515,6.80401335086946
-5.16051010293296,6.88969574298982
-5.77722601098349,3.94875202503328
-6.81362871331504,0.204960087205212
-5.93358329934409,3.71676121082429
-5.17364792031577,7.00941429462556
-6.20104793710044,-4.56367864284392
2.90462156134317,-6.66340818080779
-8.47030595940879,6.77513561573152
-6.15971712273886,-4.24934639606353
5.2987041075773,-6.58992805156584
0.202171703154538,1.61778960552339
-6.78218654794028,-5.19124545726653
-6.92887167138388,4.28126488056306
-2.9205398957186,-0.259485958253104
-6.45808033150962,5.05614433612947
-0.533941785519626,2.18167815532808
3.54726239042947,-4.56549348506804
6.80721040564248,-1.27722927007552
4.88955827551553,-7.73696841869231
11.703063448245,-1.33564670953627
-7.13717226189902,3.63914594974641
-7.17435173196128,-2.26554300460692
10.6387810309477,-1.19293870601531
4.66171475249002,-3.73700084361907
1.60333551960656,-4.35439505252715
11.4293627341337,-0.455184659098346
-6.7655163208895,3.3389819654477
5.84312101202676,-8.38889970455046
1.24554332094858,-6.93260421428557
-6.85368017358115,-1.24537666711684
-4.77015546960166,7.44192324009065
-7.52822450799277,-2.40485229167815
-5.36960653466513,3.77667818393831
3.06409831839273,-0.816295495365817
13.3327650626249,1.86533913936738
3.9826948245115,-5.59108485851165
1.80988844233224,-8.18647231731292
-5.13952545327475,4.01734409656648
13.6621431906767,-0.071081271504123
5.15942521887491,-4.41311492595549
-3.72361377877524,6.4791666063321
-8.65327123803427,7.05637655582551
-5.40980390710166,4.69046507206086
-3.59166292352011,-0.871441533898074
-0.968177477543857,13.2939034494412
-6.04866890115073,-6.12559213313933
-5.30770639581015,4.54020605411653
-5.27821354073813,-2.15977766189452
-4.24828771752646,7.84438715305452
-5.7180104653292,-4.34136953029509
-2.43117241067221,0.866458395386975
-4.56200889748862,-0.215067451928813
2.07391746836374,-7.38708581600066
5.20652862387368,-7.68866099986907
2.48951133089731,-0.166981345151622
1.23702697950074,-6.36932458553191
10.824705560977,3.02493248310212
-2.1325588623934,-2.02514304790374
-7.89755777520468,-5.89660300884124
3.05235071974466,-1.29786725911971
-5.05681566399863,-3.4864198175418
-7.22232679528525,5.5156188997281
-7.65348962945273,-1.9577937332141
6.05332752066324,1.51536510315065
-5.30314544839194,4.96328077640657
2.73445423441598,-4.60214748058196
9.28377099829385,-0.778546234701831
13.2613167365141,0.928934791947644
-6.50300077599814,-6.52046098384734
6.40134998160074,-7.97588386211272
-6.11010555428794,3.75432978000764
2.47670026617715,-5.81434335384246
5.32571883993814,-0.276634266709049
-1.58605508012107,-1.43855490360137
5.51553197699258,-3.95200218829985
2.01615079241464,-1.32385530147429
-0.498405257885959,3.22005567875032
-6.1324859063082,-6.28515281352874
11.612767656619,-1.08402737054702
-0.719198981946017,2.54779134121064
-6.84507040185263,3.93060646381501
6.2975825865812,-0.878663530682285
0.0552426178998691,-5.82151212367888
-4.94833950204184,6.71545276966218
0.317401905829404,-6.25711860332366
-3.29806808633139,-0.228882512186725
3.98751540976236,-7.43130530986663
12.5681709845609,1.3023917469037
-4.57662395638755,5.86291036930208
-6.82087043923667,0.174968698884289
0.657694434101079,-6.65203704509612
3.44237991171548,-8.35429658565398
-8.85624460381796,7.08787784900789
-7.58395818871787,-5.34869851741667
12.1373314459867,2.13076052990083
5.58990426855752,-6.40157642040129
10.5261692603178,2.76401172008638
-7.04143003625205,-5.73053159389373
-13.4257941643648,-0.151753118370731
-7.14408926171591,1.77937994327668
-2.31478003663352,-0.775674035881717
-7.36544660729697,-5.57184781703826
-4.98464254540732,3.58776555385713
-0.911215941136386,1.6655896696103
-5.18180612725547,6.76525650348787
-5.06879667443564,2.6510849985135
3.89035435515115,-8.1703785863864
9.00836892920205,-0.438562912975509
4.44841833906839,10.2030478509915
0.161859889800046,2.36527262058381
6.31312557058999,-7.50401582393523
-6.19070343179038,3.21689138736848
-6.90146116418174,-2.62303032550688
12.2427620490141,2.35595403041963
-6.07321314019492,-3.55761160526152
-3.71684745950034,-1.22958537015792
6.12669320898721,0.00355295267228384
-5.71955160302451,5.21909246769075
-6.68232158822348,-6.64385022792693
9.97934099035928,-2.27143563899871
0.0129424532003146,1.52698824730043
13.6145901282377,2.13301167812471
-6.4936075608187,5.21062383976106
-5.42558674020102,-2.06295134696837
-6.15226749581626,6.04305610981111
2.64105709391305,-2.14815916690703
-6.33510927361777,5.67926607456331
10.1843227942533,-2.74874033603545
-7.74365572137168,-4.99517335567351
12.9924492438383,7.03152427997712
1.76332535343835,-4.46683540019866
-5.38918737572959,4.53966722812776
1.28338300185869,-1.288334986304
-7.25886587304404,-6.21109380397673
10.2872824271269,-2.49081720981475
-6.04937462014487,2.67399058666353
-6.20734838647177,-4.14321818027373
-4.29310278100302,7.80188284244661
6.82669444876382,-6.12943448696013
11.5390448172636,-0.924579402540881
0.336878706986402,-6.3053301778781
9.15095659094522,-0.595340972875316
5.52922483282754,-0.148628091548641
-4.45548633736899,3.15684733715181
3.44298120337198,-5.21217097911711
-2.10633353394797,-1.17693795833464
-5.87303308648398,-2.20838572654601
-8.03348879021933,-4.70834626827117
-0.50520102185538,0.425106087590497
-7.03582529229453,-1.05602099571105
2.52907772856424,-1.12350144061919
-6.77305511636069,3.74239645328645
-4.80403522652915,4.68171081867341
-5.48171810311606,-2.22390653762694
-3.6605415741854,-2.34619774494048
-5.59268860024741,5.44891891803865
-6.22971586388877,5.82896910038118
2.52151199179361,-1.8144694772708
-8.46264890832236,-5.35417833003874
12.5818380911894,0.139560261632245
10.9761719306059,2.7471006902707
0.4498094518728,-6.55794181499358
5.67576452093789,-8.28461255702849
6.85830303030679,-7.47115506801482
10.7281593878813,-0.345900436972339
2.81415124731729,-2.26845099601622
13.440160234744,2.54892263736848
-3.38110450906089,-0.898340841864307
3.63784380751321,-6.00429620418425
9.46959062414834,-0.981858035658557
-5.37766651315024,5.36533127155427
4.56179614859292,-5.6049283948886
-6.03539947671225,5.0164733919156
11.2466749747343,2.53500852909211
1.9513421853132,-1.82686390552397
-3.85639814538291,-0.914017697905261
-2.86386303109458,3.6109181436551
10.8868879874296,-0.225704228614528
-6.73033432168296,-5.65174665126677
0.178534169966672,2.71044359531526
5.49213882284829,-3.60414209041472
2.5210557778425,-5.62177886638518
-0.262850443547274,12.6123333963406
2.88964291411111,-2.2129548994052
-2.31579999131491,0.72195754375581
-7.27945951623252,-2.56809177074309
6.2187685568876,-3.72283663425322
-6.24583725137046,1.88586650219087
3.94106360274026,-7.88991250667449
0.183578391844724,-6.50401343974944
2.16388448076913,-1.71562494907256
1.98746915655801,-1.76224257621642
-5.28174976510337,5.36279545154695
2.24155147867868,-0.260497709845264
-5.57295660180381,-6.04010810527678
-7.66033891839316,-5.8512171712863
9.26160760718057,-1.35982879075881
-6.6377520958834,-5.01520814571257
11.8954081137724,-1.28875728521224
3.85266204672525,-4.76316680583831
-0.0573801795892972,1.80930052127961
-6.72590068978598,-0.288468031321723
9.47518106299112,-1.56615271243926
-6.79468063515952,4.74860678043489
-2.54299787682822,0.631923058892529
0.21186920004556,-5.67086305293914
-6.72989563149741,-6.42155542049285
-2.03860215348532,-1.79458024177428
12.6711983283109,1.08620677318696
-0.235309759800937,2.09394059505586
3.39230295019815,-5.4174546209323
-6.43668417138388,5.70969162311677
5.76874061423013,-3.66374053630706
-13.5432544152193,-0.0688229111182282
-2.09096411866477,-1.37458547029372
-8.01131014031699,-5.13728179607268
-7.03390649956992,-5.35422124538298
11.3602318366117,0.0474373492253234
13.2992386420316,2.43335090007905
-8.03414014977744,-5.57681312236663
13.6660189230985,-0.0887060371386598
-3.64089063805869,3.02573500003938
-5.6237345139437,-3.92175998363372
-4.86531261605551,8.60255060520295
-7.42913202447226,3.76365719165925
3.24066897230813,-0.94836374196883
3.25807567434976,-4.77180661830779
3.05061860876748,-2.38544883403655
-4.50438598794272,3.50037894573335
11.705715616519,0.675343492890637
-2.79602173966696,-0.0801123884665559
-5.76649526757529,3.61442957248811
-6.42463592690757,3.71992454853181
13.6664137442655,-0.160205399726589
-6.07246450585654,1.38176510658387
4.47667308645913,9.92887792911653
-4.23549417657187,5.13643894519929
-7.11655811471274,-1.34737982425566
1.98122855025003,-1.37519182834502
10.5075945456571,3.26153645839814
2.50954206782052,-1.87007524642821
-5.46281818551352,3.45984540310029
-5.35663036507895,-5.59508266124602
0.623701517755483,-6.64369716319915
1.9610381920881,-0.425387157236297
2.57567544775674,-0.461009292041023
-0.305309693043734,1.4349943193448
6.24954839544961,-0.023829063509662
2.82928415137002,-1.69653691921111
-7.19006780785849,-5.45663728389617
11.073840578372,-0.164536437128742
-5.8470158974581,2.27237425174836
-7.48702387017539,-6.52385224971648
11.6349892218656,2.11298475589875
11.2887520392484,0.213661054040234
1.17324547963807,-1.29861410531874
-4.74121097726157,7.92747412052278
-6.7505917946749,3.71871815052156
-6.20474294823935,4.05466709461335
-8.44659570855429,6.84633694019441
8.98905034857461,-4.39553012523528
6.79375024634073,-6.2765044179904
-4.7034259240084,-3.08150972995635
-2.20775345963767,0.188150981332104
5.48400064306924,-7.73828258190032
-5.52258876961997,2.6719852479947
-5.15963272256186,4.40424595203523
7.75994201498697,-1.90072335872527
0.0619960625714999,1.38790235843782
1.7909246285505,-2.19975700054045
12.9118465979643,6.80560789432649
-3.09561590356162,-0.588936230276782
-6.35405162972739,4.73286924686555
-2.76647953194907,3.70030651416902
-7.61240152520468,-2.16179289493438
-3.30237392586997,3.8248926195157
-7.7589564721041,6.58435259189729
-6.22347549599936,6.1561070474637
-13.366477529233,0.180249372388165
-6.57025770348838,5.62645778980378
-5.03162817162802,4.10118542041902
-3.01940969628623,-1.65599884662505
-4.07452968758872,2.67246256199006
6.74175973730752,-4.60432138118621
-6.50424198312094,3.96499119129304
-0.254021445935275,12.756036857034
-2.70722202462485,6.74231109943513
-2.75240782899192,-0.508035501574237
-6.73853544396689,3.0364917310727
-0.527668992703463,13.4331112894071
5.2873081763334,-8.3693155256259
-0.573445598309543,2.41703043308381
2.46038277941415,-4.58247985515471
-4.94771579903891,-3.41031255397673
-2.76441935700705,3.97961912479524
-5.84839204949668,6.04167948093538
-6.40432600182822,5.08762846317415
12.1938290198393,-0.965996762846668
-5.11380151910117,7.98917494144563
6.8542985518522,-4.35385241184111
-5.06109241647055,4.86239538517122
-6.6706242958956,-6.54149808559294
1.19387217360208,-7.29031505260344
12.2845186789579,3.1864443811429
-6.609707872098,1.6031775268567
-1.052459160512,1.21400282707338
2.29657908278177,-2.72697176608916
-0.69056491059592,3.10713992443208
-6.93231777352622,-5.59511222514983
-5.10844473046591,3.89874182071809
-6.87684301537802,4.5855709108365
12.8353447516508,6.55045757618074
1.37689508991906,-6.11974086437102
-8.02516798180869,-5.53506173763152
2.49127598601053,-0.460465027128417
-6.00626186532309,2.46845350589875
2.98071595030496,-0.314002124701698
6.42509790259073,-4.49595107707854
3.37181087332437,-7.3672198263156
11.790845354373,-1.53374530944701
-4.76092390221884,5.79844818439607
1.31476904946039,-4.38994302425261
-3.87448791665366,2.81458936061982
-6.91344789666465,-6.73611249599333
3.26073809462259,-5.06165017757292
2.5829966862745,-8.41666783962127
-7.14676860970786,4.31228456821565
-4.67786220711997,8.81907759037141
6.64285035925576,-4.54952659282561
8.42445226507852,-0.201325914000232
13.1352047522611,-0.538091322516162
-0.343174735730197,3.29764757480745
-5.39244512719443,7.60742292728547
-7.7350831429415,-4.9564794507968
-8.32616380852988,-4.39195575389739
-4.80729774636557,7.95439062442903
8.84677644568155,9.06792078342561
-3.48555759591391,5.40226707782869
8.47921939688394,-0.502106933032234
-5.16504863900473,3.17289600696687
-4.99486068887046,8.5656939538968
-5.98656706017783,4.82024488773469
-13.2317958275728,-0.020251741741855
8.58692165213296,0.0321995111954619
-1.41526655358603,12.7573138269437
-5.51606754464438,4.04017839756135
8.84149785834024,-0.378202467800189
-4.14297060174277,2.71891174640779
6.40161987143228,-4.27522935542937
-0.798278729146029,0.259823599721234
9.58485074835489,-2.57935394916411
-1.27727822465232,0.174040416146558
13.4766430457182,2.48685536708955
1.69166048365304,-7.18259229335662
-1.19609288377097,1.22954664554719
-7.81615118188193,-5.75894584331389
6.02854295569131,1.4881233963025
11.5909046729154,-0.945055564974506
4.433505018527,-3.49689116153594
-1.58005789918235,-0.366291170117516
10.2505879004545,-2.71839799556609
5.23955484228799,-7.71076192531462
12.915013750369,-1.00898703012343
13.1338276465482,0.729927638436597
3.11511965590188,-8.11193742427703
-8.59310678643515,7.00552997913484
-6.54819969338706,3.55451736774568
6.04326053457925,0.18914858427171
-5.67368559045127,-4.00194229755278
-5.48900131387046,4.19972811069612
-6.06598905724814,5.59754619922761
-2.64643148583701,4.00072155323152
-6.71404651803305,-4.36128534946318
-3.77573589486411,-0.723938128088672
-6.29351667565634,4.40658817615632
-6.29417423409751,3.75745592441682
12.4127192099638,-0.85144828829642
3.33901282149026,-3.42394675884124
-4.63881973428061,8.79507074680452
7.48562379675576,-6.82328071269866
-6.50793890160849,-2.01202501926299
-4.30632309121421,2.67792544689302
12.925098856265,6.39002666797761
2.9203021128721,-6.32943763408538
-0.772833387082126,3.40603218402986
-6.06349090737632,2.83049831714753
10.5216240485258,-2.12193312320586
-3.51529459161093,1.98136148777131
5.17451330023477,-0.380547088039644
11.6248192389555,0.460147717858594
11.3863691886015,-1.16236271533843
-4.3423452774935,7.85868273105745
2.49883468943307,-4.62506522807952
11.7561459143705,1.40049944248323
1.71264328556726,-5.86270179424163
-6.98113683862021,4.91726074543123
2.06192525225351,-0.731892814968784
-5.97122387093833,3.73568687763337
3.91331239538858,-4.46498574886199
4.3223013480253,10.0524979623807
13.1393646796293,2.24045691814546
2.64822240668008,-5.94535197887297
0.812362754071448,-3.9331230131137
13.2110437949247,0.659311989213269
-8.70878271264365,6.97583589878206
6.19435020285318,1.23653338279847
-5.50379470986655,4.49214754428987
3.3266250689573,-4.82345857295867
-4.98259405297568,8.414803603555
-5.05202535790732,2.51214371051912
-9.8539100090914,3.58295712795381
3.74103875952432,-5.51011123332854
-0.586044470494296,3.28606686916475
-5.80498747033408,3.97749719944124
7.84999032812784,-6.3685101476657
7.61888929205606,-5.51855983409758
7.99432607489297,-3.81501378688689
-3.34795335931113,2.77907214489106
7.294411142642,-1.43621947440978
-4.51826814812949,2.60164532985811
-6.50904277962973,3.76099548664216
9.66502328711221,-1.61776759300109
-7.76948885125449,-5.93694438609954
-7.18563799065879,-6.03087033901091
-0.0324043433122891,2.57459531154756
-0.303906838124301,3.11867556896333
-4.46347192925742,5.75663290348176
-6.25953106087973,3.45189390506868
4.4940735896177,-4.4226774183261
-4.93619445962241,3.28784880962495
-5.83396772546103,3.89274607029084
2.39433666067788,-6.67297830257292
-13.3485579888277,-0.0094871726977418
-1.79895404977133,-1.84700264606353
-9.03899244469931,6.88612709369783
-4.5825910965853,7.67270193424348
4.28483267622659,-8.70062150630828
-3.82711939019492,-2.34556307468291
-5.90521864098838,4.3753486665738
-6.72120145959189,4.52480373706941
5.38664766150186,-5.20127095851775
-1.49459675950339,12.7985249551785
3.2734355528898,-5.2944396940219
3.01878448324868,-2.41279639873381
7.75155921774576,-1.92136015567656
12.9350914557523,6.95492849674348
-4.07052234811118,4.35630998935823
-8.74301294488242,7.00155697193269
-0.262652794545199,1.17488918628816
-1.28892664117148,2.73426781025056
-7.34933809441855,2.18780694332246
-7.22672514123252,3.68538055744294
11.5741924841947,1.21444235172395
-1.78716591996482,0.00611875381593008
-2.80141858262351,6.68317995395784
-13.006011525815,0.0820512267601897
2.50305875139901,-1.4326540437686
4.47381993132303,10.1209536584866
-5.58124498528769,3.01672754612092
2.06576116877267,-1.46206464443084
-7.03446296853354,-6.2109526601779
-6.23575691384604,-2.34475161704894
-4.00269273919394,7.74148760166292
-0.147079388325717,2.80525956478242
-6.97240356606772,-1.56556274566527
-3.62411884469321,4.72410784092073
2.8071360190458,-2.10044171485778
-4.70825819176963,4.24413214054231
11.8712620337553,-1.05969115171309
8.34929271536538,-5.25956334743376
-6.70655922097495,2.42681989994172
1.95800884562204,-3.3747939077365
3.84587975340555,-5.49104680690642
8.47000499563882,-0.372693609555323
-5.24835066003134,7.48796520557527
-6.75922493142417,2.33859906520967
9.17294164496133,8.61599645938997
-1.05707124871543,2.91269264545564
-4.96051983041098,8.11685190525178
2.66822274523446,-2.0119747129428
5.91656871634195,0.272100845242779
2.13600059347818,-5.30641593608733
-3.21496538323691,3.59735474910859
13.3320965369291,1.59852824535493
5.53811546164224,-6.68323173198577
11.5468935568876,0.925829628373425
-7.4256987969332,3.57408318843965
5.70659681158731,1.74529228534822
-5.95084766549399,-4.0497948137271
-2.27786950272849,0.662555316354077
-6.40019325417807,2.06766901340608
-5.92936281365683,4.04529199924592
0.732039307529424,-4.19741024646636
3.39631934958169,-6.47330274257537
-7.39579538506797,-5.81111802730437
-4.63882307214072,7.93484888401155
9.21767469244668,1.62750802364473
-6.52250150842002,-6.4939435926425
10.6920857031889,-1.87705447349425
-5.82030252618125,5.16609535541658
-4.00390390557578,2.41233215656404
-0.157749931042697,2.79466471996431
0.825701949471925,-5.76442088756438
-3.84473852319052,-1.10136403713103
-3.7489033142977,-0.87972041044112
3.98082371550271,-5.95774163875457
5.79280896979043,-6.23642291698332
-4.05920366448691,3.05439219799165
-6.91810135049155,4.06523428287629
6.76632257300088,-5.88727321300383
-6.09777073067954,1.26979682769899
-5.81459001702597,4.48411426868562
-6.63976387185385,2.75267014827852
12.0616659720487,-0.248530229662616
-7.06941465539267,-6.07902564678069
-5.80278257531455,3.60599646892671
-6.96999029321006,3.12334928836946
-3.96502832574179,2.38524566021089
2.76968653994272,-8.03920879039641
9.74051519232461,-1.3152555433261
-5.39311556023886,4.93343458500032
5.61704583960244,-0.0895717051970552
4.21423240500161,10.3225689920438
5.11001773672769,-5.17116679820891
-5.65039018792441,-3.9175185171115
-3.43335584801963,6.17107162799959
2.71371026831338,-8.62736406001921
11.4508375723905,1.6098823341382
-4.38907484216025,3.57704720821504
10.9139952261991,2.67067013111238
-4.94255260628989,6.7701674493802
-5.80769972008994,4.00851307239656
11.0210499365873,0.722729185487073
-6.36750463647177,2.16602788295869
-3.49410680932334,-1.04716338786956
-7.48863557977011,5.59001884784822
-0.340442816441562,1.40336022701387
-6.63699201745322,-6.25649013194915
-5.56359914941123,-3.42451634082671
7.19841762381265,-6.96782674465056
-0.318933288281466,-6.21362771663542
-0.456427256291415,1.5110885890973
-0.126722435181643,3.08765421238069
2.12096579867074,-4.25348534259673
-0.54578951997092,3.47102699604158
-5.56429914635947,3.65654478397493
5.55043979483316,-7.89228286418791
-0.0182587902002591,2.67219696369294
-3.57366327447226,2.29407654132966
0.882296276564096,-6.10183801326628
-0.355255762761142,13.9018126520169
-3.412047425931,-2.38962497386809
-3.60897401971152,-0.816941013668735
-1.36439685029319,12.8313399347318
-6.95877603692343,3.63695822086457
-0.323620239918734,3.28993497219209
-5.03394560021689,8.10148153629426
-4.08022741479209,2.12228427257661
9.05892988043496,-1.48833861026641
-0.175558726017978,3.14009032573823
-5.56843475503257,2.29249916401033
-4.93949464959433,5.14898548450593
3.22569747763345,-0.646011224125583
2.93393822508523,-6.39809407863494
-6.17512468499472,3.87223635044221
-6.94498685998252,2.36196623172883
5.69933267431924,-6.46610965404387
-3.95692161721518,0.622010210419934
-7.39749387902549,-1.68160440597411
-7.16279606026938,2.31247268047456
3.07042928534219,-4.42075290355559
-2.29131440324118,0.332396188641827
3.15571375685403,-6.1421689001071
12.8796124060697,0.864688256646435
3.73067613440225,-7.55464257869597
1.03343946235845,-4.98992051753874
-5.23512033623984,8.23325929966096
-0.738536755269076,12.507914641763
-5.70479110879233,4.03544054355745
2.31956430273721,-1.91514172229644
3.79258747893045,-5.56532659206267
-5.18118671578696,-3.60359682712432
-6.2830887238436,4.30212459888582
-7.63888410729697,-5.41109885845061
6.49550910788247,0.61304048624162
-0.475001017277743,0.771331289674084
7.3662294943876,-1.22117831382628
-7.77412561578086,6.56918058719758
-3.43085245293906,1.92362389888887
-4.72381595773032,4.31222782459382
3.10271354513833,-1.49377348098632
-4.79529146355918,5.8368612321866
6.07313819723794,1.40633306827668
-5.24696401757529,5.14160166111116
-1.53224877518943,-1.8371243682849
-6.92639593285849,5.14735803928499
-9.82041315240195,3.47890124645356
0.493747939640973,-5.10917415294524
-8.48869184655478,7.03475437488679
4.32012077170083,-8.15559854183074
-6.68148664635947,-2.58003844890471
-0.718743483250644,13.7384835275662
2.66002221899698,-0.505407145355899
-5.76906065148642,1.28882584896211
-0.839880506222751,0.3164800199521
-0.771807233517672,2.69693384494905
-8.61399130029013,6.88626728382234
7.4346208174772,-7.45401611003752
-7.1364732186251,-2.71531858119841
12.3846439917631,6.57656107273225
-3.82864050072959,-1.11753549251433
2.21705408888528,-2.74457373294707
-6.46523098153403,5.1605917009366
10.5063519080229,2.58775458660249
-7.1160793702059,-2.38825597438689
-5.77776054543784,3.85817394580964
-13.3433757225924,0.00434557523850698
13.474379022891,1.69624290790681
-6.32199005288413,3.20614395465974
-6.56713012856772,3.46902761783723
-0.00773761672308626,-6.51739396724578
-7.58900312585166,-2.28064157638427
-6.100120107358,-2.36112620506163
3.18017669516275,-0.394714899470169
-3.8932075898104,4.60788307514314
0.324971874529813,-5.62735404643889
13.3642515738554,2.31474838581208
8.96038575964639,-4.64643373165007
-5.46800140542319,5.58011064853792
3.1300496657438,-2.82052220973845
-6.29042104882529,-4.11915363941069
-3.90992502373984,5.37181816425447
0.363959213072751,1.95941195812349
-4.14858392876914,3.76854572620515
2.10749657946298,-1.96496202621337
2.47756775217721,-4.00472559604521
3.34517379599283,-5.01353444728728
-6.12206939858725,3.7457681688321
-1.06186739606192,-0.00998257670279246
-6.76707081002524,-6.38068284664031
0.139312942797635,12.3692303689969
9.68913789587686,-1.51524510059233
1.6440592606611,-7.63836326274749
-4.57273105782798,4.72142992344026
-5.70230344933799,5.35973463382844
-13.248126546567,0.178282359505933
-5.5870757500582,5.19652853336458
-6.57245878381064,-5.33749618205901
-5.93359998864463,3.7735706361783
-3.55383114022544,5.42189131107454
-1.32892207307151,2.81267485942964
11.7319950659818,-1.22882094058867
2.79883559542367,-3.88404287967559
6.29198594885537,-7.64532937679167
-4.22532037896445,3.23120127048616
-13.2168088356905,-0.0926069823252748
-3.55418924493125,4.5786276849759
1.90295942621896,-4.20618405017729
-13.2642922799044,-0.102704515789707
2.73156746226022,-6.35064401302214
0.147872467810605,1.1331611665738
-7.16282371682456,-1.92415525588866
-3.9799733559542,3.77146206226472
-1.87312440079978,0.293157199288647
-6.35217718285849,3.10648165073518
-6.83918909234336,-2.29523613128539
-0.395988980954196,2.7934099229825
-7.26614526910117,5.65007219638948
-4.77384666604331,5.3170276674283
-13.4926639000826,-0.0289235321032594
0.0785868962354404,-5.9345821348178
4.20165177183816,10.2848416360867
4.9774880011625,-6.71942319545623
-5.62377123040488,2.79565081920747
5.47119041281411,-4.1874901262271
11.6548294623441,0.502660253907483
5.52116723852823,-8.14749660167571
-5.28652195138266,5.1688662561429
-1.24326805276206,2.79563865985994
6.72001167135904,-4.51549901637908
2.3437708218641,11.3258162530911
-7.2328334252291,2.76722226467256
5.77231832342813,-0.728103419874866
5.63086601095865,-4.57626762065764
2.91762300329873,-1.45583977374907
-5.65260652703574,3.22512731876497
-6.37939361733725,-2.00566901836272
-6.20855478448203,4.82399616565828
5.8649506171293,-4.17071547183867
13.0996708472318,2.54443416919832
3.36031575995157,-4.91238488826628
3.64880820112893,-8.61622609767791
3.29822750883767,-7.21809854183074
-6.17300657433799,2.26730237331514
8.80937047796914,9.12358103122834
-0.382794777577426,1.08711300220613
-3.12493375939658,-0.671955695484836
4.40850301581094,-8.5880621877658
2.01705237227151,-1.47388710651274
-5.13333372277549,8.54942331638459
-6.73887685937216,2.55984936084871
-7.69624666375449,5.71696052875642
-5.07405332726767,2.24393234577302
6.79365821676919,-1.27944256934996
2.16962977247903,-2.41043295535918
0.0331856210775119,2.24530253734712
11.3946432669706,-0.0325454679476808
-6.84128956002524,-1.42844845924254
3.87581821280191,-7.39864339504119
-7.1321401993685,2.48125849094514
-5.07215408486655,7.49214229908113
-8.82761148614218,6.89933691349153
5.41820331412027,-8.11806573543425
-5.75966791314414,4.72123346653108
-4.86151842278769,7.21318970050935
1.37213601666162,-6.76666822109099
1.5409652193136,-4.36047496471282
5.45787664251992,-4.95414390239592
12.8876194556303,6.91529713001375
7.42032619314859,-7.12053193721648
8.80987115698526,-0.597326910232265
-4.14666799706748,-2.17884578380461
-7.13896803063681,-1.87128975067015
1.83333619433114,-0.750091662739475
7.87604947882364,-1.38145568046447
-7.11818365258506,4.4519415887845
-5.23449281853965,-3.48712339076873
7.09504648047159,-4.59475650462981
-0.310092250531222,-6.13620032939788
2.90590616064737,-6.04524459514495
-6.90413622063925,-2.70731105480071
-6.06127361459067,-1.93159379634734
3.6602866252012,-8.24922074947234
-2.52975110215476,-1.47587420616027
-4.32985119027426,8.50166426029329
11.8416914542265,0.803100326920788
6.57846589880655,-4.53192510280486
-4.81658939523032,4.19233999576692
-1.39571384591391,12.7853604349149
11.0761475165434,-0.239958083366115
2.83854862051675,-1.26970954809066
-8.70684198540976,7.18613729801301
-6.47718910378745,4.0518623384488
-5.36023573083213,-2.27737095031615
1.68460192280481,-4.50825061473723
-5.16445926827719,4.21407232608918
7.94707103567788,-1.83017816219207
-6.61520771188071,4.52669868793611
12.5906567175932,-0.584998687838275
-5.531432191556,7.11696062412385
-5.52793411416342,5.17205629673127
2.71532221632669,-6.96194209728118
-3.92770389718344,5.54462204303865
-3.46158222359946,2.50686798420076
-5.70942596597007,5.0045162233365
-4.70908025903037,8.28158293094758
5.93869443731973,-6.81771411571379
-6.94863466424277,2.01204333629731
13.4674353201933,1.46146521892671
-6.72333149117758,2.86508999195222
4.49526544409463,-8.49731244716521
-8.15971044701865,6.64479265537385
-8.51743940514853,-5.19988717708464
-6.86410478753379,3.49104366626863
-7.50675157708457,-2.07838132057067
2.84319635229776,-6.2634920087802
-1.98120979470542,-1.00158979568358
3.84458418684671,-8.39869107875701
-3.35623172921469,2.98269424762849
2.69145735102365,-3.15392031345244
-4.09536890191367,3.10250721302156
-6.72458032769492,4.4736529382718
-1.03825251263907,1.66162858333711
0.488257338578199,-6.85174646053191
2.43727393942544,-1.11016806039687
4.53259511786172,9.79101000156526
5.93447204428384,0.381079712773602
10.3232206900663,3.50740061130647
-5.88174394769004,3.75214729633455
2.33418711023996,-7.21334352168914
-7.35155920190146,-2.36537899646636
3.10181780653665,-1.47585346374388
13.0786680777616,1.14915666904573
-5.46346668404868,5.49444494571809
-6.45601419610312,5.70254574146394
-5.05717186135581,3.65016184177522
5.66951986151407,-3.92914404544707
2.41606648760507,-5.87268008861418
9.71411271887491,-1.1502558794963
-0.0418341557436246,0.892166474725049
-3.90466789407065,8.46637068119172
3.04289980726907,-4.03577389392729
-5.03408292931845,4.99649486866121
3.17718072729776,-1.575843712424
-5.06656269234946,3.99248609867219
12.1637501318998,0.980102041627209
-5.65030388039878,5.00193367328767
-7.5006966988497,-1.56572832736846
-0.419455687230136,1.51935336914186
12.7922415335722,2.4966968091977
-4.7801762024813,5.62462959613923
-4.78805069131186,4.13574419345979
1.55954047041604,-6.55186929378386
-7.31774954003623,2.64530954685334
4.02152987318704,-4.32890071544524
-6.39724401635459,2.84546122875337
-5.17119173211386,-4.56883468303557
-2.66975335282614,1.14880392875795
-1.76429633302024,1.51742968883638
-5.04535822076133,-3.40354933414336
-6.86908058327964,-6.36004628810759
-0.222131172841098,3.14700732555513
-2.16666368645957,2.39802131977205
-2.29995278519919,0.833861807252209
10.511922319705,3.16746435489778
-7.11172489327719,2.03379402485017
-2.18873266381552,2.5269566568387
2.14632983999917,-5.74444045696135
-3.60274795693686,1.92612324085359
-5.82710556191733,4.80200872745637
4.21775837736795,10.4666424783719
1.95734020071695,-0.198024785255153
-8.11914877099326,-5.75777759227629
-13.4743638436251,0.0202252658856322
-2.95835403603842,-2.23976852569457
5.73424764471719,-0.50984237167712
-6.74905876321128,-0.12369116220351
5.41028686361978,-6.56823863658782
1.69949646788308,-2.57162084255095
1.96790321665475,-7.48139466915007
2.66128130751321,-4.08004560146208
-8.68122247857382,6.91602955188875
-4.02221016091635,8.39034662571077
2.32999940710733,-7.63036050472136
-6.69622282189658,2.40827832546357
3.25690050917337,-8.2150358167636
-4.82597211999228,5.26702986087922
-4.83951429528525,2.88135800686006
-8.09671549004843,-5.21764411601897
4.40060563879678,-8.19561662349578
-9.93458322686484,3.57686910953645
6.50185390310952,-0.373794363454987
1.98204191523263,-0.632195552920062
-4.57045129937461,-3.0272106138217
-6.57365326089194,-4.9605077711093
-3.95219616097739,2.99862656917695
-5.9477787415438,4.12317381229524
13.0801052649564,7.0005084070218
4.74476786452005,-3.77865399989959
9.01049466925332,-4.87741841945525
-5.22956852120688,4.87896690693025
-3.08115414780905,3.58218584385041
-5.62671856087973,-3.84919871959563
2.69080003100107,-8.53481855068084
-5.05925373238852,7.05877266254548
0.0578896005696994,2.38555035915498
-6.36947969598105,-5.90275897655364
-6.24433378381064,3.52553472843293
-4.57982877892783,6.02163944568757
0.281475206191037,-6.11427201900359
8.88795324164102,-2.14755870971556
2.14766796427438,-7.35677709255095
-5.3849125306063,4.13713846531038
-1.34436945123007,-1.98694183502074
-7.83555559319785,-5.04771032009001
-4.35392383736899,3.32155690517549
1.95304509001443,-0.731007060145099
2.28889830904672,-0.494629798566062
-3.97569660348227,-1.32592179450865
-5.4659352700167,5.64949665393953
-5.76478532952597,4.1659947427762
3.37713261442849,-5.82730140361663
-6.39534477395346,-5.44289531383391
1.49974455433557,-2.90830197009917
3.95071430998513,-5.65339984569426
11.2703327735014,2.32014856662874
-6.64545826119712,-2.43826164874907
5.15732522803018,0.463299373055737
5.18049236136148,-0.313264800344665
-5.91333440942099,3.5372584852231
-6.86455825967124,4.02562628116731
-5.83967737359336,-3.94285788211699
-5.4041037957125,7.39086733188752
-4.63742260140708,8.66269598331575
-2.66001085442832,3.81596622791414
-6.89772514504721,3.89899883594636
13.7896313269682,-0.181735014651973
-4.15336231393149,3.09263549175386
-1.41009787720969,12.8002234491361
-5.57302526635459,4.1259065660489
1.93011649447152,-0.742873123024661
2.03200908499429,-2.24364187393065
4.74295063811013,-4.45878162059661
1.67265292006204,-6.08758344325896
11.9871439536161,2.13525519695405
-3.54389051598838,6.62854013767366
4.69214220839212,-3.46426214847441
-6.81921199960044,2.5719572099698
-6.43892769021323,3.39383826580171
-4.41778997582724,4.89869509067659
-3.58198885125449,4.43136940326814
12.9592356284208,6.84808836307649
-4.49549345177939,2.81144724216584
8.24246688681314,-5.13107862148162
-5.67245248956015,3.43582687702302
-3.0664823452883,-0.0420246628272126
-0.423781315510775,0.529104748631756
-3.00982050103476,3.81134043064241
13.8412232001371,-0.227608865236003
-6.60501293343833,-5.78947057399626
2.97540136175821,-0.484079687033851
-6.89392475289633,-1.61213543090697
-1.90298060578635,-2.00519206199523
-6.49642614526084,-1.19041200551863
-2.19789055985739,0.594969371224683
6.50932975607583,-1.1868084279048
1.31833471852014,-3.85550703678008
12.880312403018,6.94496879902009
-1.41504649323752,12.7892571481717
-6.61165622872641,-4.14759959850188
10.4397129614897,2.2528391870511
-9.73579649133017,3.61797056522493
-5.4928636948519,-2.50217785510894
-6.91746286553672,4.88333378162507
7.97787519293496,-1.76952864799376
-1.11617652577689,12.5668622049344
1.57798637943933,-3.60337271365996
8.45762105780313,0.128153422738354
-7.40629724664023,-2.07043566379424
6.08151336508462,-8.02917709026213
-4.78727153939536,4.94462929096345
-7.03675178689292,-1.46112277183409
4.51003714400003,-7.22479095134612
4.92348905401895,-4.34360875759001
5.45442148047159,-0.235368674730022
10.552148302371,-0.49768140736695
11.3129028876371,0.93572399940614
13.5938524802274,-0.412073878680427
-6.6699147622042,-5.47247399959441
8.89429517584512,-0.286396315430362
2.17146166163156,-6.50742711696501
1.56252237158487,-3.449050327872
-0.583183805172946,13.9301329645169
-3.56688884896567,2.23682151165132
1.99556573229501,-1.11666240367766
-0.105021218483951,2.5463794263852
-3.65713504952719,6.62321386661653
-2.01406220597556,-1.18221428069945
-2.52923230332663,0.930607059861462
-6.77648691338828,-5.39940585765715
7.17683549719522,-6.86903133067961
-6.934339563077,-2.70547046337004
-5.07721285027793,4.979087928201
2.61348839598367,-1.93241169128295
1.6662024457998,-7.98058499965544
-6.59863237542441,2.06306705799226
-7.36650995415976,-6.32525291118499
2.4556865294523,-3.43390454921599
-6.14490751427939,4.56838808384065
3.52966781454751,-8.2708972898471
-2.65417269868186,6.3863316568387
-13.4939027230196,-0.0204140749919007
5.91018672781656,-5.86924972209807
6.35105033713052,-4.08208598766204
-2.50551442307761,-2.15217771205779
-5.38670162362387,5.35039148655061
4.50518031912515,9.94944868412141
-0.109129051392581,0.987730005646985
12.9089121420927,-0.994419654940326
-7.04355339211753,4.61655102100496
7.29468675451944,-7.51102056178923
4.912340124423,-3.83587541255828
-5.47876600426963,4.37724981632356
-3.20650581521323,2.27937803592805
-6.60968689126303,0.972819426919263
-6.30581382912924,3.88550720539216
13.3492121298856,1.3398353847516
5.62179370718667,-7.15598430309172
1.36210938292215,-5.53104772243376
-6.9967847268038,3.45084987011079
-2.19174722832968,0.133593419457715
-8.39905218285849,6.73523435917024
-5.08727506799033,8.09203062381868
3.14003082113931,-4.61162986430999
5.98728032904336,-4.48769464168425
2.61176260309884,-3.90886773738738
11.3939013083524,0.060718843604367
-5.0260873238497,8.04136476841096
-6.38167432946494,3.76907644596223
-5.44630912942221,5.43867311802034
2.93618388968179,-2.94939531955596
-13.4282374779635,0.0848139914524962
-4.7161245743685,8.44869337406282
4.09354134398172,10.498580077554
7.07708545523355,-0.84547095570441
-4.18610576791098,3.2920135053647
-13.5964208046847,0.232931414510052
1.46923877793023,-2.02277114066954
8.59000917273233,-0.156803762649257
-7.29853300256064,3.31676969852571
-6.40757898492148,1.52835605468873
1.43551601963708,-1.39101590785857
-4.67906479043296,4.0558267625821
11.4766449530668,-0.817480644320209
-7.24919370812705,3.1360977682126
-5.34463075799277,4.58769617405061
-4.92911962670615,-3.366530796622
-4.49284700555136,7.57490263309602
0.0908772547788363,12.3881979974759
-6.17902235192588,4.66565666523103
4.77135892706582,-7.95320357951995
-7.08031896752646,-5.5017150846469
2.16828723746011,-8.14365806255217
-5.95032552880576,4.69026098575715
-3.73130659264853,2.8173984083188
13.239669283206,1.10582790699128
-3.88094143075278,2.41011200275544
-4.44327978295615,0.609076121712964
3.02682586508462,-7.6712011304843
-5.18382934731772,4.23515901889924
1.53445347147653,-2.55098738345977
3.6508712370939,-7.35097398433562
2.25618906813333,-0.240912234519679
2.65922411280343,-3.1889926401126
-0.0661499897890347,-6.21595134410735
-1.39011863869956,0.97639737453584
2.79685409861276,-3.17775454196807
3.83722563582132,-8.63159551296111
12.093615968997,2.43508467998628
13.6943020423002,-0.391816438284774
-6.28220609826377,4.18899736728792
0.25074323015878,-5.39050092372771
13.1126637061186,6.86634693470125
-6.1217027108126,3.734299281503
6.97561403113076,-0.755714586113651
10.3834023078031,-2.35507716808196
-13.5771098534518,-0.165184011791904
7.47578140097329,-1.79027881297942
0.980406065756772,-7.30551328334685
-4.36996416253379,0.271782377625745
-5.21976379555991,5.47770319309358
-3.85878996056845,-0.247323474024494
1.33576895790765,-6.62358894023772
-13.5737634102755,-0.0303189662444184
-4.61522297066977,-1.31035532626982
-8.46491865319541,7.04278908100251
-7.01613668603232,-1.71587469253417
11.2486872275419,-0.245522623990733
-5.57221655053427,3.30398116436128
4.33558722334573,10.0992394479764
-4.00774625939658,2.85498247470979
-5.74267343682578,4.15799484577302
-9.90764288110068,3.55378184642915
10.452502687747,3.43750892009858
-3.78793625039389,2.72728166904573
8.62613483267496,0.104785093928616
-5.79630140466025,-6.09651031169768
-2.70432643098166,6.34554586734895
1.98030193644235,-3.80598511371489
-7.46721796197226,-6.21488370571013
-5.77725271386435,4.91377268161897
0.00290819006631193,2.48616419162874
-5.30496839684775,3.35030541744355
-0.674638311093356,13.3971158060086
3.07328196364114,-8.36697425517913
-0.0173071424417752,1.55652008381013
6.4784588416166,-4.60121192607756
8.86287446814248,-0.40336443122204
6.04653449850747,-4.91033591899749
5.50894208746621,-8.06652345332976
1.87540264921853,-6.81154813442107
13.7908567984648,-0.112703701590259
13.012052019412,7.00808964100007
-0.338663140957858,12.7652369531644
6.01645608740518,-3.85589017543669
0.196140130335782,-6.02638759288665
12.0538525183744,2.27163610782747
-4.10169366998008,2.89130173053865
-13.1860223214083,-0.12609388503905
0.578061719710324,-6.14348640117522
0.144561787421201,2.86912117328767
5.97435232001016,-4.65296640071746
4.4138254721708,-7.74341191921111
-7.38367418450644,2.68221817340974
-2.29234842461875,-1.18038572940703
9.123512705142,-0.632453283404071
5.1576580603666,-7.57083501491423
5.05142207937906,-7.38425912532683
-6.31030611199668,-1.38351645145293
3.91222043829629,-7.98037519130583
-4.58074955148032,4.94213733997468
3.13470168905923,-6.25292672786589
-5.35597519082358,1.27461502876405
-0.801273147290255,0.784937599564831
6.06314750509927,-5.23973884258147
-5.52097562951377,-2.23411669406768
6.67597575979898,-1.24268623266097
-2.58017663163474,1.24282477226381
-7.01801780862143,2.2995396646512
1.58440836268136,-3.20793451938506
6.01815696554849,1.56757650699739
6.93586965399453,-0.87591563734885
9.12009950476358,-0.704206070040424
10.2081780036039,3.47308168735627
6.30427499609659,-4.20997085246916
2.92177935438821,-7.34802426967498
-7.07846788567832,4.37258301105623
-2.58422998589804,0.642717698479932
13.1558765967436,2.10669598903779
-6.77821592492392,-6.13619746837493
-5.74597982568076,3.94273624744539
-6.73753360909751,2.83697710361604
-6.68780521554282,4.69880400028352
11.7723822196073,2.11098347034578
-6.69197706383994,2.3664341959012
-6.58190635842612,-5.17098560008879
-0.304135958378817,12.6207562479031
-8.78569654626181,7.11454687442903
5.91769834356973,1.19051108684663
4.60771866636941,-6.36919107112761
11.6570667822904,1.25591454830293
-6.86407140893271,0.63398478355531
-4.56505016488364,8.45730219211702
11.3644785483427,2.2136705907834
-4.78221563500693,8.75508795108918
-6.25575594109824,5.29359255161409
2.36148413019845,-3.48976220760222
-0.417295138066317,2.9870806726468
-7.10595230263999,-6.55943526897307
-5.49850324792197,6.71833525028352
-13.3451123635226,-0.0960282889353822
-4.6069207589083,4.11452446308259
-7.77707151574424,-2.28892173442717
-4.81818775338462,-3.2916914430606
-4.12856916589072,-1.45377900276061
3.4712464411802,-5.12094154033538
8.48195978003213,-5.78331603679534
-0.399421970074679,3.5658069643033
-5.70960525674155,3.00432143535737
1.74467243748376,-4.17899217281218
3.75490995245645,-5.26543559703704
2.27315970259378,-7.45902576122161
-2.83178309602072,3.66048393573884
-6.00787500542929,3.21992955532197
-9.36155561608603,3.72716341343049
-3.83275703591635,4.7659212144864
8.7321290572233,0.102967509890835
0.156516571814511,2.3416253122342
-5.57976345223716,3.26260910358552
-4.75551513833335,7.46900949802522
-8.71672491235068,-4.96687497768279
3.265522678668,-7.58241548213835
2.60352142649362,-5.81103362712737
2.29710861044595,-0.820512583588321
-6.96737913293174,-6.69393052730437
-4.48512796563437,5.33526048984651
-6.45056442422202,0.784260967637341
-5.56551937264731,6.55510864582185
-2.45161513490012,-1.62129642639037
2.97070260840127,-7.81709756526824
-6.45289520425132,5.65065250721101
2.19081540899942,-1.33698322448607
-2.8190789620333,1.28840575542573
9.12856050329873,-4.47924937877532
0.270576377684568,-6.03195228252288
-4.88951114816001,8.58154020633821
-7.3682151238375,5.55752764072542
7.56599756079385,-7.4566563573825
-0.907861868565585,13.4315968545926
-6.70821241540244,-1.3195439783084
2.68961878615091,-5.59589614543791
-1.72684220475486,-1.64992286834594
9.04284902411172,8.4820815118802
-0.476526657765414,0.437713960076611
-3.71738008660605,3.01321468677644
12.2464909155912,2.96334610309724
11.7297052939481,-1.23282756481047
11.5067963202543,0.233100572491925
6.11328979330728,-5.16929568920012
9.41717382269571,-0.9218451586711
-6.09927324456504,3.35234389629487
-6.58543256921103,0.999560335542004
3.56052680807779,-3.84950341853972
13.4048285086698,2.49205980625276
5.2017573912687,-0.270766643916328
-7.43952898186972,6.08082590427522
-13.5100512902193,0.176644006634991
-8.02705244225791,-5.40601720485564
-7.36372427148154,3.73057661380891
5.80239625769326,-7.93573512706633
11.7332262595243,1.31514511432771
3.13112731772134,-0.541877543662746
-5.45936254662802,5.18926630344514
3.03461190062234,-8.79356183681365
-2.26136569184592,-1.74109830531951
-5.78170065087607,3.90898475971345
-1.55348543328574,-1.83068289432402
-6.5977769295626,-6.60435189876433
-3.33751873177817,6.3351727518094
6.19725175696084,-0.417522659634311
2.04763253527353,-4.7225026098239
4.87882419424722,-3.75124325427886
-3.05113581818869,6.67130623188142
-5.36270908517173,3.8098403009427
-5.34618238610556,7.17958174076204
-2.03272322816184,2.51192365017061
-5.88685182732871,2.43233714428071
-6.60826067132285,4.72392473545198
12.9630503256864,2.23631129589204
-4.97472099465659,-2.2405724731433
3.27482744055459,-6.96728076610442
11.2330154975004,1.69951997127656
1.28325538831422,-3.69774331722136
8.98935838537881,-0.383289827841405
6.36559673147867,-4.9502390829074
-3.63439182442954,4.76463804569368
-6.25213960809043,5.30733595218782
1.77889176207254,-0.375427168437351
3.07466526823709,-2.04339291725035
8.55342384176919,-0.19343238148566
-4.56411270303061,-1.17377998504515
9.18322892981241,-0.576631745432575
-4.37422184151938,7.92038736667756
4.22048040228555,-4.41834869060393
7.61677547293374,-1.88232972297545
0.264900167757962,1.67051182117585
-6.81483797234824,4.39941606845979
2.54584344225595,-8.27229966792937
-4.75375942391684,8.52354917850618
3.25140949087808,-8.65140142116423
2.5054627259321,-1.91907670173522
-8.16784814996054,-5.54672517452117
-0.527490774815585,1.5851350816739
6.6154822905607,-7.34411277446624
4.28613754111001,-5.9537528959262
-2.28086785477927,0.390502253438275
-0.665065924351718,0.308550873662274
-6.23944286507895,2.69226441707734
0.87584683048198,-3.58065929088469
-7.33579210442832,-6.02646388683196
3.33918472128579,-8.30214919719573
-3.23767189187339,-0.429554173831899
-6.69117216271689,2.75688014354829
-4.39533857507041,4.66028557148103
6.79574104147622,-7.07577218685027
-0.117567757790591,1.89109883632783
10.1356348593778,-2.88780774745818
-4.11187271279624,2.94117698993806
3.13440104323098,-6.19063892040129
-4.13287738961508,5.3822771104825
-1.21394042176535,13.097104171182
-5.57917455834677,4.75559339847688
1.90857203798959,-4.5350345579135
-4.93231538934043,7.79130373325471
-3.66517118615439,2.21245107975129
2.89256735640237,-0.320999661569555
13.6267780860014,1.53587351169709
-0.808687011425998,1.4382514747632
4.50138541060159,-6.25459279689666
10.7846960623808,-0.392744313103218
3.4416837294645,-1.03089781675215
11.3184446890898,1.59342775669221
-7.06303171319297,-5.24649705562468
5.23068614798257,-3.90126671466704
-7.25465444726279,-5.36564387950774
13.2479414542265,0.906733492280286
-13.5492177407198,0.160014608765881
-6.58246425790122,-5.38068952236052
-1.08935038251212,3.14777026500825
5.78996797400186,-0.449457449947555
-4.13149360818198,2.08753190364961
-5.17178062600424,3.09539733257417
0.369044413144086,-6.44114818248625
-6.90092949075034,1.45652041759614
8.97809644537637,-0.400059573461373
6.50499816733072,-7.63347806606169
8.14777465658853,-5.1663068738925
1.52755465107629,-7.41517200145598
-5.89434627694419,2.73383293476228
0.0272670586652499,-6.56170596752043
6.35640045004556,-4.00822558078643
-0.111480216210391,1.49513552513246
-1.39096264046958,-1.21336539659377
6.25854488211343,-0.372208640088398
0.401569654519055,-6.25111570033904
-5.08823112649253,-3.25222887668486
-3.52357534570029,-2.35434236202117
-5.6216593186312,2.9576047452939
-6.21046690148642,2.06582794513826
-2.7125058571749,-1.60636224422332
9.81619115668008,-1.59103002223845
3.30893607931802,-8.72500695857878
-4.40301613015464,3.87795696582917
-6.72434000176718,3.22677717533235
-6.36301616830161,-5.97782315883513
11.0521177847929,0.390447655583661
-6.10663084191611,1.88812933292512
-8.62130884331992,-5.18922176036711
-5.94667390984824,-2.47202648792144
-6.53159097832968,2.41855297412996
-1.8382063309603,2.60030017223481
5.3205022414274,-4.13678111705657
0.00211228924462614,2.79089293804292
6.99322887259195,-6.40645303401824
8.77476449804971,-0.424669889842231
-6.36882642907431,5.51539764728669
-6.59804014367392,3.75257644977693
2.66641803579995,-3.64502825412627
-4.29449562234214,4.654296496774
-6.94619373482993,-5.45665826473113
-3.19002083939841,3.87571010913972
4.85702367621133,-6.55050887737151
3.39126225310037,-5.040527721976
7.39580007391641,-6.67112912807341
4.39621229963968,-8.17183961543914
-8.5672831932955,7.07060013141755
-6.69934038323691,-5.55238284740325
1.91721304255197,-4.47377195033904
13.434134920413,2.32373485889558
11.7994570334501,0.240351000691693
-5.57961897057822,4.36178312626008
-4.70221046609214,-2.93854012164946
-5.80096868676474,5.70408020343904
8.99899621802041,8.48439703312043
4.25878330069253,-8.3152030912387
2.38106365996072,-1.15766467723723
-7.63773111504843,-2.48039831790801
-5.54734138650229,-3.38727678928252
-5.00199083489707,7.04877195682649
-5.30375007790854,-2.17326774272795
-8.60891203088095,-4.81180801067229
-7.01841119927695,-3.88583507213469
3.5422560771055,-7.35033454570647
-5.12089399499228,4.67607364978914
-7.89438776177695,-2.62108459148284
-0.0945075551920194,2.81206713047151
8.39156003790567,-1.35575183305617
12.9416651328153,0.280984619523328
2.30348106222818,-4.62750806484099
13.2750544150419,2.39285359707002
2.08864291506479,-0.534990957115848
-3.65622524422934,-2.25005116138335
0.133901913935636,2.43209777202729
-7.74488786858847,-2.35219528350707
10.349472482974,2.44034562435273
-6.60240177316001,-2.26562156352874
-5.88022188348105,5.7616134675992
-4.59796146554282,-1.05854495439406
1.60122843580911,-5.85399188670989
-8.37644819421103,6.80932531681184
-8.99845079583457,6.94988022174959
2.80761380987832,-7.84020366344329
-6.23669103783896,4.20373926487092
4.32486124830911,10.128239730264
-5.35347036523154,4.99742851581697
-3.886497060483,2.70417127933625
-6.39581827325156,4.0753170045865
-6.58946565789511,1.32301316585664
-0.403178970044162,2.40430031147126
-3.55265669030478,4.47695026722078
-7.66317609948447,-5.03252401027556
-4.84475855035117,6.14544544544343
-5.86919264001181,-6.16023673686858
7.17681213217447,-5.02787532482024
2.36985441046426,-1.1398815122592
13.4328007300443,2.44678626384858
-9.85265974206259,3.45456991520051
6.16644569235513,0.115819880629819
6.95395561056802,-6.99760999355193
6.72135015326211,-6.47450437221404
-3.74490551156333,2.66516313877229
-0.338956515019442,2.35989914264802
-7.06500200433066,-1.89557149085875
-6.0377912918978,4.63397846546296
-3.77861408395102,2.65777764644746
13.3366531928129,2.77899179782991
-4.62058738869956,4.42083750095491
-5.82746938866904,3.842040637399
-5.25886730355551,5.84750471439485
6.65488382178018,-1.1750115362155
-2.67283157510092,3.91419086780671
1.37258430319497,-1.14977570447798
12.8199152548856,2.5046280416501
-6.42343906564048,-5.70610227260466
-5.12526516122153,4.49464760151033
-5.16171268624594,2.50279412593965
-7.49720911187461,-1.60958685550566
2.74628468352029,-5.88558950099822
1.27457224326799,-7.66646041545745
-4.81361250085166,5.137046912576
-6.90029911202719,2.16359005298738
2.97579212980935,-8.59503068599578
-5.16280368966391,3.75890455570344
-6.56973222894004,-1.81846429977294
5.7112845976896,-8.30174054775115
8.90869756537149,1.98276458110933
-13.3188834587984,-0.0846483019339631
-5.45861248177817,3.6493235620511
0.562424232537244,-6.8237570730197
-6.43935636681845,-5.25929584178801
4.44729038077066,-4.515785118674
-6.18344215554526,2.35704527225618
-7.97563985986045,-4.89631881389495
11.3964762290067,0.669895032311719
-8.00841192406943,6.6426564249051
-7.51457647485068,-5.51548375759001
9.5886587699003,-1.55922915611144
3.59002133207986,-8.54295053157683
0.188789566332791,-5.67369832668181
12.0509342749662,6.474533656503
4.14570375281045,-5.74495925578948
-4.68858770531943,5.4911728891385
-4.91024450463584,4.57738933887605
12.8973602850981,6.92742452945833
-6.62230018777182,-5.68784083995696
10.445217569644,-0.0729091373431275
7.77306028204629,-1.83330216083403
-6.20155386132529,5.03408441867952
-3.71364883584311,-0.643640956019122
1.87204178171823,-6.97892703685637
0.564750035578702,-5.53706826839324
5.55216737585733,-0.542503064607341
-5.80032352608969,3.09285698261384
-6.79495767754843,-5.23665322933074
-5.72107748193076,-1.99506332549926
-9.60261205834677,3.70134983387117
-1.25250653428366,13.1400223764432
0.15419884520242,2.21937046375398
2.7073270876951,-8.51539125118132
6.5126032431669,-7.47517957363005
2.6145057280607,-1.87480773601409
-6.90678600472739,3.11685262050752
-2.95772651833823,3.54622874584321
12.6763901312895,-0.30038444522496
-5.65060762566855,4.67377767887239
-2.86824921769431,-0.327474964891631
-2.54618195695212,-1.77430917892333
-5.87597374123862,5.10534534778718
12.7455229361601,-1.02245237502928
-6.98079780740073,3.05490908947114
-2.62439541024497,3.83464155521516
-5.78844789666465,1.79333362903718
-8.53517584008505,7.18295488681917
-1.94676021737387,-1.74337973270293
-6.3911061684542,3.15168199863557
0.214023192698453,-5.2034973112094
7.040758093173,-4.54565896663542
10.5079111655302,2.44515714969758
12.9570688803739,2.56528411235933
11.4731707175321,1.95374498691682
-5.93385366601279,5.2334095033658
-4.84754089516928,7.88597784366731
-5.60531047982505,3.92811785068635
3.30440731840799,-8.60626401576873
-6.9117656151705,3.09655700054292
5.77266593771646,-0.686970224713046
2.13124008970926,-7.6910289731967
-6.75216917199424,4.14335165348176
6.05443092184732,0.276201644803326
-0.0787892739229459,13.102830985452
-4.66002325219443,7.73236189212922
0.257680435950254,-5.14694204006072
-2.60366992158225,3.90253649082307
7.61232610541055,-1.65390541229125
-3.40551809472373,6.40341768589143
-2.72401146096518,0.879075745011609
2.86560626822183,-7.54500140819426
-6.20070413750937,-5.58692493114348
-5.06744198006919,7.09836159076814
-0.862781326001193,13.3701010736478
-5.04540399712851,-3.41595472965117
-7.2747149865084,-6.27620067272063
13.6796793540067,2.04837403621797
0.860948742652629,0.508320847417157
-3.47504524392417,5.46743975010042
-4.91528944176963,7.64238748874788
-3.91796020669272,2.24098906841401
12.7197069724149,-1.04351999435302
3.51491661863992,-6.21400489482756
4.92706676321695,-6.83840169582244
3.57825370627115,-7.5371793714511
3.00376697378824,-1.57560946617003
-4.56068853539756,7.72891817417268
-5.08832172555258,7.78393946018342
6.76782127218911,-0.260807467733581
-5.7215185563021,4.22018394794587
10.0502419074125,-2.02636828098174
1.98343785601327,-2.46389259967681
-6.47010711831382,4.50584802951936
6.74104066687295,-6.32821216258879
-4.28943018121054,2.61183939304475
5.58494230108926,-5.23111285838957
-6.78028062981894,4.12135658588533
3.86916085081765,-8.02111568126555
11.3859963019438,-0.88960673484679
-5.92161134881308,3.02008066501741
-13.4135413567477,0.187863388921063
-6.25948671502402,3.09984550800447
-0.418168942158725,13.9432211908353
9.34629293280313,-0.74006461176749
-5.41816286248496,6.4072147401822
-6.84577421349814,-1.37531139526244
-5.92542127770713,-2.23298706683989
7.15200515585611,-6.92055930766936
2.06717737513253,-6.09535016689177
-4.10748438042929,2.11183510151033
-6.31269029778769,2.82929692592744
-3.83035234612754,-1.4118496385562
-6.28789095086386,5.74706325855378
7.57587238150308,-7.04583968791838
12.3148169119901,0.0195876153958251
-5.75625805062583,-1.82184531364318
-6.48614267510703,-4.69680585536833
-5.89063934487632,-3.46339955005522
-7.25048593682578,-1.62974979553099
-6.72755960625937,1.54774318065767
-6.37436489266684,3.38418708171968
7.89362951117227,-6.99064292583342
-6.13579134148886,5.59390125599031
5.46386953192422,0.299281576539319
4.0384649832792,10.4678927454007
-3.24664644402793,-0.344902554635961
2.89878555136392,-7.96424045238372
2.49830981093118,-2.27314164314147
4.08009262877176,10.4912034067166
6.20096202688882,-1.00043197545882
4.08607979613015,-7.65129365596648
-7.57768301171591,-1.87790550861235
1.31133600073526,-7.51921596202727
2.32860549288461,-8.32550182018157
-3.77054361504843,2.45399651851777
-5.67828993005088,3.58686886158113
3.22794314223001,-4.79759969386931
5.66094632940957,-5.06013526592131
5.56599756079385,-0.584158247445781
-4.28403667611411,-1.3992227521884
6.14346071081826,-7.76033963832732
-6.78256229562094,-6.60500325832244
4.56316848593423,-4.8080009428012
2.54495008784005,-3.27630748424407
-6.79847339791587,4.61034260120515
11.462307413394,1.796222070123
-1.30664614838889,2.91686258640413
-5.45346454781821,-5.8097738233554
-4.95966295403769,8.15004167881135
-5.8888221184664,2.81655917492036
4.1920876105375,-8.21462669048186
-6.99151949090293,1.53843376960878
-2.11906675500205,0.652905324364941
5.72222371893594,-8.08842792186614
1.98665114241311,-1.61567833099242
2.64540644484231,-4.230633398627
-6.89162449044516,4.12175522174959
-5.37017110986045,3.26645145740632
-6.66074566048911,-4.98012485179778
2.22601254778573,-7.46832503948088
1.2060265143461,-2.0345896688449
1.19619288044641,-6.35260286006804
0.333369394118283,1.71465955104951
8.7230000098295,-0.000292381380755713
10.0125193198271,-1.29110475454207
-6.49894336861899,6.88624916401033
-0.861774841969516,12.5504714044583
-3.75415567559531,2.34772572841768
-5.87438635033896,3.84834394779329
-5.78730444115927,2.25614462223176
-7.34378866357138,2.25973186817292
-1.03431014222434,2.58380732860688
-2.68173221749594,3.95932255115632
12.8846239646024,6.23079452839021
-5.54129461449912,4.13966713276033
11.0324778159208,1.42163942184572
-2.24109939736655,1.25570438232545
-13.6069140831881,0.0679979118359496
-5.7419362465792,5.05808220234041
-7.76180318993857,-2.16577400836821
-2.48095158738425,-1.29212274227019
-2.66859797639182,6.34614000644807
-7.26230005425742,5.13543567981843
-6.53774742287924,3.76795444812898
-2.57767967385581,3.88788376178865
-13.3949551979952,-0.0296479669558595
-4.681654016202,-2.59563126239653
1.80097707110116,-2.5600167718875
12.7820858557768,1.71849832859163
-0.698064605420138,0.250293413068097
2.09467848139474,-2.01286735210295
-0.516497294133212,0.531233766938489
8.90919442969034,-0.52772018883105
0.274221201712583,-6.9471587148654
0.240856488520597,-6.23028506908293
-0.141956011479403,0.850962618256848
4.84521909552285,-7.65448226604338
-8.26416639489462,-5.24580993327971
-5.24001411599448,3.62598572101716
-4.36976007623008,5.41158161487703
-4.23975423974326,3.37686119403962
10.1326632102079,-2.95906629238005
-4.7796969811373,7.40094004001741
4.57838602858255,-3.64555873546477
2.00386365252206,-1.20525093946334
-4.80140403909018,5.9190465005887
0.20513935881326,2.0793989690793
-3.78786234063437,3.73530063953523
-7.36695722741416,-2.64115347537871
8.47261186438272,-6.01477374706145
5.29951425390909,-7.45986117992278
3.32936259108255,-5.28429975185271
10.4136499960966,3.41089425411348
8.88677068548868,-0.404521022101004
-7.79589609307578,-5.5968340841281
-0.432879964535739,0.863447287942212
-2.11922434968283,-0.370443306972344
8.54436250525186,-0.194911485646922
-1.32664016885092,-1.73302867088195
7.83713813620279,-5.01936950359221
-7.43331007165244,-2.31880964908477
-1.16103712720206,1.34905085888032
-4.27939991158774,2.68242154445771
2.40754934149453,-8.33425750408049
-7.02247814339926,-1.45774795684691
11.7896799643583,6.32204399433259
-5.9271145264559,4.31224832859163
6.83220287161538,-6.93747129115935
0.485187907988523,-6.22232188854094
-5.89746669930747,4.36918602314119
-6.05438808602622,4.81987963047151
-5.90990213555625,2.54721055355195
-7.09911541146567,4.5938454660428
2.07295592623422,-0.00651722226019602
-4.25194267434409,5.64084635105256
-6.64826826257041,-2.56089963588591
-5.71793083352378,4.05260525074128
12.5831217368192,-0.664393803213794
-6.63657335442832,-5.69111432704802
-4.6013088623934,5.43062839832429
-13.4960179726534,-0.0683550444590638
8.20630880194375,-6.50289144191619
4.6615016062803,-8.25691594753142
-6.92184404534629,0.686969498063367
-7.35023740929892,3.1876581701291
-6.64242843789389,-5.61514272365447
-7.56915048760703,-2.65999307308074
-5.95247654122641,-2.30784537467833
5.7118596633024,-4.2115003076541
-4.98414901894858,8.9170065912259
-6.53222374123862,3.55266318645601
7.48590608435342,-1.15354933414336
-6.38021282357505,1.47246370639924
2.82621451216409,-6.96072806987639
-7.40800623101523,-5.17520656261321
-0.639728109066989,0.75446293678407
-5.94689087075522,-3.92136683139678
-5.14778904122641,5.24185047474031
-2.28848699731162,-0.60954873833533
-6.82045845193198,2.64104090061311
-4.40476040047934,7.83322820987825
5.4235238631315,-6.3363474813449
-4.98005441827109,5.3546024354947
2.34256907301614,-1.97316744003173
-4.30210832757285,7.85900793399934
-5.80753044289878,3.50733433094148
4.81265683966348,-8.54568757686492
-6.56613449258139,4.30764208164338
1.82865627604196,-0.760520389412601
-4.79080061120322,7.3017779382718
2.14632983999917,-2.46165504131194
2.26609726744363,-0.794263115261752
-1.31068591279319,12.787304976846
-2.59316519898703,6.38657961216096
-6.37695125741294,1.55618009891633
5.88172717886636,-7.00930919322844
2.59513505297372,-6.20244445476409
-9.91694120568564,3.6064015420926
-5.64335445565512,3.60582599964265
7.3915562232084,-7.40218248042937
-6.35299066705039,1.77275333728914
-8.45737032098105,6.87262020435457
0.717834753269647,-5.69471540126677
10.2268490393705,-1.53402938518401
-5.41043476266196,4.19497118320588
4.3234626849241,-8.58355989131804
-1.38868455094626,-2.07148434791442
-5.47909120721152,5.61458740558748
2.42887862520883,-0.0132371691214631
-6.99107364816001,-1.21095140848037
-6.20008329552939,5.40963611927156
11.8119330008573,0.228207925225537
-4.2663331429415,7.83769140567903
4.29444619017312,-3.49300279292937
-6.81108717126181,-6.49618234310027
-3.76243213815024,2.55960498180513
0.226027329737638,-6.38468303356047
-0.322295943921115,2.28452334728364
2.4703337748594,-1.68213607940551
-1.43328146142295,-2.04221655998107
5.17088790732095,0.312538066769879
-7.35731367272666,-2.63511075649138
-3.88256267709067,6.48039970722322
10.1905932028837,-2.02426173362609
-7.02560810250571,-5.18096246394988
7.64016481238076,-7.40535154018279
-4.61362699670127,-2.282590886687
6.99821325140664,-1.26553036842223
0.169734021002744,1.54885921802644
-6.54681018990805,5.11960182514314
2.0467509825773,-0.913565954302509
-5.86552051705649,-3.34222950610991
4.06890817480752,-6.68283500347014
-0.57558778924277,0.823763826752942
0.205497999960874,-6.79560031566497
5.17217346029947,-6.54142179164763
-0.110605577652957,2.54974923458223
-6.85800842446616,3.3366068395627
-6.15542654198935,3.6045442613614
-13.5074868599825,-0.0732337144362519
3.70079298811624,-6.28001012477751
-6.17850259942343,2.77390966739778
11.3399414618559,0.605358281995099
-4.53652910394004,-1.34171172056075
2.32044847803781,-0.149863040183742
0.0410990317411166,12.5508099588406
-6.3303938309603,3.33452997532014
-4.7859921852999,8.02203188266877
9.14663549261758,-0.677286973332126
3.80576678114602,-8.16053046855803
-6.2247128884249,-2.44121327075835
-4.89216951531699,5.82212648716096
-6.82838968438437,3.21896419849519
-4.31188491982749,7.99870977726106
2.7019912798948,-8.62646093044158
-2.30065635842612,0.112745890284817
3.03197999792764,-4.7883829084384
6.02915044623086,-0.153511157368381
7.71952052908609,-5.81956805858489
-7.15145544213584,-2.55530633602019
-8.56654886407187,6.53229627933626
2.15960188704202,-0.626325329874713
5.00235458212564,-6.68199052486296
-1.36650447053244,-1.97029699954863
-7.04138521355918,-1.74524321231719
-1.69420961541465,-0.97282423648711
-6.452237168973,4.1035095247281
11.4473166068144,0.10293723073129
4.74616261320779,-3.44327201518889
-6.37965015572837,6.68915472355012
-2.20717720193198,0.364565351868909
4.7510315974302,-8.67067422542449
-5.72529653710654,-4.13713254604216
-6.35895876092246,6.78904257145051
1.84637673693368,-1.72991838130828
13.6602310736723,1.78542480793123
-7.84425691766074,-5.99215116176482
-6.68438724679282,-4.62072267207976
-7.27625517052939,3.41964564647798
-4.91154388589194,7.58559856739168
0.088501234824155,1.14236591186647
-3.99047426385215,-0.859854063128192
-6.39936308068564,-4.12774457607146
2.14929731684396,-1.45954205665465
9.24481054144571,-0.280066637431342
-4.41345695657065,8.14744577732209
2.65946098166177,-4.21642508182402
-0.84599999589255,2.86172519054536
-7.61380438012412,-1.91005482349272
0.970186312968228,-7.53946914348479
11.7562098105497,-1.28784598979827
4.66071768599222,-6.72453059825774
4.38740392523477,10.025646308328
-6.19863418740561,5.47777519550447
4.50592680769632,-6.48621453914519
-13.240259687131,-0.165707862113673
1.16776009398172,-7.69842137966033
-7.19121698540976,1.77746234264497
7.15500732260415,-7.58360423717375
-6.49315075082114,2.71716366138582
11.8856615622587,0.42895982589845
-4.42287115258506,6.87664184894685
-5.46708015603354,4.69721470203523
-6.84229330224326,2.78591595020417
2.09105642634103,-2.26759662303801
2.40673085051248,-4.18687882099028
-5.29577020806601,7.27163181629304
-3.46876768273642,4.67768106784944
10.6622271140165,3.13615379657869
7.24501176672647,-0.939299246405322
6.53631254034707,-5.52713288936492
-7.05096296471884,3.2853361162198
-4.64182476205161,4.08996782627229
-5.30970148248008,3.59096632328157
4.21303554373452,10.2004805597318
-3.91501001519492,3.10940442409639
6.05822749930093,-0.680271199082095
11.0371889670439,1.61060176220063
1.94950183230111,-4.44755401286956
-6.79531578225424,-2.42969336185332
-1.10781220597556,3.05198488559846
-6.81581787270835,0.140491345788281
-4.52311901253989,-1.13343586597319
-6.38549951714804,6.20783577289705
-6.53401807946494,3.92825851764802
-7.50741914910605,-6.60221566829558
11.7854685385771,-0.879253318642337
-3.60503582162192,4.56243095722322
-4.72478775185874,3.81839762058381
-4.24332670373252,3.39135489788179
-7.27408556145957,-5.37521781597014
-9.85337690514853,3.52672324504976
-0.998190085118319,13.6370535882962
-0.0670782725267667,13.3200818094266
-8.43668417138388,-4.43711747798796
-6.50303033990195,3.16604767170076
-2.11460475129416,-1.32601734075423
5.45951982336709,-0.385425493695844
-1.22443131608298,2.8671597036374
-7.08574537438681,-6.33381309184905
8.29227825003335,-1.55946316394683
8.82267709570596,9.05328855838899
-1.41324953240683,2.75190196361665
5.84611125784585,-7.69350900325652
-13.3395476738863,-0.220977028940875
2.53107138472268,-7.61079826030608
-5.99538664025595,5.77069101657991
-5.77496771020224,3.53408084240083
13.7633728583402,0.00275234308366079
5.84073921042154,-4.44283094081755
-0.393155495350863,13.7993193658841
0.4207347531862,-6.66642608318206
-4.84950212640097,4.57445965137605
-6.44128231210044,-5.60818519267913
-5.42127756280234,4.72273311939363
-7.99090246362021,-4.86377849254485
7.88497825461099,-6.96179666194792
2.97556563215921,-3.34967603359099
-6.46000818414023,0.942381480599683
-8.8940768639498,7.00132570591096
2.02171107130716,-1.29560264024611
-7.93338159722617,-4.8205193487155
1.02366899448106,-7.62059487972136
-6.15277961892417,3.16756067600374
-5.44947818917563,4.27249584522371
-6.85892681283286,-2.32004120025511
4.84792323904702,-4.78031005535002
-1.43733910722068,-2.0071044174182
2.71154888468454,-3.07481326732512
-7.58141092461875,-5.77996291789885
-7.08728412789633,3.57158551540498
5.43699355917642,-7.8405617681491
10.4559158881254,-1.41994108829375
-4.31824020547202,8.33204851474885
-6.16652588052085,4.77792415943269
3.63803072767923,-7.93677272472258
-2.95710186166098,4.09910545673494
-5.52499488992026,4.18515262928132
5.47841687994668,-3.80615081462737
-1.4153433243685,12.8811932596219
-5.58478407067588,4.10211906757478
2.82976289587686,-4.78848113689299
-6.14491371316245,4.18753013935212
-5.3307714859896,4.69728098240022
13.2054256995268,-0.81771593365546
-3.7579479615145,-0.785321911905963
1.63467146950433,-1.77617730769988
6.02153678732583,-3.69338001880522
-6.13433221978476,-2.24020912322875
-0.796762983029391,13.7202397378934
1.77062006788919,-3.95107831630584
-2.61465410394004,6.36320982303743
-2.37439874810508,-0.614202192162235
-5.21270946664145,3.84742174472932
-5.6583180825167,3.36527643528108
-5.71221164864829,4.55306682911043
5.55241008597085,-3.89882602367278
4.51301093893716,-4.71878852519866
-2.80496958894065,6.73710546817903
1.69788213568399,-8.07505740795012
-0.677707115834262,1.6105679067624
-3.75280670327475,3.62667141285066
9.31025644140909,-0.844132026766498
-5.14574960870078,5.51000891056184
-6.98422960442832,-5.33974160823699
13.2162527640409,2.58442340221528
-6.38126901788047,3.62972317066316
10.9134573538847,2.96684704151277
-13.6551976601534,0.169905880357068
10.0867847998686,-2.11395170364257
6.64626642065713,-4.23219360980864
11.0894169409818,0.408415654565137
-4.99635509652426,6.69595775928621
-5.90833381814292,5.27042064991121
-0.149991373246219,12.5723296197904
0.0919010241574985,-6.54756536159392
6.3181190093107,-5.89175834331389
11.3222508032865,2.60036931362275
2.91974469023416,-1.24656744871016
-7.03290943307212,1.76380715694551
7.80665775137613,-6.05574597988005
0.572964300686811,-7.12929954204436
3.32620616751382,-5.17778768215056
-6.95498184365561,3.9333959611905
-4.50001863641074,-2.06182362708922
-3.8227878014498,2.05099163379792
1.93183418112466,-8.2253889051425
13.5950169165678,-0.29786441299792
-7.81369833154013,-2.34604205760833
13.3229441245146,2.73272047367219
10.8803648551054,-1.74178697738524
-6.7289100090914,4.14955578174714
5.17550702887246,0.316702226067822
2.84294315176675,-6.79531993541594
-13.4641528527193,-0.010296097134311
-4.99082378548911,7.30145035114412
-5.7508359352999,3.05700669613008
-7.07136301202109,-5.6345275846469
9.36780401068399,-1.39002897415038
-4.88215355080893,-2.14956369075652
-6.64245037240317,4.2365513834012
5.47514625387857,0.06038899150018
11.8719820578642,-1.13464995298262
-6.77528480691245,-2.46893849048491
1.33010878163049,-7.73673906001921
-8.70598844689658,6.92739782657747
-6.20173362893393,4.60042963352327
12.2018389304228,2.16048202839021
-2.62256936234763,1.25143978920106
-7.42165235680869,5.99892196979646
11.1748203833647,0.241041639710705
5.05680843191812,-3.58937158260222
-5.57508281869223,2.78731975879792
-6.59282688302329,-6.05762281093474
5.30360217886636,0.0973309072506835
-5.174742738431,4.60061989154939
-4.27887491387656,7.74201307621126
-3.8805156151705,8.23201570835237
-7.99210981530478,6.71873960819368
7.6156773169584,-1.91382815513488
-7.17594818276694,1.91427550640229
-6.18040041131308,4.46312008228425
-5.90255884331992,3.54918418254976
11.3297237952299,1.6937502416623
-7.37336210412314,-5.55652370128508
-4.6323261658602,5.03921709385042
-5.50532678765586,4.429039100076
-5.36283401650717,4.33580646839265
-2.17509512109091,-0.00962852511282664
-5.6965408722811,4.12642870273713
-5.43028358620932,3.95251760807161
13.3347591956205,2.10704479541902
3.07480283575723,-2.7180453744876
13.6702704032011,1.78939233150605
3.39386339979837,-0.587412795160968
1.57697345810602,-0.839500656460483
-6.71640495461753,4.01880512561921
10.5010561545439,2.50412617054109
-6.47449974221518,6.78010378208284
-6.50157503289511,6.7040053400052
-7.65661863488486,-5.61238660488005
11.4217943747587,-1.6738354173648
12.8560442526884,0.815212586785596
13.3990006049223,1.58495960559968
-6.41515258950522,4.2126575502408
-4.19188455743125,2.94284186687593
11.8309826453275,-0.924225231741626
9.57215829687784,-1.05494656238433
13.4483189185209,2.41804323520784
1.2401613493509,-6.26847781810637
3.13906761007974,-7.85341968212004
-3.51355938119223,3.60849867191438
4.83005281286905,-7.71990670833464
1.77337469654748,-8.09025611553069
-6.01182321709922,4.89078626957063
8.81881471472452,9.02940569248323
11.0566124518461,2.55216870632295
-1.12155274552634,13.0255051645291
-4.64489273232749,7.53696260776643
-7.34294752282431,-1.90788855228301
-1.15420881909659,2.84999928798799
-0.144661168282535,3.02553067531709
-3.87120107812216,2.35065255489473
3.86332221823404,-7.93955316219207
-8.29365209740927,6.78026399936799
0.3335163791723,-4.96153010997649
1.38803573446939,-1.12368812236663
-8.49081186456015,6.86281166401033
-5.52343134087851,7.87572584476594
2.97567196684549,-2.66600932750579
3.11135788756082,-8.56048383388396
-4.57266334695151,4.0658069643033
-6.44409755868247,-1.95473005447264
0.209640820795987,12.4242917093289
13.6607842047758,1.2641927989972
-0.344846407597567,3.47626481380586
-7.13137821358969,3.74142561283235
-7.02349571389487,-0.380679168032553
1.29309906559655,-7.56670512828704
7.59371801214883,-1.86069061431761
-0.30972675484946,3.18868575420503
-3.95890716714194,6.21376381244783
13.7405542929716,-0.202606951926906
10.21236177283,2.13558278408174
-7.7938046852999,6.64210806217317
-8.27387956780722,6.95622167911653
12.4860529501981,2.26105199184541
-7.57321314019492,4.729576209451
-4.91172031564048,4.87825689640168
2.80229755240152,-2.39026965770598
9.08689828711221,-4.71071376476165
7.02573343115518,-5.84432019863005
-0.569458405201938,1.43707285251741
-4.61608795327475,8.14756689396028
-6.63160089654258,3.60861454334382
-1.05820302171042,2.88474784221772
10.7885107596464,2.97956190433625
0.317924310738538,-5.85436000499602
1.87570043402383,-2.16554214630004
-5.10953239602378,-2.20345499191161
5.15144582586953,-5.26851262721892
-5.99566749734214,-4.0968967882144
9.62118097143838,3.14708123531465
-6.0526667038851,3.69960937824373
11.8218016226835,1.71242962207917
-0.891387263958957,0.272370913888257
1.20512222247789,-2.00870074901458
1.49205883341501,-7.62431516322966
-8.39729456109336,6.81118545856599
5.8379411299772,-6.83301486644622
-6.07081274194052,4.39818678226594
-6.92389778298667,1.80772385921602
-6.87056163949301,-6.71177234325286
3.21271367865274,-8.09538831386443
6.70946927862832,-0.95800455484267
-6.59878830117514,-5.71186246547576
8.90097471075723,1.98233757343416
2.1107877095289,-8.28643312129851
-5.7946682373934,4.464035609628
4.46225281553933,-3.77723421726104
-0.965656081860568,0.580802241231244
-3.99279503030112,-0.784069826935489
-6.49683431786826,6.87144909229402
0.720378321880792,-6.84202899608489
-5.02341465157798,5.64157448139314
9.75396104651163,-1.55951013240691
13.7491831381864,0.0172433945191314
10.7582821448393,-1.57286646041747
-5.82255987328818,-3.97010674152251
11.1522955496855,0.080455342198651
-4.87961820763877,8.84518728580598
-7.32665113610556,2.50953851070527
10.2492622931547,3.54745517101411
-5.88495258492758,5.97557554569368
-4.33418659371665,8.67930612888459
-5.82094864053061,3.02778516140107
-7.55944971246054,3.41804395046357
6.977769811923,-4.84703673992034
-4.67584613961508,5.0710650476468
5.20225807028482,-3.97628249797698
3.26152678328225,-4.6244858709323
-7.08491996926596,3.14069114055757
-6.00791935128501,4.39855871524934
-6.5325947205477,2.25108514156465
-6.9408617417269,-0.462955808376033
2.86131711798379,-7.72875823650237
-6.36673835915854,2.11194572773103
-5.6233454148226,6.54865179386262
2.60847600298593,-0.368039509390552
0.979952131683324,-6.01790465984221
1.85373969870279,-4.10098280582305
-6.78479484719565,3.13201651897554
0.479947259003614,-6.49739446315642
10.0500282843656,-3.12064590129729
-7.9856295983248,-5.48991527233
-3.69045833749106,4.54198704090242
-6.09529070061972,-2.09686042938109
2.56713875132272,-2.80449118289824
-7.14839224023154,-2.59131374034758
-5.7674580017977,4.86476383533601
-4.81261352700522,4.94126425113801
-8.30199770135214,-5.22465457591887
-3.55485204858115,-0.805302253102023
-6.53466180962851,3.42259464588289
11.280178507144,1.73661647167329
-4.87766079110434,3.95349417057161
-5.23276333016684,4.43818006839876
-7.20556978387168,3.78378305759553
-0.194037477200534,1.74388728466157
-7.84400324029258,-5.85227718028899
-6.73542265099814,4.51069984760408
-6.81414608163169,-5.11679782543059
1.68249990540216,-7.58907689723845
7.96475597220132,-5.94541635188933
-6.55064586800864,-0.045437743996341
2.3478368123121,-8.24731864604827
6.56666417914102,-7.86716260585662
-7.01826671761801,2.71708522167329
2.25520582991311,-2.36852695617553
0.160740991408322,2.64086900081758
6.45441146689126,-4.0138524976718
-7.10479978722861,-2.33966471824523
-5.47791198891928,-3.99829282436248
9.54779764013955,-1.52442958030577
-4.08520178002646,-2.48391284618254
-6.69139103097251,-2.30864169273253
-5.26052240533164,6.98536644306306
2.26989122229287,-7.19105615291472
-6.13797716302207,5.22732696857576
9.97207971411416,-1.14343311462279
12.745769937808,6.65290651645784
-5.44312385720542,3.31717882480745
9.52465768652627,-1.56234659824248
3.55052038031289,-8.07603683147307
2.71368547278116,-6.05951633128997
-2.75296048325827,-0.813947072361667
11.0558657248564,1.518629649545
10.767308672244,-1.79104640159484
5.65639873343179,-0.457084966932494
2.91001292067239,-4.38905181560393
0.0651080806798678,-5.7432602849948
0.0962780316419345,2.38752398815278
10.6934866507597,-0.0790568200099061
-6.92296604317954,3.96567020740632
11.3579697211332,0.642359236146252
2.50387032824228,-0.269937431548793
-5.76644663018515,3.01281748142366
4.98485179739663,-4.95601262721892
9.21686311560342,-2.40866603526946
4.22866960364053,10.3723717721951
-7.39192823571494,-2.49750318202849
-1.5314686695986,12.8472891839993
-5.95857814950278,-6.0115822759616
-5.49543909234336,-4.82956018123503
3.91061230498025,10.6247473749173
11.4207214911527,1.44616446819429
-5.76427129906943,4.74741421070222
12.7847122748441,0.600634852315228
-6.18616823357871,4.0885416063321
-7.20797399682334,3.12597260799531
2.64065821963022,-7.67566814098235
-3.6333461205416,2.63980613079194
-4.20708135766318,8.08646974887971
-0.040423075383212,2.44866547908906
-6.61296466988852,-6.49203576717253
-6.62991527718833,-1.61004342708464
0.608288307959531,-5.09911241207
5.44661947088907,-3.67048086795684
9.67296167212198,-1.61855258617278
-3.93488935632041,7.96451769199495
2.71342869597146,-4.54036368999358
6.12298913794229,-3.80122699413176
5.44090028601358,-3.81770195636626
4.23565979796121,-8.47046270046111
-6.97938589257529,-2.10719313297148
-6.43649820489218,1.13874099578981
11.0661615927763,-0.250405004357059
-5.58654836816123,4.91946897831086
2.51238115626046,-1.22755511674758
-6.83626274270346,-6.12778796825286
0.12815006571481,-6.15699519786711
7.10046096640298,-4.65533246669646
7.24718185263345,-0.857213577364642
-5.97782806557944,3.17585907306794
-2.65533403558066,1.18636176910524
2.24596877890298,-0.00139563355322581
11.4943193991728,2.44525370922212
9.31163640814493,-0.71191193733092
12.9991440375395,6.66440592136506
-7.61515001458457,6.46183357563142
-5.57701830071738,4.25698194828157
11.1993336279936,-0.0244128015982698
-8.33752206963828,-5.66795959148284
2.87247081595132,-7.91264190349456
4.52766843634317,-4.35043420467253
1.63588203983972,-3.60644473705168
2.72339769201944,-4.74183025035735
-6.08176616830161,-6.29368533763762
-7.70402769250205,-4.88057412776824
4.82374711828897,-6.57914056453582
1.32989456253717,-3.99566139850493
2.5958380301542,-1.19210340652343
-3.01733545464804,-0.0499330070960115
-6.22243503732016,3.8791066202176
-5.62811283273032,4.53664217319612
5.26856132345865,-4.69883956584807
4.95820327597329,-3.89973773631926
-3.45547727746299,3.74181995716218
12.2669338782377,-0.313383197520931
11.2819761832304,-1.57717754516478
-7.17237285775473,-6.37904538783904
-6.39588693780234,1.31498477783326
-4.42105011147788,3.82431850757722
-4.92722801369956,4.7501011880887
-3.7627725998812,6.67471084919099
-8.83850244683554,6.9203949960721
11.3636154730863,0.29994324770097
-1.71063522500327,0.523997286225598
7.15495963888833,-0.698729297255237
-6.66132501763633,2.59859786358003
-6.45137170953086,6.87366972293977
-0.0107915203027982,-6.51386012706633
1.24731870489785,-5.34668721828337
-6.16410116357138,4.6788440736783
-8.63911394280722,6.98723278370027
-1.77843145531943,-1.97328343067046
-7.38952879113486,-2.52584685954924
-3.31390527886679,2.3559189828885
-4.6867957512789,4.83261070575837
2.56490465002725,-4.17300643596526
-6.50010399026206,-5.63423719081755
0.798028982529734,-6.3113869634616
1.71714772778222,-0.498190468286235
3.47506185370157,-3.47267474803801
-7.410422841733,-6.52798452052947
-2.26931718987754,-0.449707945917804
8.93616243200967,9.05222616520051
6.10020967322061,-3.85271443996306
-7.32623438042929,2.26880202617769
8.04565568762491,-6.87324514064666
2.93206687765786,-7.48707999858733
-0.799883405392672,0.141131320859235
5.45886369543741,-3.8116413560855
2.29152580099771,-4.2927741018283
-3.79297355813315,2.00334511127595
0.180691321665738,2.62917790737275
-3.36859993142417,0.0219733211052825
6.76004501181314,-1.27785678777571
-6.4421840111666,3.85474405613069
-13.627876798337,-0.108663013313968
-6.07067445916465,4.0944672616971
6.32371326285074,-7.73187293681975
10.2714104254789,-2.64931430492278
-4.95141605538657,-2.29799725684996
-4.95815424126914,4.06735382404451
-2.79089955491355,4.02192221012239
-1.391614953702,12.8965941461575
-6.37038902444174,5.96152363147859
-6.24037698907187,4.8319669755948
7.57685132818887,-7.27668037090178
4.09574004011819,-4.64065208110686
-3.58101324242881,-0.321916399632652
-3.682311097806,6.55572233524446
-3.77490810555747,2.70666251506929
-5.01603178185752,2.37192187633638
-6.66131691140464,-5.55515613231536
1.24933042126367,-6.36696567211028
3.35976119833658,-0.764037391279895
-0.178285876935031,2.21730838146333
6.94751735525796,-7.22190417919036
5.81940217810342,-6.02350320491667
3.05105634527871,-1.10224266919966
3.14225455122659,-1.85629548702117
6.14172406988809,-5.3637870756137
5.67981859045694,-0.359743300934393
8.05635639029214,-1.48145856532927
-7.57036165398886,-2.25651063594695
7.9494061072416,-6.52271499309416
-4.93125251931479,3.76870975818757
11.5919594367094,-1.48671021137114
-4.41051773232749,7.81610784855012
-8.47941068810752,6.70633135166292
0.702160229260419,-5.85685195598479
-7.10103611153891,2.69207082119111
-5.6840634743624,4.50289450016145
3.07497807341287,-1.4011770692813
-0.490302244847323,2.97452125873689
2.90453048544595,-7.95139302883025
-3.0211565892153,4.28694210376863
11.488089998538,0.170083442593854
-9.82329515618613,3.59703646030549
-4.35443166894248,2.51401386585359
-0.176165620511081,1.83948598232393
-5.2839694420748,7.02388248767976
-4.2939906517916,4.58982239093904
8.78603549795816,-0.297628199790675
-3.67517427605918,5.28940306034211
5.03516813116739,-0.0532335248934815
-1.7267663876467,-1.81278826866027
-2.73624662560752,3.71357450809602
-1.48710660142234,12.7545739206326
-3.64571432275107,2.29354176845674
-6.55916074914267,-5.42700090083953
-5.39688591164878,3.59655819263582
2.43336888151834,11.2598753961575
-6.84413103265097,-6.56596555385466
5.23953624563882,0.0940985473645141
-1.2918196122103,-1.94725026759978
-4.94809154671958,2.13146052684907
-7.75701002282431,-2.69264568958159
-5.8273682991915,2.08961091365937
7.59436794119546,-5.58531179103728
-3.88465599221518,2.39369139995698
7.21782728033731,-4.74468221340056
-6.87244753045371,0.357661226655286
13.0823034842558,-1.00622357997771
4.26237364607522,-8.15943421993132
5.20423837500284,-8.14388169917937
12.4519638617582,-0.791951170300205
0.178855558211301,1.97042713489656
0.599580471689199,-5.94596185359832
5.21962114172647,-4.36090483341094
8.80809160071084,-0.40531949151035
5.23636813955972,0.410517791177075
-2.9016361634188,-0.885351142023761
-5.01000646752646,5.03236112918977
-5.59819940728476,5.92483673420076
5.9787954886503,1.53621135082368
12.0952095587797,0.19118134107713
-2.14419941109946,0.507956484223645
2.26120551424691,-1.21819748554106
-7.49138406915,3.6786523851407
4.02722688513467,-6.98100223216887
1.19734757142732,-6.47839536342498
7.72916646795938,-7.07368268642302
0.752601896697972,-6.83451785716887
1.84066744642923,-8.15993966731902
-6.32967476052573,3.10346422519807
2.45353647070596,-2.11001875076171
-3.64477352303794,6.70152864780549
3.430397470767,-0.875686874722202
-6.00400261086753,5.22735319461946
2.71399660902688,-3.2813736406314
-3.96716837090781,2.98908768024568
-5.71028904122641,-3.90778150234099
2.85007115202615,-6.66210117015715
-2.8929405610018,3.79985866871003
-3.4770584504061,5.51190624561433
-7.19626096886924,3.41572532978181
2.09833892183969,-6.82051505718108
-0.124221424286868,1.25930939045076
-6.43052534264853,3.21364126529817
-8.56356004876425,-4.80494489345427
1.76445915299127,-0.414996164028604
-6.266699353879,2.55044041004304
-5.60911182565024,5.026930430795
-0.791056791966464,13.6080857309354
-3.17054061097434,2.2375803979886
12.0445417960233,-0.678154101704318
-1.12691144151023,3.10236773815278
-4.89121297997763,2.74696073856477
-4.87696794671347,7.95843515720491
13.2906889517851,2.68992815342073
9.44523473578164,-0.957439502810199
5.87346406775186,-0.559950983260829
-6.23236517113974,4.18123112049226
-6.07116178674033,5.24879083957795
-7.59442285699179,3.82085047092561
5.37569995718667,0.00353888597611685
10.9482082923002,-0.371231996563334
5.26486011343667,-0.381437934811298
-5.02197174233725,3.82574377384309
-6.22691110772422,4.35208950367097
-4.48016790551474,4.65850792255525
11.7067341406889,-1.08202387962218
-4.75221256417563,-1.28049244556304
6.06436725454995,0.352090934182446
4.80032559233377,-3.80501284274932
-6.87508157891562,3.6281848939908
13.3134598334379,-0.585339313482005
-4.89339737099936,-2.38474836025115
-3.67262510461142,2.01778898563508
10.6723923285551,3.09656224575166
-2.84175709885886,-0.361288797219355
-2.72108463448813,4.05445013370637
5.44039817648599,-0.500733276938159
11.7276749213285,6.27696142521028
-7.29308752221396,2.16974721279268
6.03554960089395,-4.29134883556243
4.50185461836526,-5.04018392238494
-3.80141357583335,3.17719040241365
6.40394063788125,0.971829632188122
1.35251237946222,-1.12388666543837
-7.09226373833945,-5.49560680065032
6.35408254461953,-0.207041164969165
-4.86069778603842,8.65029344883088
6.49234100180337,-1.19324757728453
0.385006924445127,-5.89942207012053
-4.86127809685996,4.85080395069246
-8.68721346062949,7.12184343662385
-6.56232074899008,2.10487923946504
3.65980096655557,-8.47703828487273
4.34444471197793,-6.46911563548918
-0.228489200299289,2.17817912426118
-7.24067358178427,3.29948768940095
-6.81061939400962,-4.69619979534026
4.41004939871499,-3.53654136333342
11.6561293204374,-1.55803825530883
-7.19909433526328,-1.91490676078673
-0.0186632673197049,1.89855776157502
10.6857351859159,0.0708334239972045
-7.167897741025,5.89742670383577
6.20716186361978,-3.90153445873137
-3.68144659203818,-1.05478688154097
-1.26171235245993,3.09579143848542
-1.66024307412436,-0.493345966671665
7.19643684225747,-4.7257927862155
-6.30165294808676,3.23890743579988
-3.29769090813925,-2.12940683040496
-5.11145595711997,8.04738149967317
-7.30967764062216,-6.40378417644377
-5.45958141488364,6.55323753681306
-4.35966018838217,-1.29259677801009
2.10459478693673,-3.47353686962004
-5.56797031564048,-3.76259746227141
-1.06645874184897,2.53660855617646
13.3449368079252,2.02829919185762
-6.18260864419272,1.26961562957887
1.7984080513067,-3.82194032344695
1.9327543576307,-1.59329929027434
1.86055763560006,-7.67189349803801
2.23856290178964,-6.44983091029998
-7.35405592126181,-1.71320178184386
3.08603616553018,-0.397895375375707
6.42317910986612,-0.588703563545902
8.1062402327604,-1.65256073150511
-6.65588955086997,4.85350857105378
-5.07681850594809,5.29858503666047
5.1305698950834,-0.370629169155915
5.93513437109659,-6.02783860835906
1.73700221377084,-5.37612619075652
11.7671494086332,-1.12992992076751
-4.65533880395224,-0.993022402857501
-4.39144519967368,4.6345621141446
13.0684656699247,7.0418172868741
6.43448682623575,-0.677762469385822
5.24868865805337,-7.10567607555266
7.29884191351602,-7.41952123317595
-4.77985576791098,-2.34863056812163
2.16609450178811,-4.06650581035491
-4.50536541146567,-1.48066212806578
-4.90955547494223,-2.21698786887999
-7.12304023904135,-2.34041037235137
-6.10273985070517,3.18966207828645
-7.79402116936972,-2.16011740836974
2.75273569422433,-8.33115806255217
-7.02893451852133,-6.21004142436858
0.201581438357328,2.94223175373201
2.68674500780771,-4.66156472835417
-3.37566379708579,-0.529051711891849
-6.27414182824424,5.10360441532258
13.514327486331,2.10680637683992
11.2951712210722,1.69770346012239
9.47773118811319,-1.45689847144957
7.4748549063749,-2.03198589954253
-2.75925378007224,-1.17289670381423
2.76775630312631,-8.63289632472869
7.2222013075895,-7.0703448263156
2.57332523661325,-6.04459561977263
13.1407255728788,2.65579519596223
-5.57694152993491,4.84057436313752
6.08336158590982,1.46612201061372
3.06531067686746,-1.86587657604094
-5.41246036691001,-5.64301385555144
-6.2741685311251,5.80743847217683
-3.3418045441561,2.3368006738675
-4.59988311929038,-3.26751198444243
4.18222542601297,-8.13434829387542
-5.93939212960532,-2.16008712921019
-7.35121492547324,-4.28869142207976
-5.35912517709067,5.30949364032869
1.27350242930124,-4.25370230350371
8.81255384283731,9.07548628177766
5.74537845450113,-0.560209786628444
-5.1460824410372,-3.45175470981475
-6.31890348595908,4.38458786335115
-7.13160375756552,-5.71708240184661
11.5570549567289,1.54793892231111
0.122495194251035,12.5011597665799
2.39923544722268,11.2745314630521
-5.80994896096518,-3.83356537494536
-3.09283284348777,-0.301333254312236
0.46086867647836,-5.88457717571135
-6.99549631280234,5.79014168110017
-6.59051040810874,-1.4111457077014
4.49479862051675,-6.26699390087004
-6.27945617837241,4.95158825245027
0.265949328715299,-5.71108331355925
-4.37534145516684,-1.19916029844161
-6.07230667275717,4.54546842899446
5.78767391043374,-5.06875838909026
-6.1308465401583,2.74281773891572
-4.76010088128379,4.18615446415071
-5.70623830956748,2.91067371692781
-3.62190870446494,6.53162060108308
-0.518678704922702,0.440009394551556
3.33070631819436,-8.235764881705
-6.06232074899008,-6.48233070049163
-5.15745119256308,7.04723081913118
-8.52042631310752,-5.17926540050383
-4.97813181084922,7.08282289829377
-2.77162341279319,0.175885775948804
-5.72740892571738,-3.11835183772918
4.74000640707681,-4.61946143779631
-7.20026830834677,-4.97276439342375
13.4128355582304,2.56908998813752
0.481297304207776,-6.77276792201873
0.187843640620206,1.54408655490999
-1.14087716740897,1.31351671543245
-6.20340255898764,-2.40968932781096
-6.31297496957114,4.16408787098054
13.430059870059,2.02902851429109
-0.543935219471957,1.36858103599672
2.25024970370004,-4.68827380809661
-4.63522628945639,3.39876542415742
0.494211991602872,-5.91403474483367
2.75620301562021,-1.21155061397429
13.4288534720487,1.04061053123597
-4.69500688714316,7.88512239780549
-5.7366290490084,6.33522615757112
1.55160095291803,-5.53851737651702
2.52837630110452,-7.5061940160739
6.93175836401651,-0.422705544267852
-7.33586458367636,2.69986853923921
9.42463155585,9.03999624576692
8.92595430212686,-2.16982891235228
-7.02319292229941,-2.31001951370116
6.84014173346231,-1.32439770374175
-0.875078717892672,2.00649867382173
-7.15338663262656,-2.72152175578948
5.50098224478433,1.32063958969239
-3.97028879327109,-0.952217599486072
11.8169245322294,-1.2811647859561
-5.75717024010947,3.77745685901765
13.1839317877836,2.41357479419832
12.617017229373,0.497355321313183
-7.33601240319541,-2.18686463508483
13.1463694174833,2.62225876178865
-6.08470682305625,2.80984125461702
1.99990363913247,-6.4943326917636
0.886543114954923,-4.94315757427092
-4.4308782021456,8.17371664371614
-4.70535329980185,5.95800314273958
2.68290825682351,-6.80916967067595
-6.82204250497153,4.93710670795564
6.15611835318277,-4.66636314067717
-3.41091875237754,1.92863617267732
6.76980729895303,-7.90155591640349
-2.69350532693198,1.22947500076417
12.0649361212797,-1.14533903274413
-1.94803337258628,-2.03343917999144
0.195456226641629,-5.15664806041594
-7.11842254800132,5.09553680744294
4.00754543142984,-7.69652309093352
-6.6154542366915,-1.36204471263762
-0.0898231665544766,13.08519277897
-4.61827854317954,6.516676524545
-3.10726026696494,2.36359129276399
0.0315603216237765,-5.83555545482512
11.363313158328,-1.46619441184874
-4.98856357735923,8.11619386997346
0.600794901425336,-5.84403457317229
-8.22107938927939,-4.89508905086394
2.48803802328775,-4.99995269451018
-6.25670770806601,-2.11935033473845
-7.91857008141806,-5.60931386623259
0.00887002545068083,-6.28368081722136
-6.77376321954062,-5.2188610044467
-6.51741556329062,1.85705194797639
12.4756979544706,-0.725626101826389
5.46734281378457,-6.28978862438079
-8.05810789269736,6.7590738328946
5.69894738989541,-4.36257328662749
12.2646059592314,0.0449085923684051
-6.22072462243369,2.2065483125699
0.0310579736776095,2.04627166118745
-3.44855312508872,2.30133495655183
-5.25846962136557,3.88522110309724
-6.94948343438437,-5.84525527629729
5.09818549948404,-7.10845222148772
5.36722608404825,-7.70383252773162
-6.57329992455771,-1.80818428668853
-7.09138063592246,2.44048128452424
-6.4359469811373,2.83443961467866
5.29795833426187,0.304495969678204
10.1215996344633,-3.00562538776274
13.0662111838407,2.56763444271211
6.05364271002481,1.38313565578584
-5.35739473504355,4.98454819049959
0.220526774699185,-6.43174972209807
-2.66091422242453,4.00170765247468
2.11652525263498,-0.0274149385439942
-7.29916338128379,2.93298540439729
-3.31162790459922,-2.27956964645262
3.40442009764383,-5.08069982204314
-9.0977483193331,6.89698086109285
1.96471615629861,-0.477199195061881
1.43288125591943,-7.68302764568206
0.948649932915662,-4.94708909664031
-6.7769761483126,2.82142362918977
-5.98079065484336,2.57767043438081
-2.45086530846884,0.901474455262463
11.4565224249906,-1.34405823621627
9.59591623144815,3.13551841106538
-3.57818321389487,1.96252785053376
6.62745233374307,-5.62392558727141
6.10227962332437,-0.69590612325545
1.92453451948831,-2.7626809087741
-5.12580494088462,-3.47575893077727
2.83346911268899,-0.0183945206152986
3.48272844153116,-7.81538238201018
11.5141834815092,-1.4547966924655
6.37535425024698,-7.64828576717253
9.03979917364786,-0.643313219879825
-4.87463096780112,6.0836907419217
12.9773993094511,6.83305750217561
1.36851127939889,-3.91320576343413
4.48998328047464,9.81210909214143
2.72715540724466,-6.57012071285124
2.28579636412332,-7.52344693813201
7.56605430441568,-7.28350343379851
11.416014154727,0.920567491914075
-6.54562000436118,6.78423509922151
2.6577881177015,-6.58910646114226
-7.07450441521933,1.77047643985872
2.80738063650796,-4.8270176855075
7.60252137976358,-7.18161000881072
-7.6556210915499,-6.40656747493621
5.57574601965616,-0.359043508877117
10.3379759390898,-0.749635091160495
8.33464761572549,-6.33416785869475
2.64371045427987,-0.446234462891776
-5.3619575898104,-5.33889903697844
-6.08546594781211,4.3641673120511
-6.04029039544394,3.83501348819856
-5.71162370843222,2.81026540126924
2.66583712893197,-1.17548765811797
2.23387142019937,-1.43917121562834
4.5002204974241,-6.68357982311125
0.0365879734105807,12.8483239206326
0.241340359026883,-5.77592410716887
3.02105518179605,-4.72112455043669
-4.90020040673545,6.78731880512361
13.0466227133817,0.931874135400098
-4.75549987954428,8.29378233280305
2.7838354905195,-8.1358760801303
-2.94569400948813,-0.387438441735763
12.8761314948148,6.84799347248201
2.15256341295907,-6.17187823924895
3.48332830267617,-5.92646207485076
3.18206616240213,-0.659986725186069
-0.163191596692111,1.13784680690889
13.3304876883573,1.07788262691621
-5.25366501015952,7.68539629306917
-3.58035854501059,4.56782589283113
2.38645394640634,-2.54474033985015
12.111492594058,-0.213712191318233
3.37576742964456,-4.80919971141692
1.52431472140024,-6.99183501872893
4.39626713591287,-7.671218296622
5.79724880057046,-7.29531230602141
10.4082331259794,-1.92094435367461
7.567453821475,-1.89811923179503
-4.13494400185874,-1.32684709701415
-4.58823398751548,4.72989521350984
6.14930721121499,-7.14948501262541
0.848789495701287,-6.0413125959384
7.64180942373941,-1.83553685817595
-6.54586605233481,4.39037714328889
-0.193607608502414,2.73096046772126
9.56706853705118,-1.49296798381682
-6.47431091470053,5.94984064426545
9.69127698736856,3.02518472995881
-7.29621652764609,-5.64436473522063
-6.92276672524741,-4.60781707439299
0.735593815619443,-7.26049413356658
-5.94562153024008,5.81638775196199
-4.36834577721884,6.19707022037629
12.389327486331,1.54658994999055
-5.06399969262412,3.96904764499788
-5.34723714989951,-2.16675510082122
6.98142429190347,-7.4589699712741
-3.65838865441611,2.36583361950044
6.43286987143228,-0.216183459495265
-7.66275552911093,-5.15897693309661
6.04237933951089,-3.77142419490691
-4.6888070504122,-2.25219120654937
-8.24939493340781,6.6601763757718
11.3757700522489,0.236357429887097
-7.43852476281455,-5.52225532207366
-6.35144905251792,4.46380625095491
2.92050906019876,-6.45221128139373
-2.40070227784445,0.807649949456494
1.31320120888421,-3.1348937955844
-5.97753481072715,3.82822285022859
-7.29985860986045,6.06589184131746
12.810316522891,6.61216984119539
-8.41629079980185,6.65072832431917
-7.03160719079306,-2.35562779579039
-0.670973102276828,1.19580588665132
-8.02450803918173,6.75231657352571
-6.66537479562094,-6.26292361888762
6.7333325942106,-0.946966609095294
-0.893241683667209,13.5209179910672
7.9575757582731,-1.50356568965789
2.42154427366922,-0.0200018492686341
10.3557209570951,-2.53937163028594
3.20787998038003,-2.4770842996585
-4.65288023156455,3.60989079799775
-7.28527311486533,2.23776493396882
-3.57853988808921,5.54741583194856
5.18391366797159,-0.319925872718055
-7.08059648675254,3.23127684917573
-9.04015211266806,3.59479151096467
6.07884307699868,1.51902113285188
2.17708714800546,-0.404222661738355
-4.75523666543296,3.38547072734956
-5.94373230141928,3.84091339435701
-8.12347463769248,-6.03186978969451
-6.13651088876059,4.2472125085843
-5.10370306176474,5.09537277546052
-6.08777193230918,3.05279503193025
-4.69180540246299,8.87737188663606
2.49286194639871,-7.52018584880706
2.67491145926187,-2.08142676029082
-2.77775363129904,6.67285833683137
-6.74090532464316,1.08469329204683
-6.20912841958335,2.95141635265474
-6.69274715585044,3.80426750507478
6.98814340429971,-7.66202439937468
11.5716690619535,1.99989471759919
-2.12319521111777,-1.25281622085448
9.56858869391153,-2.51881374988433
-7.19896368188193,5.99371300068025
5.14425226050088,-8.2796224561679
2.31743892031381,-8.06223621044036
1.11486913757989,-5.29040326747771
2.16301055746743,-0.214528193806369
-4.46510748071006,7.62964163150911
5.95726915198037,1.45722995128755
-0.621837298100497,1.64964280452852
-5.76991895837119,7.08653173771028
-8.5479903618746,6.96693811740999
-7.01742891473105,1.93671045627717
-5.49084142846396,3.77338562336091
-7.86816171807578,-6.22699250850554
0.970532690460179,-6.01523055705901
-3.51243499917319,4.72145948734407
9.05707975226114,8.44906912174348
8.29371829825113,-5.04358043346282
-6.58847288293174,4.16653404560212
8.03538461523721,-6.2014483419406
5.15072007971475,-0.360299844403822
13.0856127341337,7.10045442905549
-5.21179060143759,5.08663711872224
0.102694233233426,12.5159817728055
-6.6810756127291,-6.23658933315154
1.25953571992585,-5.3979872671115
-3.56617168587973,6.72580061283235
2.6914395888395,-4.47707261714812
2.08026870089242,-1.77421381149169
4.35895582037637,-8.48639669093962
3.04335494833658,-7.65822448406096
9.73933740454385,3.04434023227815
-8.17527345818808,-4.86406221065398
11.4618439276762,2.26263175335054
4.18298073607156,10.2276640924466
1.62238939600656,-3.27257718715544
-7.97268823785117,6.64490709629182
6.78835006552408,-7.66116323146697
2.23362596827218,0.0606750043881347
13.0307020743437,6.94502172794465
-2.91766242188742,-0.194142287706096
-6.30949501199057,4.48551044788484
2.68855830031106,-3.15289249095793
-5.95887855691245,5.76724205341462
-0.705515186017062,1.16116235580568
-5.80051426095298,5.23604927387361
6.75917430716226,-0.234434729551036
-4.76812223595908,5.74486408558015
12.4269651969023,1.18803201046113
-6.41177276772788,5.5622120889676
-6.15185836953452,-2.79401912364836
7.26260848837564,-0.583669236038883
-4.82537082833579,6.73397789325837
-6.28051904839804,4.41095648136262
-6.9084811608248,-5.67948474559661
3.33868237333963,-8.21465768489714
1.33311363058755,-7.39825238857146
11.6511358817167,-0.755565276478488
3.36102767782876,-4.84050120983
-6.40728620690634,2.74967537250642
-4.25048402947715,3.63403234806184
0.174866278941129,-6.19701661739226
7.95874687033365,-4.77290095958586
-5.80020717782309,2.33975015010957
11.7620243628568,-1.39908160838958
-6.98035005730918,-5.65159501705046
5.17937942343423,-4.72604074153777
-5.68484596413901,-5.13047732982512
9.41780324774454,8.9953986200345
8.43855424719522,0.105350265170376
-7.62980512780478,-4.10381235751982
-8.68768552941611,7.0435558351529
-5.66426424187949,2.44911513652925
1.73372366028497,-0.0174975005137513
12.0720095236845,-0.932555278872211
5.11788364248941,-0.330368327085931
-7.15752557915976,-1.77530004653807
-4.78327516717246,-0.186565568779666
1.35258837538431,-4.75897826824065
13.0514597495146,6.99944887485627
5.86664005118081,-6.10585775050994
2.8961903651304,-8.261803528403
10.3542370398588,3.42069993343477
-7.89819387597373,-5.18061675701018
-5.78658346337607,2.7055591138852
11.7365555365629,2.23817048397187
0.769090981507991,-5.05294170055266
-6.68113235635092,-5.0422104803073
-4.44575075310996,-1.38787510070678
-4.45079187554648,-1.40177549991484
2.3824773629255,-0.843071302508075
-4.64777568978598,7.79386530246858
1.32008167105386,-5.24379005107756
4.94059701758096,-8.42682161006804
-6.70374254388144,3.23649058666353
2.10534175234506,-7.62842883739348
-6.18617347878745,3.04283676471833
-6.60377506417563,-1.4741693941104
4.89696594076822,-7.17424049053069
-3.78578237695029,2.44300566043977
-7.80096677941611,-4.78515519771453
-5.19587186974814,4.70560751285676
-4.11959032220175,-1.12026937875624
-7.93013052148154,-4.9473470655429
-4.88329843682578,5.009192565347
-6.44577840966513,-6.268639465903
-6.97031311196616,2.90566907253389
11.0476412375517,-1.09284826192733
6.84839530783365,-1.36974986467238
1.38333865004251,-7.11567201290007
-7.41292909783652,2.22593055095796
11.0037674506254,1.01745519962434
-6.24601654214194,-6.40916385326262
-6.7390122811251,4.15617904987459
-5.32807926339438,4.90456877079133
8.59356542425821,-5.69002952251311
-6.45756677789023,6.89274750080232
-5.28590397042563,5.54369125690584
-5.45318369073203,3.59623179760103
-5.95853523415854,1.65975699749116
6.93053003149698,-0.900805791948993
-3.68353990716269,2.54475102748994
8.06514783697793,-5.87757434520598
1.70438893633554,-6.03710927638884
1.45166464644143,-2.08432163867827
2.85144611197183,-7.59986772212859
0.082680602843259,-6.7876447645175
2.50460966425607,-1.94842233333464
13.2298636038847,1.39976177539949
1.25285523133943,-7.8225535360324
-0.424524466221835,12.7526589426053
8.88826795416543,1.99312959041719
5.43026920157144,1.79440746631746
0.0327760179586154,-6.5477413145053
-3.56694511575034,-2.27056815299865
8.60200401144693,-0.229829585288722
2.38958235579202,-3.367840429877
-6.42527202767661,4.49439630832795
-2.1981106202059,-1.79968084964629
8.19528098898599,-5.05113067302581
3.43078633146951,-0.907736918066699
11.3729414542265,1.75586543407563
-4.28864053887656,3.53984532680635
-7.32377199334433,4.61583767261628
1.95166059332559,-3.41832770976897
-5.65963129205039,4.41824684467439
10.7737907965727,-0.711803576086719
-0.543242017453219,1.74364600505952
-7.46195177239707,-5.32517852458831
6.30172439413736,-5.76261605892058
-0.734596411412265,13.7199650796903
2.54623456793496,-6.10146178874846
-6.66909794015219,2.39347491588716
-5.6713304917269,-3.95588578853484
8.36300369101236,-6.12582959804412
-1.75759295625022,-1.19156791839476
-2.63351015252402,-0.986906131838519
-1.54450325173667,-1.40906777057524
-6.43021969003012,4.79942283954744
3.04760833578775,-5.04780902538176
3.47906943159768,-4.72412385616179
-6.21607450646689,-2.23409142169829
-6.59406999749472,3.0039537939084
3.21472926932046,-0.319613998864848
-6.66163686913779,3.88230858173494
0.825658752868269,-6.23634376201506
-5.28089861077597,2.62646303501252
-4.79795650643637,8.1729880365384
7.48904176550576,-1.60294880542632
3.29566212492654,-5.12619914684172
-5.50714401406577,5.30485544529084
5.16423745947549,-3.67069782886382
6.30997367697427,-4.22545065555449
-6.51688484353354,4.08768663730745
0.140107532317136,-6.35244502696868
2.00913997488687,-6.35941018733855
4.44420309858987,-8.42404737148162
1.84736951189706,-0.51189560267802
11.1622442801542,1.4777291807187
2.62507017450998,-4.51285352382537
7.27427430945108,-7.25252093944426
3.19743462401101,-5.29004087123748
2.29500921564767,-2.58492960605498
-4.04648069543174,7.87716017093782
0.0942132671422702,2.63608203258638
-3.32250551385215,5.43425093021516
0.795874231780265,-6.43526067409392
3.46247597532937,-0.971846243475635
11.6690363486356,-0.739433994625766
-7.80876688165,-5.14265288982268
13.4547352393217,2.52752671566133
7.07679744558999,-0.692525318001468
-3.95899347466758,-0.142396485542018
-5.40001634759238,5.2456952127469
1.33013751106927,-1.88348581466552
3.18510933714578,-6.89588966045256
4.81461664038369,-8.25151672038909
-3.20728115243247,-0.146824082468707
3.61420865851114,-8.90494813594695
-0.663665930455233,0.466646173859875
-7.59018377465537,-2.2984497753131
-1.46052483720114,3.00241241779451
-12.974086324399,0.0896717401993682
5.6083793242521,-0.0101843980300019
-8.58366636437705,-4.90298165950652
0.274763127142881,1.67236051883821
0.358062555367444,1.8163202795041
6.01096053915689,-4.78587569866057
6.14142700033853,1.35155604210023
12.9560160239286,2.0957654508603
-2.48466376466086,0.654477098847668
-0.381871024792697,1.46916888084535
4.28189917402932,10.1158324274075
-3.92959646386435,6.49523649540071
-6.44466594857505,4.92691240635042
-7.34816221398642,-5.30852546367522
-8.19821409386923,-6.05103292140837
-6.90611223382285,3.22337446537141
-8.15124181908896,6.85233936634187
11.7984814246244,0.0414541753781249
10.1326441367216,-0.85789965662833
-3.06225184602072,-1.7116235700595
-7.28346590203574,3.0290249380124
2.73376580076883,-0.795975109671314
-7.35321668786338,5.35929117527131
-3.06578711671164,-1.21459104690428
10.5738062460966,3.19858370151643
-6.95770410699179,5.80360470142488
2.13399525480935,-1.91593792114135
-5.22633604211142,4.18250284519319
-0.886911551182773,3.17140732135896
-6.88913444680503,5.6279989274991
-5.00465158623984,3.36232362117891
-7.67362836999228,-2.00646855506774
11.8543753226347,0.909283975030225
-1.43929270905783,0.804697969819348
-6.49565319222739,0.9102961811078
-1.05974356335929,2.74699411716584
-0.898544112866427,0.0963433774960448
3.62377711134622,-8.02444734248992
-5.99429134530356,-6.08452882442351
-4.73503116769126,7.6509686502469
12.1332439978666,2.15270028438691
6.14408298330972,0.159428754712384
-6.22150901955893,3.67668829288606
0.000506301695798017,-6.52837457332488
11.8379110892362,-0.477846672867496
-5.27362827462485,4.47554693546418
0.172009726340268,1.46023688640718
12.9244579871244,6.91460666980867
-5.63807062310508,1.99186668720369
11.3263067801542,0.162869969273846
-4.98030714196494,4.25409422245149
-5.94392589730551,3.12583670940522
-5.84772304696372,5.36907015171174
-6.86140922707846,-2.77671970996733
-6.37541202706626,2.81796822872285
1.13282223540017,-7.28785838756438
5.96146579580972,-0.766405543421466
2.80025275545785,-0.397267805521447
-4.59688095254233,7.70281038608674
-6.80872587365439,-5.10462178859587
2.00509591894815,-5.06569947872039
-6.83740667504599,4.84507093753938
-7.04436210793784,-2.22465958270903
-3.91603902978232,8.26884565677766
-2.6023493210726,6.42407236423616
12.0616592963285,1.27655706730012
2.68806358175943,-2.89843167934294
6.07416387396524,0.333890834714215
6.30382295447061,-0.127875229452808
-1.88392547768882,-1.97060467872496
2.83213301497171,-1.14607443485137
7.39014669256875,-7.46957626018401
10.6899056037016,2.95264349308137
3.50778957205484,-8.3932961431491
-5.82892040414145,4.58249674167756
5.72367330389688,-6.41328277263518
-2.10890106362632,0.206348338986676
-5.50950721902182,-3.84462632808562
-5.45643810433676,-5.80695094737883
-6.42367128533652,3.83091125812654
-6.2004847924166,3.61281953182344
7.97185941534707,-6.79534711513396
-8.2860913674288,-5.8391903844821
11.2571014960356,-1.23807104501601
-6.52309183282187,1.83797178592805
1.44547327357004,-2.49057283077117
2.1595130761213,-5.79945840511199
-4.5581827561312,7.87347803440217
1.42566736536691,-7.58417834911223
13.166047533328,2.07149372425203
7.0014662344999,-5.66072263393279
6.88679977255533,-4.49795808467742
-4.22859720391562,8.41173372593049
6.64052339392373,-7.50261106166716
-7.42826608819297,3.459308007623
-6.11266092461875,5.58976850834016
3.34988709288308,-3.06766643199797
7.63237853842447,-5.2342099157321
-3.06159905595114,4.02500973072175
-6.407155553525,4.01416693058137
-8.58152059716513,6.95004139270906
-5.73381761712363,2.47553978290681
2.64610656099984,-2.68066038761016
1.30194549756715,-6.2800353971469
-4.22400573891928,2.43410573330049
-7.4470553795748,3.82262192096833
2.71864314871499,-8.5982235876071
-6.20391372842124,4.68700752582673
2.76109202700326,-2.16928543720122
5.57143684225747,-8.18350448284026
-2.96502927941611,4.10409126606111
12.9359898169584,1.54613838520173
10.3137802680082,-2.67532481822844
7.42336889105508,-5.91025342616912
7.73784395056436,-1.91005553874846
-5.69910005730918,1.24809918727998
-5.69275383157065,-4.01793040904875
-6.41459993523886,2.07833443012361
1.86464842158029,-0.453582545851428
-7.28090242547324,-6.24063577327605
-9.8981690804415,3.55202040996675
-6.1356449524813,4.43857107486848
-6.98527578515341,-5.11307372722502
-6.37602142495444,5.91285810794954
4.20937081175515,-8.45151033077117
-7.13230613869956,4.33782492008333
-6.13365224999716,5.00533781376008
7.07365413504312,-6.16238965663787
-6.02571062249472,-6.10880794200774
3.05336614447305,-7.35253848705168
-5.60802940530112,4.0896631273282
2.53602083521554,-7.95143737468596
5.53504987555215,-4.15144266757842
9.0163235266752,1.8594282659543
7.23884387808511,-0.722715726231296
3.69962569075296,-6.28032340679045
-9.94034628075888,3.586989024545
4.8203630049772,-4.68006124172087
5.16385789709756,-4.84415044460173
13.1692699988432,0.896655896569531
2.40546639757821,-2.6405729261386
-6.68309692544272,4.42189703312043
-6.72428898019126,3.8004671129239
-7.6170001427584,5.70150957431917
1.41851248341272,-0.834983727072437
-4.73913864297202,3.42581711139802
-6.43341163796714,3.50122175541047
0.398045440489743,-6.85636653575774
2.70517237978647,-1.15170331869002
0.216283996874784,2.32044754352693
8.78269143896768,-1.19121046934005
-6.7088961998873,3.80448017444734
11.6030249198026,1.42483387317781
-6.24719051522544,3.5105980428708
0.224777003104184,-5.5095538106906
-5.01506046456626,5.64353523578767
4.48218270140359,-8.58134450588103
5.40488525229165,-0.0991284457194398
0.124644001299832,-5.23684968623992
-5.67954258126548,-3.66909494075652
2.22744830446908,-2.64502324733611
2.84525819616983,-2.36839701804991
6.14219327765176,-7.88580312404509
-13.3145776192599,-0.26698560837384
-7.98143438500693,6.49932394352083
-7.20660452050498,-2.19802846584197
-4.7173042694979,7.93978605594758
12.0653233130522,2.37781820621614
9.36405607062051,-0.802727243040759
4.90846057730386,-7.96565045986052
2.67375548678109,-4.52334108028289
-6.54498008889487,3.337326625253
-5.06768850487998,7.2099867853177
-13.2102837960177,-0.223631417487819
-0.373927871411349,1.76863394107942
-9.81048921746543,3.57530532207612
-6.84865955514243,-1.02243491086837
11.4873480399198,0.348736027146619
12.0009111960478,0.297245064641278
-6.34204534692099,-1.77063407573577
-5.6638055245333,5.03545580234651
-3.0365374485903,1.49824283447389
-6.75297741097739,1.34368703689698
5.29208560782144,-6.211022278403
-6.3671861092501,5.71493587818269
5.64764686423013,-6.84226073894377
9.70645280676553,-1.47981693420287
-4.92503122491172,2.67365560855989
-5.84658435982993,-1.83133377704497
11.1667370398588,-0.127877583836276
-6.19691471261313,-6.40452136669036
4.83635564642617,-8.45417108211394
-4.0994220177584,4.15514192905549
4.18388338881204,-8.31767739925261
-6.99676899117758,4.56775245990876
6.87647624808023,-4.58573379192229
-0.29665974778464,1.92666516628389
-7.30728582543662,-6.3338741270053
-6.96954015893271,4.24849901523713
-3.93638805550864,-1.32111193809386
9.13104768591592,-0.340409608666856
-4.56534818810752,8.54562387790803
7.30703922110269,-6.94022836360808
0.72808508324096,-4.17665805492278
-6.48483423394492,6.84965286579255
4.6560837824888,-7.35318507823821
-1.07843093079856,0.352850953007977
7.70422931509683,-5.71600618038054
1.42546429234216,-3.00664176616545
1.57458444433877,-4.76823129329558
7.27407308417032,-7.58834304485198
-0.00911204022696199,2.06978140201692
2.43592413263986,-0.757640769814212
1.3241107066221,-5.26678123149749
-2.48873595399192,0.618503609563153
-7.24357465905478,-6.24288882884856
1.52805682020852,-2.96578182849761
-6.78984407586386,0.225634613896649
-3.88490490121176,7.94658384647493
6.29665323095987,-0.0494873729693482
1.61438413458535,-3.66465487155791
1.86316259699533,-1.03459103975173
0.258765657717679,-5.77614106807585
8.535715540225,-0.197613543008525
-7.31161264581015,-5.23599137935515
2.76451953249643,-3.18594374332305
0.0476946433133822,2.9706171545041
-6.38753513497641,-5.50790538463469
-9.78988508385947,3.62223968830232
5.07987066107461,-8.02244939479705
9.35836644964883,-2.18560638103362
-7.03343395394614,-5.70144738826628
-6.46855787438681,5.39445123996858
-5.73624996346762,4.76427183475618
2.00519522028634,-4.18507756862517
8.92053075628946,-4.92243232402678
0.877513964945767,-7.379967590903
-4.37327484292319,4.78374777164583
-6.04252962273886,3.64740000095491
-2.66295532388022,3.92339477863435
-6.83457330865195,0.300326386357587
11.4200758536405,-0.486941551898677
6.15998025732705,-4.99587907466765
2.76130874949167,-4.45780028972502
8.4755405982084,-5.78813590679045
3.52136965590188,-8.27458085689421
0.75446125614116,-4.14963450107451
10.4824623663969,2.20955691661958
-5.82278255624106,2.11042914714937
6.12704654532144,-6.56002511653777
-1.61048440141013,-1.95226170692321
1.5888440807409,-4.02376379642363
-7.6635384957247,-2.35909177932616
3.56930347281167,-7.90784396800872
-7.93342546624472,6.71109066333894
8.80572458105752,-4.41011275920745
7.22804208594034,-1.45894398364897
11.0179199774809,0.515309611226361
-5.64743141335776,6.24791202869539
-6.76181129617026,5.92570743885164
12.5835623343534,-0.558803385232646
-13.2165189186983,-0.199588334296901
6.93950887518594,-6.30864896449919
-6.95665077370932,2.66139016475801
2.44691427546212,-2.71301736507293
-4.41572765511801,4.50885687198762
-5.70456985635092,5.57697258319978
-4.01499656838706,4.6303216012967
11.1617045004911,1.93411670055513
2.29499800997445,-2.60640730533477
-6.41420559090903,3.5428234132779
2.58589073019693,-4.52651776943083
10.7390369971342,-1.09323819551345
0.188948710734342,1.37601528492097
2.15526743727395,-7.20620813045378
1.51403774815271,-4.16343822154875
-6.52613786858847,-6.2736352888095
-5.03621725243857,8.07528410282258
-6.7902818123751,-5.10740461025115
-4.05202297372153,-1.01261200580474
5.15573974447915,-3.83879961643096
-6.15971235436728,4.1002398523343
-4.33736232919028,0.212538877393048
2.35997863608072,-5.85975112590666
10.7891974051542,2.22213230457429
-0.306912461941745,0.822957733536999
11.6210217078275,-1.10983713540908
2.88823600607583,-6.06225528392668
-0.0970149437837857,13.2493802103055
-0.131340543454196,13.8530646356595
2.21607073145578,-2.02152683410521
5.53415199118326,-3.81922664317961
2.60930164652536,-3.20984234485503
13.1747850974149,0.84467802372102
1.25099991756151,-2.32526149425383
2.35990639525125,-4.62071695003386
0.228347500140164,-5.14768352184172
-5.62602142495444,6.20762501087312
-4.10430387658408,3.35405669536714
12.4595551093168,1.65682587947969
-6.61805824441245,4.09204778995637
-8.59724287194541,-4.86176576290007
-6.70601371926596,-1.55089845332976
-8.64063505334189,-4.88915576610442
11.4510206778593,0.194171706105511
-4.8488321701937,5.45023069706086
0.177466352755521,1.81454429950837
-6.40597299737265,4.61930713977937
-5.93996290368369,3.86405001011018
8.81050821142862,9.13633547153596
5.53631444769571,-0.23863410029288
12.1830925543852,-0.520264586542804
-3.40327886742881,1.45733723964814
6.11161609488199,-7.70853128108855
1.43523176508615,-2.61785044345732
13.3107962210722,2.66011152591829
-7.24042848748496,-2.60686030063506
6.4128489096708,-7.49280442867156
-5.92400602502158,4.8973384889615
-5.04545454186728,3.47059116687898
0.829210908437465,-5.90200128230925
-7.8057208458834,-6.06906070384856
-2.17638377351096,0.0559997352612426
-7.78302721185019,-2.75042905483123
1.29124297695825,-1.1974981633174
10.6319441397733,-1.80548395786162
-6.43601564568808,5.74681196537141
-9.74816373986533,3.42783031787996
-4.63087562722495,4.69446621265535
-4.48713640374472,8.11289987888459
9.44972463446329,-0.848586073254306
-5.86537317437461,5.14800319996003
6.44677635031411,-7.22589149150725
-2.45121816796591,-1.12590714368697
1.64190836744973,-7.72666587505217
2.54948695498178,-2.51303472194548
13.4101328452177,1.33574257221345
4.82396074133584,-3.69709076557036
2.77803738909433,-0.205687781904895
-0.0419185559206265,-6.43484820995207
-5.30244783562949,6.91614828434114
-6.64461616677573,0.0628714653504302
2.33473702269265,-6.82260265025969
-6.0817799965792,-3.34052672061797
-4.30492357415488,2.67555222835664
-2.19181970757773,-2.0599471536624
-3.26281217736533,1.76009211864595
-5.77995876473716,4.65482340183381
-5.85074714822104,1.2228019031537
-6.56683448952964,2.36522016849641
1.1715610225744,-4.05901446018096
4.64592929678628,-8.66269483241912
2.6300451357908,-4.79115094814177
-6.81023554009726,-0.900092383955676
4.96776481466958,-7.42321147594329
-6.73463634652426,2.47545132961396
13.0853237708158,7.02529821720247
-6.08563284081748,-2.02065291080352
-6.38626484078696,3.11060963001374
1.46041377382943,-4.17497291240569
-6.01342348260215,-2.21099402580138
7.84810157614419,-7.06967439327117
-6.90488676232627,-0.569420224164684
5.55958553152749,-8.25036420497771
2.42775436239908,-2.1287663188922
-5.42830185097983,2.0075839551938
-5.14120105904868,4.02537069645051
5.37531419592569,-4.81037749919768
-3.60219816369345,2.77346549358491
-5.28544382256797,5.03114710178499
2.12329908209512,-3.02080573711272
-3.92767767113974,7.96437845554475
9.61442991095254,-2.03288366470214
-8.69994882745078,6.84426031437043
-9.86809782189658,3.52573976841096
-1.18790427846244,1.54650256958131
-3.77217106026938,6.61095819797639
1.43245514231393,-6.91596688899871
-0.287182609265353,1.19735691871766
13.0509523947782,6.98060856189851
-6.538023988431,2.26182661380891
-2.64008478326133,4.10627231922273
1.25533740716646,-1.25914200219985
2.31382234888742,-4.81768693599578
2.38138361769388,-0.396467223872502
2.7473330100126,-0.261051198576648
13.3963522513456,0.945222476388257
-2.97967509431174,4.081626990701
-1.05730799836447,3.0381687673581
-1.81433037919333,-1.86632623348113
-2.99075440568259,-1.54445328388091
-6.45214418572715,4.16972885456209
1.91289897757242,-2.20370008621093
-5.40221409005454,3.59762606945161
8.06729312735269,-5.79985990199919
-5.70742801827719,2.64374575939302
-5.70857624215415,5.59889946308259
-5.23397831124594,4.85881815281038
-6.52952722710898,-6.09960736904021
-5.63036874932578,3.49903402652864
-4.00765995187094,-0.904573759173114
6.13360305624673,-7.69762410793181
-5.52646450204184,7.72935304966096
-0.330939451878573,0.818129161263745
-7.32537225884726,5.9092956575406
5.65485568838784,1.77814708080415
-5.85624746484091,-4.00257100734587
-2.57830528420737,1.1250246557248
11.7082514365263,-1.46518315944548
2.79726227122018,-2.29601051483031
-5.54247621697715,2.86262927379731
-6.25010732812216,3.050052979852
12.394825418765,1.6450625452054
-5.57645372552207,3.19299064006929
-2.84255723161032,-1.26638700637694
3.73889966803262,-7.93805493984099
-0.0954095522814054,-6.59008969936248
-5.19217304391196,4.35291252460603
4.63426037626931,-6.17531814250823
6.89651485281656,-1.10575475368376
7.60996957617471,-6.72119369182463
5.28375049429605,-3.88698210391875
2.69650967913339,-7.9870199171054
-6.48405269784262,-1.93390276107665
9.56647821264932,-2.19307818088408
-7.63633875054648,-2.587398192023
-6.61004499596884,5.20607576694612
6.47099347906778,-4.7516569105136
-4.57279161614707,8.76921472873811
3.37781997519204,-4.70257177028533
-6.54980043572715,4.88671217289094
11.5782980521269,-0.886035582159717
11.278487642581,-1.42290606174346
-8.25369981927207,-4.66613330516692
-4.65036014718344,7.35977182712678
-5.01010374230674,8.74308977451448
-7.29957727593711,3.26853976574067
5.65996213751504,-4.56105651531096
1.89705272513101,-3.459712645148
2.09518237906167,-3.84014119777556
-6.38460830849936,3.31972608890657
0.0332792003698092,0.958118894959729
-6.80790046853354,-0.506728848551471
6.51860185461709,-4.16924609813567
-13.5401921669894,0.0523364337933471
-0.608557621663119,13.4269934686673
0.549992879206632,-6.83834685954924
1.40292509394357,-3.99536075267668
-5.94843343896201,5.15083799686555
-3.14989070100119,-0.246907999848087
-0.0543940464906949,2.93022117939119
1.70556481676767,-3.23055662784453
-6.76017526788047,3.51535950031404
9.05526586371133,-1.42143323097106
2.10417958098123,-3.42631282482024
4.65237494307229,-4.99763812694426
-6.59367088479331,4.4579058679593
-2.88033060235312,3.69103489246492
4.25927897291848,-8.4584177938449
12.9360546668119,6.94494448032502
5.75976415472696,1.73375091877107
-0.384511510556247,3.15031657543306
-7.17390588921836,-5.55764665279265
-8.31417135400107,-5.29361953410979
2.79226930933664,-1.35456021699782
-6.74327186745932,-4.29348864230986
-5.58722786111167,5.44799003925447
1.50720145302484,-3.93465079936858
5.9914621909208,-5.26446904811736
10.9203075964994,-0.253350740407665
9.82488294439981,-1.33212169084426
-6.93282131356528,-5.52862348232146
11.8256125052519,2.20023784961824
-2.64548496407798,6.43405065860872
-6.9479008118563,3.15315924015168
-0.7146552006655,0.226370969678204
-5.31110243005088,4.22793064441804
-6.86218837899497,-2.36880471382018
12.5750183661527,0.391214409734051
13.0146793921537,6.76191673603181
-13.2743964592867,0.0195276233208587
-5.09275964898398,4.95990429248933
0.42778100567529,2.11146626796846
13.7186092932768,-0.137937342857082
-0.0155408183985013,2.54718885746125
9.14258619147012,-0.693532219265659
-3.3974628846102,2.76739034977082
-6.60249857110312,1.03448174324159
9.86069150763223,-1.56836678657408
9.04559942084024,8.45610723819856
-5.50225023431113,4.5905381235135
13.0354866583891,6.96637640323762
12.9587816794462,6.68359861698274
-5.47004846734336,-3.551504990195
10.9970545371122,-0.0989361015307496
1.25761516886422,-7.74273385677214
1.74336143332193,-6.50465716991301
-5.46242670220664,-3.80298199329253
-6.41308120888999,-0.040054580305774
4.2988729079313,-5.61355247173186
7.1673335631437,-4.60390176448699
0.441784401709531,-7.16701497707244
2.99641986685464,-0.705357303951938
13.4330753882475,1.2730195316327
12.2476896842069,1.7302344831479
7.96762986975381,-1.77825750980254
-8.12508348626425,6.75075159397249
-1.22392563027671,13.1489506753934
11.6347269614286,0.979980567361157
-5.35880140466025,7.573974231149
-3.32070068520835,1.98421225872163
-0.517965475743319,1.55525372352723
-4.68322853249839,4.51733122196321
13.506533106143,2.48325167026643
-6.95506719750693,2.61231623020295
-5.39317278069785,-3.76472224864836
-5.35160688561728,5.97979317035798
-2.908620397275,3.64962683048372
-8.14356092614462,6.98069629993562
-4.40816597146323,7.30309877720002
5.45768400030801,-5.40603913936492
-4.46398786706259,2.2837971242917
-7.26257948083213,-1.38759126338835
2.19993789988229,-0.831825217341144
-6.8544564644747,-0.254135912393291
9.5835613806791,-0.901981910799701
4.9713434775419,-6.40076436672087
-3.05653218430808,3.77925548877839
-0.692610184376742,0.559118309880536
-5.9497147004061,4.53500614490632
-6.82415012521079,4.373450377847
2.79209049540231,-3.06434192333098
-2.12786082429221,-1.41764845523711
4.36517210798929,-5.96752204570647
0.526936133677457,-5.65072812709685
-6.79647115868857,4.17174063053254
2.81262846785257,-4.59298267040129
-6.04589227837851,2.2104705366147
8.81110902624795,-4.76623239192839
-2.65558699769309,1.06603203144197
8.54100414114663,8.21631250705842
13.3933052619047,1.88068852748994
0.757991885120366,-5.15354385051604
-7.22736124200156,-6.05411710414763
-6.27295593423178,4.33230791416292
3.23184200125406,-5.15414037380095
-7.44627432030966,-1.91691877517577
2.06265946226785,-1.4161323514926
4.91995807486245,-8.3213066068637
13.5520996649809,2.36100731220369
6.20853563147256,-8.16198339137908
-5.82561973733237,3.44384894695405
-7.25414423150351,3.9753151926053
13.4696278174467,2.15632877674226
11.3879446585722,1.94507108059053
-1.47468928498557,-0.181204414104183
12.9522928793974,6.37930307712678
13.3257889350004,1.31621430244569
-5.3352504174166,5.43443498935823
3.46937080221841,-5.41283883724089
-3.86161045235923,5.36867628421907
-6.51934198540976,4.81563673343782
0.0905563433713656,2.25432739582185
-5.97094110650351,3.09838042583589
-4.35241655511191,4.29453096714143
12.4281782706327,-0.424846394096572
13.657071550662,1.97112617817048
11.7635874350614,-0.535495197509486
-3.30610279244712,-0.44929162982579
-0.30975321931174,2.26172647800569
-6.68869976205161,4.210364440347
-1.21602133912375,12.5824957880032
-8.14396528405478,6.7636076005948
2.17753680544565,-2.44549979839202
4.05151863890359,10.3597556146634
12.4990143378324,1.52662334766511
13.5155281622953,2.544846156503
-5.09539894265464,-2.2714824882495
1.88612278299997,-7.83701886806365
2.36236341791818,-4.36221017513152
5.08994384604165,-3.86697592410918
-6.65391306084922,2.36331758823518
7.87014909582803,-6.14787950191374
-2.58302430314353,3.83000574436311
3.63878126936624,-8.06977977428313
2.86498089628885,-7.59925737056609
13.4902157385893,1.40709314670686
0.0142228801793796,-5.98253574046965
-7.6976132790499,-5.0524472204196
-3.67497591180136,-2.16559996280547
-6.27782539529135,-2.38248982105132
-6.92278103036216,-2.58778347644683
-4.03509382409384,-1.56231012019988
-6.06227258843711,2.64281235065583
-6.89439205331137,-6.43924512538787
-6.09163479012778,3.52774772968416
-6.86797956628134,-5.66752185497161
-6.31091455621054,4.85413799610261
-0.249624649708774,1.23817847099427
-1.05994741124442,1.18204627361421
0.154086788470243,-5.26608266506072
-4.05235485238364,8.37307081546907
-5.96206955117514,2.69122062053804
-7.57369569939902,-2.57737674388762
2.71652599173257,-3.19685830745574
2.83798595267007,-3.19048609409209
1.04846251505086,-4.7831772771823
9.57229753332803,-1.56774403724547
9.18161722021768,1.66052542057161
7.31413932638833,-0.831167837713916
13.3471111853666,2.46992478695039
5.56080003576944,0.153967479134839
8.17858167486856,-1.30237468156691
-5.25806717080405,-3.49304046306487
3.61023302870462,-5.71901311550017
7.78162141638467,-1.90553881797667
-4.17606405419638,8.52794084873323
-6.10484699410727,3.3063105138791
11.6031660636015,6.14945087757234
6.67782445746133,-7.74229135188933
5.90344472723672,-7.8681701627719
2.41265340643594,-2.13543071422454
6.33913656073282,-7.64521779689666
4.91198917227456,-5.29686441097136
3.72213550406167,-6.06379928264495
-6.60484079522422,4.43579492893342
-5.00838903588584,7.57465277042512
-6.3982763688021,3.7442041429532
-13.2524876992159,-0.077755471800525
-7.03677086037924,4.56299553241853
-5.16659406823447,4.70192823734407
-0.42613939446738,13.5603123697293
-8.59870199364951,6.88506470050935
-6.54159168404868,-2.00766040954467
-5.92417816323569,2.83395467128877
-7.68429330987265,-5.10220327052947
-5.77340320748618,4.84136972751741
-7.3558164040499,-1.60066439781066
4.43921752768228,10.2739258798612
2.88843842344949,-1.38811089668151
13.6454014380522,1.87386212673311
1.96785672503183,-2.42285265598174
-7.97123865289023,-5.4443534818637
-5.75804857415488,5.17971716251497
6.78133912878701,-0.790876349543292
0.0384198029584628,2.40190968837861
-0.969691316311862,0.132678547765057
-7.35945181054404,-2.44324674281951
-5.10228590173056,4.78354940738801
-3.34063486260703,2.83076916065339
-5.43212370080283,3.14390144672517
-6.90232948464682,-1.60857023868438
-5.6463609139376,-2.18180610809203
-8.13302759331992,-4.64929475459929
3.29371281462381,-7.88717164668914
-8.56643728417685,-5.16172828349944
-3.61416010064414,1.97945914592866
9.64007039862344,-1.40972985896941
-1.14380935830405,-0.0747591761099885
5.33443971472451,-5.09902848873015
-4.54107956094077,-1.32632859620925
-8.17670015496543,-4.86082687053557
0.119238098437284,-6.67564143810149
-5.97627500695517,2.46526680317048
-6.38942531747153,6.17318640079622
2.15567835169503,-2.03347661170836
-8.51459268731406,6.83472023334626
2.25337799387643,-2.40204085979338
2.65161701040933,-8.24146022472258
-3.79220441979697,-1.3839856592166
-5.91825918359091,5.17720089283113
9.05313916998575,8.469322303201
-6.32863191766074,5.76840505924348
6.13059945898721,-7.75640906963225
7.77287622290323,-6.005775353049
-9.82970003289511,3.52974734630708
12.8347401221342,6.128821471597
3.80535217123697,-7.81238164577361
-6.21141580743125,2.94204268779878
-4.99317888421347,8.78048715915803
-7.18399433297446,-4.39907302532073
-3.47998861474326,2.92895255413179
-2.70167426270774,6.33644686069612
5.31417842703531,-0.418349867795665
-0.594613711064364,1.86003909435395
-4.34963516396811,5.2306052240384
3.37587710219095,-3.40663232478972
-5.25663284463217,5.32498751011018
-6.40566066903403,6.66103754367952
-2.35570959252646,0.183163443471234
2.12852235632608,-6.31883134517546
11.5720676978178,2.59409127559785
-5.34188417596152,-3.63285722408171
11.1599011023588,1.86273060169343
-2.9441838662081,-1.20881029043074
-7.64526323479941,-4.90515889797087
-6.27186159295371,-5.5212553945529
6.43835683661172,-0.226543923948963
9.44431539374063,-2.53645052585479
2.59211536246011,-0.988167127703388
2.59937294321725,-1.5160098281848
10.5018572409696,-2.13050582084532
-7.07222847146323,-2.22931100997802
-6.67982391518882,4.35308704700593
6.0236830313749,1.44976458873872
-0.465749303524997,2.61755357113008
-4.01859621209433,7.90785417881135
-0.623042742436435,13.8868361505521
12.932724436099,1.92380390491609
-5.45359949273398,6.30241499271516
1.41172798472116,-7.32930459651824
-0.616044441884066,1.60856018390779
8.90090223150918,1.97950516071443
2.12664862471292,-2.45506848964568
-5.51778797311118,-5.12530030879851
-5.91891769570639,-3.96140875491973
2.43551894026468,-0.43068240407582
-7.10594181222251,3.90724382724885
-0.436332861607577,0.530148783589642
4.39667244749734,-4.45541515025969
1.74800457554529,-3.52868618640776
-3.51268438500693,-0.858571579788883
-6.45712188882163,-5.83936681423064
-3.66973928612998,2.18094287243013
5.98859783011148,0.8619723114026
11.4201540549345,2.3843818696988
-5.61844305199912,3.35136280384187
7.77830406027505,-6.87776508006926
-7.15049699944785,-2.63942088756438
8.02831073599527,-6.1949056592929
-5.74801639718344,5.03947983112459
5.95251317816446,0.14311085071687
0.334985335642789,-5.7542900053012
13.061088045413,0.843997696305554
-2.41989616555503,0.482722023392956
-4.93197158974936,-3.15243520412322
8.78595014410684,-0.14504747662421
-6.51186994714072,-6.06815185222502
3.80491181212137,-6.40085353526946
1.76407649117181,-4.11786498699065
-0.058025876706149,2.37474284496431
-5.55633787316611,-5.89189901027556
-6.46004776162436,4.96745262470369
-3.14357737702658,-0.727821251486499
-7.45444063348105,-6.10309304866667
-1.11915616196921,1.16886864032869
2.75703950720498,-8.33987321529265
6.81892247992227,-4.42614068660613
13.0302843649931,7.16177187290315
-6.36510566872885,3.93777094211702
-4.03808025521567,8.05498514499788
13.1657690604276,1.52338204708223
0.159873505408261,2.2351218256009
11.5486311514921,-1.09456177625533
-5.99757818383506,4.90711651172761
-0.586567918484713,1.48721657123689
10.6252274115629,-0.68871857795592
5.09308906393716,-6.22055329952117
-13.6502147118502,0.107199409867566
-1.48405889672568,12.7858391794217
10.6028437216825,3.06679139461641
-9.96432069939902,3.62635670032624
-7.1788406769686,-1.08951111707564
11.6993727286405,0.496897796059888
7.83127017813394,-1.84142400894042
7.65907998877237,-1.2916902509677
0.836983272159789,-5.92645444545623
-4.02101711434653,4.70057688083772
-5.3441238800936,-2.2265423742282
8.25358100729654,0.20383433427934
6.2047304709501,-0.773172428940494
-8.58323530358603,-4.94827499065276
9.64315553503702,3.13766608562593
0.840420046175216,-6.60606183681365
4.25349350767801,-4.14137305889006
10.2602753241606,-0.652910104130466
-7.03700594109824,-6.45317496929045
-6.26256517571738,6.2765675577176
-3.6829705635958,6.53749809589509
-6.63020519418051,4.37274704303865
-7.05652431649497,1.89812121715669
-6.93135694665244,2.79486403789644
-8.4343772332125,6.91036424961213
-7.24961141747763,-4.13860430393096
-5.69391636056235,3.45422039356355
9.66941209631631,-1.38093962345
-7.53812650842002,-2.17791416320678
1.73264004784295,-1.54074134502288
9.7507509787626,-1.48292162093993
-4.33990625542929,-1.23463453922148
5.98770709829995,-3.74257483157988
2.66706105070779,-3.32409538898345
6.04529567557046,-3.80647244129058
-5.3353233735018,7.26607141819124
0.559208621556256,-6.24378575954314
-5.66605619592002,4.15101871814851
10.6468643744535,3.00357852306489
-6.05065492791465,3.34277401294832
-4.83701614541342,8.00520620670442
-6.52891449136069,3.09261069622163
-7.24653677148154,-5.16042985591765
-2.52168111008933,0.0520024689686706
-1.3791478077822,-0.754694780443866
3.47976609068582,-7.99044789943572
-7.0380673806124,-0.82298680219527
5.10722490149209,-8.39396657619353
5.86441131430337,-8.1225122419345
-4.93284801644614,-3.28987016353484
2.42151768999765,-2.47416534099456
2.09382625418374,-1.48698534641143
5.82210298376748,-7.64281835231658
0.626746078307126,-5.81585015926238
-6.96205906075766,1.06843588676576
-3.35424045724204,5.26377497043733
-5.54908470315268,3.64187441196565
12.9007362921781,6.74224481907014
2.71622021990487,-8.53166284236785
-7.95757917565634,-5.11305703792449
-6.17472843331626,4.63133106556062
8.61709829168985,-0.25429866287585
-2.03449563187888,-0.449804565046985
1.75537290173242,-4.23181285533782
-5.16634515923789,2.68966470089082
-6.53476719064048,3.98799286213044
-5.34517816705039,3.66825876560334
11.3766588767118,1.71384725895051
-5.95070175332358,6.00157556858186
-3.43707803887656,4.64147053089265
-4.90198139352133,3.70298729267244
-7.8312802712374,-2.20512427959319
-3.82524017495444,2.78778491344575
-6.80137256783774,3.0381449255002
-8.80123094720175,6.98945293750886
12.243009050662,-0.025556733940799
-3.97479490441611,2.32652006473665
6.2400145133085,-5.14233531627532
2.76796360808084,-1.21715792093154
2.21920533972451,-7.49460734996672
-3.95224765939048,0.523549774552624
13.5631107886381,2.13871798839692
5.24714990454385,-0.278914636110027
-0.172725836461093,13.4688197168363
-5.42964557809165,5.87063370075349
2.27119990187356,-6.39111699733611
-2.75425008935263,6.82396946277742
-2.89680961770346,3.88352308597688
6.80935426550576,-4.85781325969573
3.03278275328347,-6.67636336955901
-5.43438676995566,4.03217325534944
-4.46167949837973,-2.03676762256499
4.78995509939859,-3.50065030727263
-4.84051803750327,4.7185636552823
3.44491644697854,-8.4745196310031
-3.29772524041465,-2.0237481800067
-0.405896107380893,0.913083771134656
2.21764691668222,-1.88808633956786
-6.3554125229769,3.26131711330537
-8.6206221978121,6.77168045368318
-5.45380548638633,8.14695749607209
12.38752218085,2.40936742153291
1.78644331293771,-4.67389144573088
3.68775459128091,-8.63406362209197
7.4309177001066,-5.88711394939299
11.2807077963896,-0.408721767474968
2.49267860251138,-0.102076282833774
2.72253163653085,-3.25241317424651
2.59825166063974,-1.401118895148
-6.13591531915,-2.32240368995543
-5.47371820611289,3.8230615648282
0.148286183649991,-5.51570357951995
-0.330902854626681,0.530193963910382
-6.26364282769492,-0.0846594778048585
-9.92059950036337,3.59432373371248
-3.72142938775351,2.76391086902742
7.08678813772867,-0.799107721184451
-3.58543733758261,4.39486990299348
-4.41435484093955,-1.24401023063536
-7.06723121804526,3.4708453210843
5.30099674063394,-8.14455165538665
-7.32647852105429,5.89482841816072
1.85289200144479,-5.39693679485198
-0.678093592350985,3.19325218525056
1.45741887884805,-3.80206145915862
-2.20880321664145,0.081756064559262
-2.47549275559714,1.46538136329774
-5.36293558282187,6.35195694294099
-4.97697071236899,8.18814668979768
13.3558420737333,1.22891865100984
1.05741863446901,-6.20284404430266
-4.18240503472617,2.25941691722993
5.74166675406167,-4.8129247632968
6.89294906454751,-1.06000467214461
3.69556256132791,-7.92501964244719
-0.742537299817111,0.353175679112714
-6.08301262063315,-2.22192003402587
-6.55004553002646,-6.43452539119597
-6.61631921929648,0.460743764306348
-4.96903757256797,4.25488863315706
-7.18425468606284,1.41876659717683
-6.14270977181723,4.08548317279939
0.45902114110658,2.11082015361909
-5.49966673058799,4.31211433735017
-2.6871107022219,6.33693943348054
3.72118874388406,-5.74869956645842
4.70994230108926,-3.47338761958953
13.3915743430204,2.60252414074067
-6.52737430733969,4.005943396951
5.61064716177652,-6.70587672862883
-5.09285406274131,5.37343416538362
12.4231638510771,-0.985447606180866
11.3692860205717,2.65314827289705
-4.67248682183554,-3.31565870914336
6.56279607611367,-7.51778640422698
-7.08196834725669,-1.52475204143401
2.5640061696119,-8.55955304775115
-6.7383585373812,1.27731499996309
-0.509895006840732,12.7963801416409
-6.46288637322715,4.24506960239534
-8.30227140588095,6.71921358432893
12.8552317221708,6.87592993106965
-5.76577381295493,2.26967225399141
5.40684219198892,-8.09803952846404
3.10362358885476,-7.15805329952117
5.32913633185098,-8.2355846372592
-5.68098787469199,5.60812912311677
5.73025985556314,-4.89539565715666
11.5311941702909,2.36259374942903
5.6023454268522,-4.2969449964511
-5.39928344888022,-3.73761834773894
-6.86833576363852,-1.50746240291472
11.2974762518949,-0.162284335230548
6.3937706549711,-0.130871122811992
3.26181121664712,-3.49795903835173
-0.0253915588312406,-5.85525407466765
-6.88681749505332,1.53385923233155
-5.3710809151583,4.60973654117708
5.50135751562784,-4.13385047588225
-6.34023574990561,3.75584373798494
-3.93947033089926,8.2680455240262
-6.50876907510092,5.09373674717073
-5.57671932381919,2.75578794803743
-1.26236657304099,12.6958771738065
13.0801548560209,1.91373286571626
-0.195200304215457,1.04115424480562
-4.92173532647422,4.97605572071199
-0.621822039311435,0.631378630067151
2.74523719149301,-4.90250005397673
2.4114251931257,-0.689767768715579
-6.40267042321494,3.08177194919709
2.41486616926858,-3.98258580837126
2.39603324728677,11.2905245813382
3.47416492300699,-3.76179113063689
-6.43707422417929,-5.12480964336272
-3.08702305955222,-0.511446794604022
1.98643930750558,-4.26041998538848
4.53821845846841,9.83691225376252
12.8189253409452,6.17192039814119
5.56388088064859,0.134776512051861
-7.73799757165244,-4.93120422038909
3.1843287547178,-1.01113923463698
6.83657308417032,-4.60999478969451
0.55095793801019,-5.80033721599456
13.8266892035551,-0.109746387337405
5.66738220053384,-6.23914088878508
9.46256872015664,-2.67835058841582
-5.65509227914145,6.50630817737703
5.55976434546182,-6.01864328060027
6.22820850210855,-8.034011265372
3.59929080801675,-8.45829858455535
-6.76064638299277,3.04927788105134
-6.81971840066245,0.608333507443707
-5.60641674203208,3.97631559696321
-4.35532764596274,3.49674568500642
-0.0722368757181424,1.96208582248811
-4.70954088372519,8.1394825967801
-2.19521431130698,0.186332741643231
5.88046737509439,1.62062487926606
-4.01467518014243,2.17743597355012
-6.65543178719809,4.62418470707063
-4.76472524804404,3.96845970478181
-8.69150213403037,6.72927627887849
3.3926765521116,-0.924056490992267
-6.01560405892661,4.89849481907014
-7.23915247124961,4.72468338337068
-4.59950212640097,7.22434625949983
-7.14751390618613,1.47976718273286
-8.75498441857627,7.0669957193387
-5.28705505532553,-2.10271002921935
-6.66043094796469,4.07105408039216
-0.0657506386690396,2.27969775524263
-5.9626393715792,4.29881964054231
-4.37163929147055,2.66440067615632
7.11741157370279,-6.47949304256316
-3.06026748818686,3.85353479709749
10.0939983923979,-0.743000617359836
9.02467485266397,-0.199805295203883
11.3717703421659,0.157404282952588
13.3939222891874,2.25649342861299
-7.19087032479575,-5.46943368587371
-5.30061725777915,-5.14291371974822
-0.165795187180545,2.23004422512178
-4.55611375970175,5.45463667240266
-6.86091570061972,-0.922821363543231
-6.90528968972495,1.30423043098573
-4.03600792092612,7.95394525852327
4.98042531805703,-8.25488462123748
-5.83301023644736,3.20459733333711
9.49480863409707,-2.9277621713626
4.33065148192117,-3.56189264926787
1.84876139956186,-4.19802107486602
-13.3237672249727,-0.239011963938434
11.8341793616361,1.17541132297639
1.59813471632669,-6.18361844692107
3.0418612559385,-0.920452853773792
-1.54668883485129,-1.77038337859984
5.79678912954995,-6.04594649944182
2.50069673853586,-4.56547155055876
2.50959726172159,-0.201294755672176
0.65721877413461,-5.89290942821379
6.51181503134439,0.862576344872754
5.46459956961343,-0.570038667057712
12.6407837470121,1.17652306881074
-0.749608198826816,3.42932257976655
3.29245014982888,10.8722802194608
11.3048996527738,-0.32028577673908
-4.62839559716513,3.84683571186189
-5.51832870644858,5.29531870212678
-13.5120349327975,-0.193469261859615
-3.92825321358969,-2.12621333274718
4.48910590010354,-4.07086887035247
2.78499790030191,-7.90311135921355
9.69954725104043,3.09891925182466
11.5600218375273,0.496971228982251
10.851464708621,2.34573874797944
-4.7879281441622,3.27239260997895
-4.3535552422457,8.14303026523713
6.41616149740884,-6.89708795223113
4.44101973372171,10.2180977853787
2.6815393765516,-0.550778528784473
11.0716175635404,2.06584105816011
-6.39486316842368,5.04874048557405
5.9569482405729,-7.51870622310515
-3.72006467980674,3.65580568637971
0.347305079276059,-5.65980996761199
0.603821640188192,-6.64264335307952
-6.39801410836508,5.74114237156038
-4.08973125619223,5.28382501926545
7.27647395926187,-4.79104175243254
1.59719522791574,-7.26923646602507
-4.15693382424643,3.53731141414766
8.72844739752481,-1.51717879447814
3.05432625609109,-7.82641830119963
-5.00292209786704,3.65302954044465
-1.38284377259543,12.7644444498074
-6.5160479943209,3.17454204883699
4.37461276846597,-6.36116113338347
4.21705742674539,-7.8022407499301
-4.50909570855429,-1.42900576267119
-6.12643198174765,2.60070047702913
1.57794328528116,-1.50499190959807
5.53329988318155,-0.586680716012676
-4.95849088830283,5.31425819721345
2.11299451189706,-1.44541027221556
4.52169962721536,-4.02174987468596
7.80312200384805,-6.83092441234465
-9.41471151513388,3.67316351261262
-2.29258946580222,1.94463954296235
-0.824586192791964,0.879366496468823
13.281845529849,2.64358029689912
-2.21595148248008,0.695990780259412
-5.90113453072837,4.81785974826936
-4.02297023934653,3.42026934948091
-0.495948235219027,0.800703028107922
-4.92821506661704,6.3846579584134
0.765232441300843,-6.96323909435149
1.69613720970819,-0.882212599848468
-6.58982566994956,-5.63969697627898
0.0602429707593661,12.4748698266995
3.92517324286172,-8.5188893285739
-3.54630283517173,4.74386558857087
4.44683857756326,-6.50623979244109
9.39694639044473,-2.38269509944793
5.15941425162027,-4.81541671428557
-2.77264217538169,3.78382501926545
2.06490012007425,-3.99998058948394
0.327231367403958,2.11592159595613
-7.2503648201876,-4.84456815395232
-4.26603273553183,5.59772119846467
-4.53638748330405,4.00186786975984
-3.76381687325766,2.81747899379853
-6.58657125634482,3.36466107692842
-0.199731032078769,0.964418033028882
-5.69016842049887,2.60564027156953
5.9985537131376,-0.0994185415255616
-0.12274150056174,12.9501362833035
-13.5142388741427,0.00664649334077139
5.87828775244424,-4.36565603885527
5.96983476477334,1.32463119354371
11.7408022482939,-1.52134778175231
-8.60159734887412,7.03755722370271
-4.97524027032187,7.05592594471101
8.39196296530435,-1.54254712734099
1.90300699072549,-1.00045694980498
-4.45267681283286,-2.41091336879607
-3.36217693490317,3.66795597400789
12.9416222174711,6.79708013858918
-7.75144151849082,-6.05514564189788
-6.73411325616172,2.96755180683259
-3.08461360139182,1.47755561199312
-5.12821058434775,7.95291052188997
-13.423998395627,-0.166516205404956
-3.63110307854941,3.87414274540071
2.77872522669503,-3.20335330638762
4.67163487272928,-8.06924523982878
-6.92586092156699,-2.62885703716155
-7.43196348351767,5.64489899006013
8.14345498877237,-5.81302108440276
-6.00162986916831,1.82381711330537
-3.10295371217063,3.93981180515413
-7.3866830269747,-5.58750524196501
6.64603992300699,-1.16809894714232
-5.925710241025,-2.12322308692809
0.0223717291898471,0.880453565980237
1.7195528944082,-2.23116686019774
-6.68734840554526,-6.27117480907317
10.1963896353788,2.08709106769685
4.94149061041543,-7.03580321941252
-6.19411853951743,4.01830778446321
6.35961337881753,-6.89645232829924
-6.73797229928305,5.78162203159456
2.20853753882119,-6.84813108119841
4.07146092253396,-8.76775254878875
-5.38798669976523,3.81373892154817
-7.04349521798423,-1.21825744781371
-3.13096360368064,-0.173496222232539
-0.696379582112338,0.303717890645306
-5.50227741402915,2.46317849483613
-4.72052196664145,5.5513649972928
-5.73968795937827,4.92145357456331
1.85628922777841,-3.83088674220916
6.7364949782438,-7.15637530956145
-6.48420480889609,-4.2485674825656
-6.45326332253745,6.75096283283357
-5.35576156777671,5.11256561603669
2.63932796316812,-4.08997430477019
-7.12824300927451,2.32894072857026
-3.5858378807955,0.0600207540047576
-8.63753084344199,7.0486041101468
1.71108796196649,-5.75641669902678
-0.522336165135409,1.48244700756196
-4.9119048516207,5.91984758701448
9.70224328833291,-1.33342870149489
10.702855547244,-1.81526877555724
-4.55474905175498,5.76958141651277
-3.82350114983847,8.18419084873323
1.71630217629144,-6.32398738536711
-4.82763580483725,3.38681826915864
1.59725066023538,-6.22252835903044
9.03314729529092,-4.55872573528166
-8.61584810418418,7.15143452015046
-6.08439878625205,3.73396263446931
6.39146943884561,-4.07635297450896
-6.27835086983969,4.70530567493562
-13.1896205346041,0.19600174751405
8.76715942221353,-5.31287898692961
3.76265259581277,-8.61177720699187
-4.81485466164878,4.96844206180696
-6.99778036279013,-5.58881702098723
-4.21846059960654,4.49132500019197
-2.2623527447634,0.309474328423779
-0.472559134190585,0.392523148919385
-3.6905217568331,-1.0761751738536
7.45349355536172,-7.13488330516692
-4.59058431786826,7.21190843906526
-4.135764638608,2.46839676227693
3.86809845762918,-8.5097922292697
-5.27450994653037,-3.70402731571074
-3.51241687936118,0.017280647422116
4.59282894926736,-7.69109716091033
5.90332694845865,-6.5064586606967
-8.16347841424277,-4.71814098033782
-4.60864404839804,3.17960296001558
-4.61778215569785,3.78363571491365
12.0186132987089,-0.479313274954517
11.0866455634184,1.56843207206849
-4.02787975472739,3.21778998699312
4.26782127218911,-5.66873397502776
-5.73735193414023,-2.21402587566252
-6.63743642968466,5.02795801487092
-7.00850633782675,3.49611745205049
5.20836206274698,-7.84232844982024
-5.32320741814902,5.68534431781892
-4.2456245819979,3.15904436435823
12.6077045996732,0.611529448891919
8.23193784552286,-6.70460071239348
11.0633835394926,0.10757703509454
12.7519964774198,6.7229991945279
-13.2216649453097,-0.162029674385745
3.28474541502664,-8.61185350093718
11.7223553259916,-1.50319995555754
-5.94783262414267,-4.04815783176299
-3.14877752465537,-0.0745557454573701
-0.199697176640536,13.7182971033109
-7.22135214013388,-2.35831036243315
-0.680483977025058,1.28019426193361
-6.60776762170127,4.82471666660432
11.0779890616483,0.0540559681904723
0.314768393809293,-5.81122102413054
-5.3230057160311,3.38504252758149
0.7517311510689,-4.14204492244597
-6.8760972420626,-5.76488818797942
2.09444876509378,-8.45814885768767
-6.33468393487265,4.2823744806302
0.419458707148526,-6.21716727886077
6.60021682577798,-4.57654561672087
2.81093664961526,-1.21573718461867
0.436956634098981,-5.62826671275969
-6.2252970139437,1.69404683437471
1.68981679278085,-3.23512735042449
-0.204542915051486,2.01680336322908
-2.77017215890219,2.76306186046724
-3.41890386742881,-0.664720585678775
2.20825239020059,-6.38706578884001
1.38213493424127,-6.24574794444915
-13.3673005501681,-0.223445048664768
1.62643166380594,-7.68733586940642
2.68881197767923,-4.06527509364958
2.58942039805124,-1.15298887166854
-0.0866962472849149,12.6649056467069
9.83121057348916,-2.38865008029814
-5.45117477578452,-2.37552930984374
-1.52655486268332,-0.400786018108089
-6.82603840035727,2.97703371372346
-0.216038862889316,0.620918968583386
-5.66845802468589,5.30038652744417
-5.5128741661959,-3.85393633518096
-6.79472402734091,-2.27911235961791
9.85328718023965,2.95266423549775
-7.50478796166709,-6.54070462856169
2.85147901373575,-6.28268518123503
2.68423696356485,-4.76168908748503
-13.4170594613009,0.0963650437844207
-0.128939727967288,-6.1113432851779
0.953482990438436,-7.28867520961638
13.2340197165556,0.155530730153363
-6.24973539513877,3.48349223461274
-1.28212551278403,1.99137268390779
-6.17522672814658,2.9211741479886
-6.04584888619712,2.38695345249299
6.56889768439004,-6.78956069621916
3.27547832327554,-7.3747824636447
1.9861390193052,-1.36745335731383
13.2440199454374,2.53968868579988
5.43410964804361,-4.40286817226287
-4.73015264672568,7.3738165887845
1.22582735615442,-4.35350241336699
-6.21611837548545,3.08195338573579
-13.2996592919283,0.116717288161557
-0.513622323697116,13.638792136575
-7.48838190240195,-6.41516627941008
12.2386040289945,3.06800113048677
-7.29369787377646,2.09790096607332
-8.40917543572714,-5.41154040965911
-6.01963810128501,2.80483112659578
-7.05325035256674,3.15974912967805
-5.45226196450522,4.35766945209626
-6.05201772851279,-4.16581668529387
-0.847493569081332,3.49913344707612
-0.751671354001071,0.354935029412549
12.0008406241483,0.7931486162198
13.2742151816435,1.84636125888948
-6.04412368935874,6.17230329837922
2.10415347414682,-4.53620614681121
-6.58237175149253,1.45334432449464
-4.73695329827597,3.56612811412935
-4.13316778344443,2.38639698352937
7.20702215033242,-4.60069980296965
5.26626487570474,-8.35602655086394
-3.70562462014487,3.7916255983365
2.05683441954324,-4.85020675334807
-7.1482477585726,-5.86668100032683
1.46264948445031,-6.00002135906096
-7.08307031792929,-5.83592214259978
-5.04306987923911,5.26321993198518
11.6181721289701,-1.21575786743041
-3.45415167016318,6.16050587024812
-2.94507245225241,0.694672683144849
4.4955224593229,-7.11593236598845
-5.87563423318198,-3.84702243480559
-6.93659977120688,-5.29614534053679
5.04432197409341,-8.000648399924
-9.83217672509482,3.52345548000459
-6.25476555032065,2.47466955509309
-3.96264032525351,2.84616980877046
-1.08842662972739,3.21783528652314
13.0023960669584,6.95447454776887
5.11169286566446,-7.89174737605925
2.33647008734414,-3.61605872783538
-4.74137882394126,3.96158275928621
-4.38098816079428,-1.41372933063384
-4.8334718148165,-3.21433224353667
2.77166422205636,-3.13842024478789
11.5547604163236,1.56182501640443
-6.74445251626303,-0.114978751276691
-6.6456261078768,-6.16210927638884
9.84784169989297,-1.1126262751567
10.1896013815946,-1.98428465995665
11.1371225913114,2.81158361759309
-4.59855560464194,4.9823051485074
-6.43143705529502,-2.22995164070006
-6.3193264405184,4.166587928201
0.147963901335691,-6.54493322048064
0.338601907069181,1.86729989376191
-6.38195184869101,5.02381096210603
2.78838940458963,-2.55330528888579
11.2420153220243,0.582186320687573
5.77601476507852,-5.30367746028777
5.71796842413614,-7.94286241207
-2.75314335030844,3.84399757709626
-5.75169662637046,-3.6899622884738
-5.67061475915244,2.68574939098481
-7.1011252800875,2.35187230434541
4.85355182486245,-7.83928241405364
6.70738311606118,-5.61871280345793
12.874317606265,6.97303257312898
-1.23759345216086,-1.95481326255675
4.91321273642251,-3.57400169048186
3.37210675078103,-0.839155366753299
-6.21058563393882,4.90495214786653
6.20139070349405,-6.21482791576262
-4.66981701058676,7.85807047214631
-4.36290935677817,-1.53608169231292
-5.09443859261801,-2.20141746673461
-2.00500969094565,0.130664626027386
0.153289159113858,-6.36081733379241
4.01392908888528,-8.61497869167205
-5.51761392754843,7.95069513645295
-1.49442271394065,1.64621577587251
-4.98116258782675,-2.20539500388976
-6.30134729546836,-2.4631682840335
-7.75480322045615,-4.57887401256438
-4.52978185815146,-2.37065364990111
5.31821008520791,-8.49516954097625
12.4942926962919,1.4418964180005
6.78123327093789,-7.50820579204436
-5.25810674828818,2.44441113796357
-5.54535440606406,5.5493422540677
-13.0455947319918,0.211371878052991
11.8121494849272,0.242967704201977
-5.97465757531455,-1.88282384548064
-6.43398384255698,5.20634374942903
5.79092880087564,-8.16884793910857
6.81203170614908,-6.72902097377654
-9.86297563714316,3.53236947384004
12.2500681479521,6.57815704670076
-8.61108926934531,6.88973198261384
-5.55289892358115,4.53876362171296
12.8501019080229,2.24537811603669
0.814169806713555,-5.42465867671843
6.97582097845742,-0.675943037604053
-5.57365183038047,4.83622417774324
3.35283728438089,-1.02751471671935
-4.64561227959922,7.98829946842317
8.64345975714395,-0.47771416429158
3.8462886412687,10.6172400506986
-8.65044931573203,6.94897375431184
-3.357191125577,-0.92272885713454
-6.80721096200278,-5.46501340541716
10.4561104376859,-1.20387913856383
-0.4041585127764,12.6849823984158
0.0965832670278293,-6.5538562742221
-7.44484476250937,-1.7978404966342
3.865380724246,-7.68706168804045
-9.80249361199668,3.52494559612397
-6.59783176583579,3.79956684436921
10.7593006690092,-0.226280963157375
-6.01574138802817,2.28919492092256
13.3806070883817,1.32319066848878
-6.17936805886557,-6.12305106792327
11.7884153922148,0.127788344289105
-8.24760202569296,-4.93705358180876
10.3563341696806,-2.65751661929961
-6.28861335915854,4.28736267414216
-4.54733852547934,8.45770750370149
-5.16719774407675,8.24327001896028
5.87240501242349,-0.362998360876996
11.4408421118803,-1.23042478237029
1.9544601042814,-0.50628162000056
-5.59616188210776,5.43272791233186
-4.2429709832125,3.3243335279477
6.97403331595132,-4.55902471217986
-8.91708330315879,7.10189733829622
1.75142260389993,-6.34009351405974
-13.1937261025362,-0.0355579462992738
2.31018706160257,-2.3668661323535
4.34099813299844,10.0380507501614
-5.74268631142905,4.97031984653596
5.0585369666166,-6.6806267705905
-6.63730386895468,-4.8280352560031
10.2603630621977,3.58111963596467
13.774937113101,-0.305606966947276
-7.09734920663169,-4.93000831279631
-7.05003265542319,3.59087334003572
-3.9055366913729,2.92251048412446
-6.97296718758872,-6.10798062953826
8.61784692602823,-0.411603825275857
10.0517658789701,-1.33559521112319
8.70103879767129,-5.40837516460295
10.1478495200224,-2.9496218172061
-4.56717685860923,3.00649223652009
5.94774337607095,-7.02070798549529
11.9828133185453,0.0532528850090911
4.38240691023538,-5.62870492610808
-1.22561554116538,-0.181412166093547
0.178903420741056,1.3633333238614
-6.69695429009726,-5.23574723873015
-6.12628702325156,5.56013784732942
-5.08170990151694,4.62944612827424
-2.89881042641928,6.56705246296052
12.9136204321928,1.98305998172883
-5.37781957787802,5.60826835956697
-6.97070840997031,3.31014881458406
-7.52409605187705,-1.79252888831969
2.0799483855314,-2.67660345706816
3.24648829298684,-7.08713903102751
-2.59579161805442,6.33091554966096
-2.3340604702883,2.48477516498689
4.32628556090066,-5.63229884776946
-5.9778695504122,-5.84624185237761
6.85735460119912,-7.10421218547698
-5.28640989465049,6.38444671955232
-4.68781236810019,8.21081457462434
4.17995210486123,-5.70506944332
-5.73146156472495,-4.07156004581328
0.527971108729337,-5.69923772487517
2.50682779150674,-0.954320570563037
-4.5418081681185,4.74525795307283
1.31278963881204,-5.50532235774871
12.8810009558744,6.28292284336213
9.5825323660917,-2.46985425624724
4.88814254599283,-7.73304834041472
8.9287876685209,2.00294218387727
-3.48842481774619,1.83206115093354
-6.3644342820101,-1.92792369994994
-4.39356426400473,7.97698603000764
-0.494733969395663,3.48821554508332
-3.02871112031272,2.92574487056855
-6.25384954613974,4.68827734317903
10.8542627890653,-0.2950151023614
-4.58419422311118,8.48881635990266
3.50119181471536,-5.06216802272673
2.96563931303689,-3.49563874873992
-0.0810736815386075,3.01491508808259
-3.78612808388999,6.50755987491731
-2.54167393845847,3.84604416217927
-5.70854381722739,5.04791412677888
11.7513517935819,-0.489070041214187
12.885548075015,6.75359688129548
-8.56323293847373,7.10058651294832
-1.27557472390464,2.76654515590791
1.36892982321451,-3.77292527828093
-7.07858280343344,-1.92863192233916
5.61773629980752,-4.95219125423308
-7.70361379784873,-6.21878709468718
6.63523670035074,-4.66680850658293
-0.541465560620334,0.361138561631482
-0.348313371365573,3.49556265201692
-1.41579560441306,2.8572994264615
-2.80443100137046,3.97399101581697
-6.18578819436362,-3.55782689723845
5.77024408178994,1.69518146839265
-6.705664197629,-5.51871528301116
0.89888491975734,-7.47070064220305
-4.96550754708579,6.62245474186067
-4.68672565621665,4.01107082691316
-7.4492526451998,-5.03942193660613
-0.349461714451816,3.53316817608003
5.25094171362588,-4.75141658458586
6.12023540335367,-0.837943544720371
-4.15637830895713,2.15618834819917
8.76689573126504,9.19244203891877
9.75563093023965,-1.02371301326628
0.204291840369199,2.1762372049344
-0.887984553998019,3.35229192104463
-5.36373094720175,3.64718256321077
-7.01885465783408,2.50213966694001
5.22576804953286,-4.05117382678862
-2.42902378243735,0.955947497750561
2.67085893946359,-1.95918645534392
-5.16910032433799,4.47822819080476
9.22167821722696,-4.49134387645598
-0.420087973301913,14.0971098932279
-0.316943446820285,3.25299153652314
-7.46604494256308,-2.0811931100833
3.62247486906717,-8.58308114681121
-5.80843786401084,3.5715065988553
4.37411304312417,9.95084200229768
5.23929878073404,0.208852568532269
3.09780665236184,-4.5446347204196
-4.84921745461753,6.46596727695588
-0.846191565220858,3.36150465335969
-5.78283504647544,5.70160684909944
-0.207350413029696,13.759044745828
-7.3526425759249,3.57153807010774
9.18256326513955,-0.571304163073261
-6.49247507256797,3.99721107807283
1.15570091205308,-3.7261909452426
10.8115696509428,-1.64908971462126
-7.04398302239707,-5.81441821727629
-0.464730421727206,3.5431498083127
-0.38746945065787,1.20298192825441
-6.70698217553427,-5.14864291820403
3.43559451895425,-5.28909721050139
-5.93208603066733,-2.78058471355315
0.429139186913465,-6.12486972484465
11.7693314154691,0.05403534498338
10.257187326724,-1.4919984546649
2.00429781275461,-6.91888942394133
8.04284711676309,-1.35047789487715
-8.09146742028525,-4.69583024654265
10.2376837332792,-2.07263698253508
1.40527357655237,-2.1077223030078
11.2248730261869,0.624820450211804
-7.06205181283286,3.07849226322297
13.0161737998075,6.97547922458772
8.47729249792764,-5.94708146724578
-2.1630456845217,0.222485998536389
3.41310377913186,-4.98458470973845
4.20663328962991,-4.13126339588042
7.70601983862588,-1.79953732166167
-0.625752131169345,3.07657633152131
5.12629266577432,0.297156074906628
8.77297635870645,9.13771257724885
9.24424310522745,8.80287180271272
2.52663083868692,-5.80036248836394
-7.2989373604708,5.74965105381135
2.34546824293802,-5.97168101940032
2.94406052427957,-3.36084808978911
0.128148098761533,1.02375076141481
2.55828507738778,-4.07195367488738
-6.26728490990927,3.94720850315217
-8.11928610009482,6.46497545566682
-0.0694014231615323,2.62391457882051
6.13003965216348,-7.87932624492522
-5.15028671426108,3.40948973026399
9.38622136908243,-2.10199823055144
-2.31785325211814,-1.2878695932376
-7.12605814141562,3.53870449390535
5.52894254522989,-5.35711803111907
5.91273208456704,-8.01180400524016
3.35657020407388,-5.25714864406462
-5.18230919045737,4.8007489236844
13.2154850562162,0.873756149674695
-5.53079990548423,6.04431829776887
5.4662746985502,-0.534931337569911
-0.135534087842013,-6.10173263225432
-5.3774319092684,7.8373118433011
-5.20923427743247,-2.24602403316375
13.642651994998,-0.268298423026759
0.0769075353688937,1.04982397880677
10.4460377295561,-1.63574041995879
-4.90641073388388,7.48297319736604
11.1871714194364,1.29715094890718
-6.5068321625643,6.83594999637727
-7.04729847115805,3.2837160619748
10.2784437735624,-2.64850678119536
-0.971463600819613,13.3867407831204
-6.52354816598227,3.57047448482637
12.1568903525419,1.27773306694154
-0.843290964787509,13.2993451150906
-2.77412919205954,3.82878027286653
-13.3620810906344,-0.221428191398341
-5.41757969064048,2.95629678096895
-4.25154594582846,2.6501837762845
2.60822733240793,-2.21465661201354
0.728014511341546,-5.87516965541716
1.9565125306196,-0.836869945858676
7.0430512030668,-1.02606256875869
-3.15547374886801,-1.18440355930205
-3.04698709649375,4.08244285907869
-7.75770334405234,-2.46075334224578
-0.608700911229159,0.202199915314954
11.6938032706327,0.177578726674359
5.9463920195646,0.206776240731518
10.2463764746732,-2.76322188053008
10.6648306449003,3.11837635364656
6.85323997336099,-7.27239551219817
-7.22953275842002,3.08068189945344
-6.1529617707186,3.5674074682248
6.66789480047891,-1.15666838559981
-2.96791938943198,1.36723146762971
-7.10394243401816,2.71265564289216
-6.79129842919638,4.71410045948152
-6.87211994332602,-2.00196077499266
-7.08026842278769,2.48919830646638
12.3271746237821,-0.184445267652232
-8.5164027611666,-4.47338523540374
-7.516135732358,-6.14784183177825
3.41929598646829,-3.23178734454985
9.42815347510049,-1.80012192401763
-8.15653280419638,-5.31565990123625
-5.9952583710604,3.08484969463472
-0.43770674866965,1.35045729007844
10.9093899329252,2.39578495350007
2.18415256338784,-2.23344912204619
0.211840411002133,-6.39774264964934
2.25497134524057,-1.80713894042845
4.4146914084501,-6.94838084850188
9.13330407934854,-4.63688077602263
-2.86369923753073,2.04444823589448
5.10693879919717,-0.197620933984477
-5.05701259774497,2.50213799800996
-4.83210186166098,8.53056917514924
-6.40012649697592,4.90155563678865
-6.88757137460044,3.93624840107087
5.17165132361123,0.312027851010602
4.9996785719938,-4.78832521114226
-5.60082248849204,4.93446646061067
-2.78501371545127,-1.50884320411559
10.1064343054838,-3.03533901843901
6.40722652273843,-6.88605441722747
-0.114553968136813,13.331437209512
-3.93282179040244,2.61886129703645
5.95932718115518,-0.620858600472171
6.01608081656167,1.48145077552919
-6.35122684640219,4.65285597171907
4.51232000189492,9.82939062442903
-0.569671312993075,0.322681167985242
1.5862652857847,-3.57231988582488
3.83897157507608,-7.63598766002532
-6.55450252694419,-3.79072894725676
-5.06768850487998,2.9455300363553
5.76469369726846,-8.04038037929412
-0.104975501721408,-6.31536664638396
-6.63925460976889,-1.92594995174285
-0.299181739514377,3.28644214000825
8.35515590506265,-5.36805762920256
8.59345002966592,0.23659537162904
-5.93887285394004,4.91019640293245
11.3423981268949,0.679327467347424
-4.82545570534995,-3.09722366008635
-5.38465837640097,5.04364643421296
11.0129055579252,2.06459269847993
-9.08655218285849,6.82629213657502
-7.66616491479209,-4.75810708675261
5.18784900503824,-7.62651481304045
-5.10802416009238,4.98339329090242
-4.24855903786948,2.47869286861543
-6.50023750466635,1.03561852302675
-5.33426336449912,5.47201309528474
13.4531378348417,2.24713144626741
-8.22401098412802,-5.79503669414397
10.0796465476103,-2.99251117381926
5.69299074011514,-7.09751453075286
-5.35620550317099,4.1469198259366
7.17617030935952,-4.59840287837859
4.27337475615213,-8.08284749660369
-13.4622884194308,0.0332208665860106
-6.16377309960654,5.1709095033658
-7.24647955102256,-5.45630445155974
0.843854637170528,-6.09456004772063
3.51982613402078,-7.97896804485198
5.52360673742959,-6.21512450847502
9.92411275702188,-1.76431598338958
-6.32792858285239,-1.85037340793486
9.05636354284952,8.45800886478547
-5.9005670945101,5.53596649494294
-8.91995672387412,6.97810659732942
-6.8165941636019,1.9207964929593
5.62807126837442,-0.393006871563453
-3.99248413247397,2.93340049114351
-8.09265379113486,6.87729225483064
-4.44827322167685,8.60918341007356
-4.14697746438315,2.61631737079744
-5.65934375924399,4.68521271076326
-6.62894872826865,5.1666837724698
-4.91390756768515,5.07391748752717
-4.83849434060385,7.91934500064973
-7.26486448449424,3.21708569851045
-8.09964422387412,6.64104376163606
-7.1771579186373,-6.44292440090056
-4.63042644662192,3.8592673334134
5.87579580145547,-7.49686612758513
-7.83748010796836,3.61488519039277
-2.06617049378684,-1.21755101356383
8.00032611685464,-1.84177019271727
-6.1391678254061,3.62463150348787
-5.35927681130698,-3.82226504955168
-2.67984012765219,6.54307947483186
-5.26384929818442,3.77124128666047
8.50564952688882,-5.97085227641936
-4.06279186410239,8.19279394474153
-1.62211422128012,2.1169315370572
0.989677747065518,-7.17983140621062
4.81195827322671,-3.88376130733367
-6.22974542779258,-6.01238336238738
-6.62317423028281,-1.8898256031024
-0.0916356245928067,2.61634764995698
-6.03050903481772,5.98738108005647
-4.9669266144686,4.65693722095613
-2.69812540215781,4.07657966938142
-0.23188022774985,2.49711976375703
-6.02448753518393,2.72818694439058
-4.30022243661216,2.59137282695894
-6.65165571374228,3.05936394062166
0.204970618063901,12.5388804468167
-7.9509787957125,6.65632543888215
-6.27686456841758,3.49837932911042
10.7067694266386,2.15363083210115
2.11040135222146,-0.95349856290694
6.83959146338174,-7.15341891918059
9.33578058081338,8.95045862522248
2.21921642618844,-0.767643293474872
10.8222088416166,3.01655516948823
7.1691293318815,-6.32637967738982
-6.14627174538901,-2.16748835716124
-6.48825983208945,3.35104379978303
0.620790158683751,-6.84872474346038
-6.0601826111727,-4.21760048541899
-6.31365684670737,3.62290964450959
1.14267413812349,-3.8619138208377
-9.03627638024619,6.73354349460725
1.9355060656614,-6.12210025462981
12.2103132803983,2.66309819545869
-6.783948938077,2.47672567691926
-6.07825616998008,-6.3037432638156
-8.64331392449668,6.3183647188199
-2.87155036134055,-1.5689758268344
11.4242500861234,0.0270691308033874
-6.73057369393637,-4.16621436748381
-1.77848128480246,-1.74594881210204
4.46062203245828,10.295961478616
13.3769726355619,2.14258013095979
1.42154600220392,-5.22670116100188
-5.58797411126425,4.6938301118863
-6.84908394021323,5.84666500415925
7.24428268271158,-7.40821637782927
11.5125965674467,-0.433594031368453
-4.28737501305869,-2.38190188083525
-4.45826772851279,2.70871744480256
13.327294786746,2.32283482875947
-7.94268087548545,-5.57643737468596
-5.80858139199546,4.63394651737336
4.30792518454263,-8.74274720821257
6.06194396811197,1.42558620300416
-3.32548574609091,-0.582315554951389
5.2870525916166,-6.36169232997771
5.63819261389444,-8.09254207286711
4.16090079146097,-7.1323074308383
12.3121876318998,-0.454229263697822
4.64850350218484,-8.57382478389617
-2.92759422463706,-1.53448726806517
-4.39899591607383,8.58242616977815
-6.43467048806479,-2.43163194332
-0.202345291798617,1.97721038189058
2.87833305197427,-7.86412658367034
3.03878947096536,-8.00866260204192
0.201536615664456,-6.37276067409392
3.74826689558694,-8.64909829769011
12.83771749335,1.8224307092679
-2.44746808213523,2.72505030956392
1.93426354723642,-6.74842204723235
-6.58970169228842,-4.59879483852263
11.9003958304472,0.0436850580227782
4.94816108542154,-6.49431504878874
-5.05942205590537,-2.1121887174594
-3.2960453431063,1.88323865261201
-6.90252355737021,-5.09155406627532
-4.88079075021079,3.66028652515535
12.2963528235502,-0.775145253275592
-6.77468780679038,3.84813890781526
1.8488385279722,-0.368772381094355
8.85942216711709,-0.652345648144443
9.32789655523965,-1.59966470870848
-3.25090746087363,-1.04408296022292
11.4651598532743,0.868561128045361
-3.00731186074546,-1.76934506568785
3.24474473791787,-8.6393670049655
-5.97889904183676,5.97173652973298
-6.85015682381919,-6.65681876811858
-2.68162397546103,1.24975071277742
-6.39061073464682,3.79076490726594
1.24490495520303,-1.30334635648604
-5.14820722741416,4.30502090778474
-4.75561050576499,3.58812795009736
3.27783604460428,-4.90659083995696
3.64938350516031,-6.20390739116545
-5.15333322686484,7.20320139255647
-6.04266313714316,3.47540102329377
4.41259260969827,9.95057115879182
7.78564496832559,-5.66485776576873
6.26099153357217,-3.87302746448394
2.56240208941171,-0.309517955516536
-0.841648856823947,2.39806042041902
-6.41420606774619,3.53723988857393
-6.28568033379843,1.77808103885774
-5.02568296593955,3.6335707696927
2.17963202791879,-3.09746708545562
-7.34003881615927,-6.10559644374724
-3.48831895989707,-0.531244954203327
-3.61907486123374,5.42546234455232
0.258217891032193,1.53331277694825
-5.56139377755454,2.11610040989045
11.5625977118559,-1.51063670787688
3.97638793783853,-8.21431150112029
-7.87426141900351,-5.97384586009856
-5.70662693185141,-1.89433040294524
-3.88559726876548,-1.53565921459075
-6.95500187081626,4.72212324466829
11.1640753348417,0.0336574110043456
10.3626055319853,-1.18619414243575
-8.76505331200888,6.77807054844026
-3.62709716958335,2.3256045373929
-0.785885135357882,3.42010507907991
3.65850659208963,-8.11957540187712
13.3298611243314,1.17668459739808
5.05778070288369,-5.27829827937957
-6.95647052926352,3.63215933170442
-5.4607444207125,4.2422944101346
-7.37578634423545,1.91197238292817
-4.69072202843955,8.81839380588655
-2.8433857361727,3.93164501514558
-7.2034840981417,-1.73579742584105
6.4569162924833,-5.68001022014495
-5.85395864648154,-2.02079643878813
-4.77154688042929,2.89647565212373
-6.60120348138144,2.46611461963777
-4.05080179375937,3.33794699039582
-1.20408324403098,3.49528346386079
-7.24242357415488,3.22021136608247
-6.00463585061362,4.1736999544156
-6.70593599480918,2.98582778301362
-4.70164827508261,7.15959081974153
-4.87805608910849,6.80332336750154
6.3543624480314,-7.47940435085173
-3.22224191827109,-0.527779569958408
2.22634442644784,-2.44650902423735
-4.18836168450644,7.58110151615266
5.96691222983072,-0.349696114768345
-5.6270361344271,4.30133495655183
-3.41960195702841,5.57456360187654
-5.85195640725424,3.5667937788022
2.91005202131936,-7.67327584895964
-7.3374305169039,3.12103662815217
3.61288090544412,-7.11168422374602
3.81827278929422,-8.03980197582122
-5.07547620934775,5.22632656421785
13.4823946555204,2.623530248071
-4.13584093255332,7.9647360834134
-5.34754614037802,4.25215969410066
1.97612961130807,-6.04038276347991
12.4835600455351,-0.0544884410845826
-0.343838016217257,1.31495175686006
2.22480758028695,-2.57298292789336
-4.95905498666098,5.98938379612092
6.39784999685952,-6.88813485774871
0.102362950617765,2.93943772640352
-0.845876614277865,0.329748729134839
5.86938138800332,-4.26673736247893
-6.15496687096884,2.49135933246736
1.64663549261758,-4.33314838085051
2.77646942930887,-8.40543164882537
4.79229660826394,-3.56668867740508
-4.28918222588828,7.67053518619661
-0.524627725308444,1.90121350612764
2.3241175015516,-2.55568780574675
-7.0798268715792,2.11229262676362
-4.55524639291098,8.30847750034456
-6.3161492745333,-1.86825992736693
1.31510921316812,-4.42396344814177
4.8727483351774,-6.41482200298186
-4.36796955270102,-2.34557177696105
7.68079372244546,-1.79123177204009
8.91420980292032,-0.402619972934086
-2.77648309869101,6.72001800861482
7.16474243002603,-6.35410775813933
4.38974209624002,-8.388756653403
2.89377590017984,-5.75154437694426
6.10390897589395,-3.84732427272673
11.1323151190824,-1.47438885841246
2.1585924227781,-0.909223219488818
-6.64910988015464,2.53370318737153
-6.34647897881797,3.32259879436616
3.17705293493936,-8.59945096645232
-4.22940210503867,3.02113209095124
-7.50534395379355,-2.53093852672454
-6.81480936211875,3.65445337619905
-2.17030648392966,0.1566220911992
-7.18214992684653,3.43177519168977
12.5827717383451,1.96786699619416
-7.47444967431357,2.79914055194978
11.2852139075346,2.27487335529451
-6.69444660348227,1.42530880298738
-5.99919132394126,5.57259664859895
-6.56220678490927,5.67710552539949
6.20727868872354,-0.166769271825511
9.59729905920694,3.13855157222871
-6.65262512368491,2.62632236805085
4.54580851393411,9.84811601963166
11.1471199591703,2.76555261936311
-3.53691152734091,4.460937121774
-5.18822101754477,6.62382898655061
3.51301856833169,-5.4467457738864
9.48045297461221,-1.76431896362181
-3.95243362588217,8.44593916263704
-2.71262363595298,4.15983782138948
-0.188769618695285,3.31154427852754
4.68142958479593,-8.57079686794158
11.4305939276762,1.43614957656984
-8.75638345879843,7.07598123874788
13.3458008368559,2.4581442865384
-9.84064249200156,3.49305925693635
-3.48248676461508,-2.2923370805728
5.6406230528898,-4.1095761266696
-6.48853496712973,-6.32143964443083
-3.8246188561373,5.32286272373323
-1.92669443291953,1.28838918533448
3.12484641867349,-4.91258182201262
-7.00859312218955,3.56396851863984
-0.124421874707248,1.42070517864351
11.049613436038,-0.388502300825972
-13.3371186654024,-0.13458538625117
11.5519003470487,-1.11829092178221
-4.76259760064414,5.88326893177156
5.04127498465249,-5.20110025081511
-4.73491386575034,6.92456112232332
3.90943857031534,-8.27635469112273
2.25390752154062,-6.25135602626677
-1.92779497308066,0.264136532212537
0.628568967158292,-5.81717910442229
13.0270218451566,7.03114090290193
-0.558492104237582,2.85362611141328
-5.62947706383994,2.01333294239167
-3.43884662789633,-1.58495630893584
6.08033843832681,-7.46429719600554
-6.65733722848227,3.19195566501741
0.0592609842366916,12.528440574075
-8.20536474389365,6.94374475803499
-6.7322116295748,1.53892121639375
1.23015781241128,-3.84434141788359
-0.176716903870608,1.9130331071866
0.221896727854703,-5.09842290553923
-0.17925343913367,2.5002642663968
1.84122761088083,-4.95234002742644
-5.99603418511679,3.35653767910127
1.90181263285348,-0.336903086041171
-4.67436889809897,-2.96940245303984
-5.69207004708579,3.70491896000032
-0.044619898026492,2.98169694271211
11.4481396277494,0.258800247575085
9.68104215460489,-1.90845622691985
3.50681849318216,-5.42397298488494
10.7950872977323,3.01244769420747
2.07461591559121,-3.31018151912566
2.73107703524301,-8.65869416866179
-7.1798000733309,3.66444216098909
3.21740289526651,-5.10947312984343
-6.54303888482383,3.80451212253694
5.02285810309121,-4.88639917049285
4.3804056246824,-8.47160615596648
-7.77941469353965,-5.54919328365203
3.0566603739805,-2.73071660671111
-7.44831804436972,2.77062449779634
-0.133576134865786,1.94781480159883
-5.62347368401816,5.70178900089387
-5.6743970314913,1.56692753162507
-6.87561182183554,5.75905666675691
-0.11010859412482,2.46750507679109
-4.00773290795615,-0.6432567444789
11.4142336447782,1.62726483669404
-6.31511072320273,3.90795812931184
-3.86434225243857,2.95681104984407
-0.221572319691684,2.00197849598054
-7.7331824700289,-6.36555041942473
-6.60665182275107,4.98797903385286
-6.88816599053672,2.99717626896028
8.97180410223672,-2.13707580242034
-0.661016146367099,13.7164021524442
-8.60988382500937,-5.08731784496184
-8.96017412347129,6.90332470264558
-4.68387512368491,8.05126104679231
-6.83114484948447,3.93869123783235
-4.93800834817221,8.91144190158967
-4.60659698647788,7.82254896488313
-5.10159258050254,8.32077608432893
-0.499428431218173,0.637165764237683
-4.2307320038729,4.26722965564851
6.17230506735513,-3.79996981296416
8.27893014746377,-3.30953778896209
10.5298790534086,2.60270557727937
-8.63786462945273,-4.83518447551604
-2.25561932725241,0.395819464589398
-5.22655443352988,3.58444676723603
-7.17579702538779,-2.51649512920256
-1.94925622147849,-1.7295564619052
-3.73711303872397,2.26836810436372
1.98541863756845,-0.129034450386722
11.2350916464872,-0.120407631729801
3.43743391829202,-8.05083455715056
-1.49316124123862,12.7539835962308
13.2568926413603,1.45757828083162
2.57142849760721,-4.43941964778777
-6.01647524041465,3.25926766719941
11.0970120032377,-1.53166296157714
2.24227293329904,-0.669872542952258
-6.4719200531893,-4.68270291957732
-6.72428182763388,3.54994759884004
2.85058637457559,-2.50057162914153
-1.31187299889853,-2.01003362808104
-7.42859319848349,-6.41970290813323
-2.61280683678916,-0.428145429228504
3.23252197104165,-5.32459630641814
2.7939501603193,-1.46491171989318
-6.84414390725424,2.23450837459687
-0.659848968213107,0.316188672448437
-13.653213063901,-0.121640255783756
6.14919563131997,-0.743038078879077
10.6105780203886,-0.412906272445876
11.4070591528959,0.103006491328519
-0.0260121623926419,2.26112327900056
7.95697923498819,-3.88769592914458
7.29708572226236,-6.53135480556365
5.78889842825601,-0.40284013945337
0.252575000102017,1.26202783908967
-6.7313366333895,-6.04367246303435
-6.13535455865195,3.58077607479219
13.8224320014066,-0.311805246506889
-4.85807232064536,3.87398109760408
12.1286949713773,-1.10676558885451
8.4671554167814,-4.98531570110198
10.8044743140287,2.1224795373929
-4.94537309808066,5.25495729770784
-6.24047664803794,-1.82887007865782
0.179014702612851,-4.97945537242766
-5.76288799447348,-6.00997152004119
3.4087750514097,-3.31452932033416
-4.02955583733847,2.26812587108735
-5.29238371056845,3.46170697536592
11.4126753409452,1.25816903438691
5.61037870245645,-8.20347585353728
0.363506158167813,1.80107484188203
-6.35020879906943,2.74188266124849
2.93271966772744,-5.15975799236174
-5.16749195260337,3.64463386860017
2.32967491942117,-3.50852718028899
-5.19691471261313,6.71507940616731
-5.98769478005698,5.77400837268953
-6.39836410683921,-2.37687017593261
3.01470800238321,-4.65345658931609
-6.08859066170981,4.55208359089021
-0.740355531399753,0.194551566506665
5.13424630957315,0.147005000973981
-6.797864953702,4.69049702015046
-6.03950981301596,5.72879371967439
9.44104142981241,9.02297029819612
11.4481949408598,-0.876690944765765
6.89192386465738,-1.37804784450408
5.03751893835733,-0.0253881720053742
-4.82927755517295,8.40761671390657
-6.27387003106406,3.27807889309053
-5.82203678292563,4.84557638492708
0.65973219769666,-6.7655614820468
-4.78333334130576,8.2208338769925
-6.18267110986045,3.75991640415315
-5.81142667931845,4.42933712329988
-5.11689523858359,4.04399023380403
4.61214657622049,-6.42820539150115
-5.62426094216635,6.14229116764192
-6.2059665123873,4.94847069110994
-2.58472541970542,1.21678254928712
-6.93144468468955,-2.57950820598479
-6.98122743768027,-4.99462833080168
-5.42276720208457,5.08932934131746
-7.3477597634249,3.40358648624543
-8.87455610436728,6.71233425464753
-0.17995254201224,13.1212159189237
2.72860797243783,-8.4302891698825
-5.77539447945883,5.0485721620572
13.0280241568632,6.97379408207063
-13.3833289544039,-0.0614670124995301
5.58907266455362,-8.29807510051604
5.79352613287637,-3.95089831027861
9.81498952704141,3.07838306751374
5.26527305441568,-6.72126283321257
-5.32861332101157,-3.61728682193633
-7.10548357171347,2.85715351429109
-6.63326028985312,5.11355648365144
-6.24290374917319,5.1798821481717
-2.9246423642092,-2.22917463455077
-13.3053689400606,-0.0400530305850099
-5.60677723092368,5.77210674610261
-7.0254187981539,4.16114435520295
-7.38983682793906,2.6468285116208
13.02339692908,6.83090172138337
3.1184894640989,-0.299790775512416
-8.53477338952353,-4.93985881481047
9.93318315344522,-1.81851019534941
-5.79855922860434,3.40334282245759
-0.164499978249576,-6.11873998317595
-7.41894487542441,-1.72971262607451
11.668398340518,0.0992449018013885
-0.763064781849887,3.34821758594636
-6.9959645668917,1.80986461963777
7.52396055060098,-6.84949054393645
-3.58882335824301,-2.33704437885161
5.25423522787759,0.135868826772015
3.57589765387246,-8.11685313854094
-4.73538355035117,8.06537256565217
-6.31173566979697,-1.96679129276152
5.0840200980253,0.378616252805035
-9.79149870080283,3.48191128101472
-5.46618036431601,7.20702562656526
-5.79248146218589,4.55144129123811
6.21125503378579,-6.5397166219699
6.26528926687906,-4.61729898128386
-7.08626846474936,3.62983999576692
4.8245076735563,-5.78003301296111
-9.85656503838828,3.42468033161287
-4.34425024194052,2.68116650905732
-0.648778716748263,1.36422047939424
-6.66203025979331,-2.60869397792693
10.8247332175321,-1.87666728172179
-5.6711182991915,3.25724063243989
12.9022717078275,1.98976407375459
2.9033286173887,-0.740974327658374
3.40741129713723,-5.0645059553134
-6.83850959939292,-5.05725278529998
8.23464055853555,-1.5663484540927
5.38499017553994,0.384825328255933
8.67039438086221,-1.03485747251387
10.2130665381498,3.63186846103791
-5.96268467110923,-6.07218970928069
-8.37546304864218,7.04266748752717
2.50606234865854,-4.18617286357756
-6.23914674920371,-1.96604647312041
6.74998184042642,-7.69539537105437
6.04758115606973,-5.27375259075041
-4.84286312264731,5.52489672031526
-0.912556091969516,13.6947203668607
5.96494813757608,1.546301940347
0.0775011380262118,1.72030506458406
-0.22639767331412,2.49345598545198
5.46285625296304,-3.76427020702239
-7.34690241021445,2.5160637887967
-7.6296143929415,-2.39523448619719
13.1270365317411,7.06456718769197
-7.06369117898276,3.9749170335782
13.0881657202787,7.07298860874299
-7.49292043847373,-4.4560083356845
-6.26814464730551,3.77607689228181
-4.10259536904624,8.07070741977815
-5.66696170968344,3.01662454929475
-6.64214710397055,0.877531269456189
12.1868080695219,1.5076010021222
7.16092725592325,-7.44979848537322
-6.38182071847251,6.01418648090486
5.10882135229776,-4.10657252941008
-7.7258582512789,-2.52476706180449
1.01803493993947,-5.68334521922942
-6.22592691582968,4.6527038606656
-13.5207686821871,-0.0254557338702271
0.325653841073011,-6.15856589946624
0.496378829056714,-5.21802844676848
-7.40363744897177,3.85076818790559
11.2555498679228,2.53341160144929
-8.37238840264609,-5.75917997035857
1.53895594673822,-4.28938903484221
-5.09908250970175,4.62327251758699
-0.198532501881625,13.7634078058255
11.6989864905424,0.202749172116559
10.7640909751005,-1.10974009904738
2.0018461545057,-0.123843869303424
0.0221628745145541,12.6072865518582
-0.691903630917575,12.5724164041531
-13.146771947568,-0.264269312952716
9.03175969916055,-4.79593743953582
13.0078205664701,6.80824909534578
11.7068914969511,-1.37372513685103
-0.627595822041537,3.31481108989839
-7.20168451470664,-5.40306605968352
-5.77641014260581,-2.11444689903136
-7.49460748833945,-2.6972409692752
-7.46629957360556,-5.43536843929167
-4.79953865212729,-2.61840142879363
2.74912138777444,-1.927046796416
10.8311867316313,-0.660686930750568
-0.413827339833285,13.5418787988675
-4.56360201043418,8.87511358585481
-5.97976020974448,3.61202202167634
-2.22418383759787,0.479601481820386
13.3855824072904,2.50275407161836
2.38022228079507,-2.2620294300067
-2.66018966836264,1.23002157535676
5.56850238638589,-8.1796616521823
-1.67014841241172,2.21866140689973
13.2797789176054,2.35736975994233
6.15323587256143,-6.65900935802336
-9.88670114678671,3.55205331173066
12.2510571082182,-0.320120161508281
-4.41241316003134,5.51948032703523
-5.0645041863375,7.51530132618074
10.9705967505522,2.81134543743257
-6.45641187829306,6.83049116459016
-6.1833482186251,-4.21498527202483
-3.66310743493369,2.40898714389924
11.440163095767,-0.890384039019306
-1.16703621548941,2.82204256382112
6.57754607992837,-7.89561404857512
-5.35617593926718,4.90423641529207
6.89309354620645,-1.25714482936736
11.4165043433256,-1.29044648084517
2.30683084326455,-0.579752778743465
6.49793620901773,-6.93775787029143
-6.11842445534995,-4.20942344341155
-4.79746631783774,-3.08188047084685
5.12274308996866,-8.05501165065642
-0.253221790020968,1.02262685623292
-8.24350217980673,-4.51895608577605
-4.05372814339926,3.00631747570161
5.21055360632608,0.103249201442044
-13.2605710427218,-0.0636487213122438
-5.71626857919028,5.14562759723787
13.3055700858183,0.923179725076001
1.3326596220083,-7.07992400798674
-2.25514821214011,-1.70286705169554
-6.92784408730796,-5.86646022472258
-5.39839700860312,-3.73282923374053
0.317088415200208,-5.56943692836638
6.27260967093179,-7.16113843593474
6.11011596518228,-0.353984262903292
-1.18142382306388,3.06397900905732
-7.41492036980918,3.34143958416108
-5.93308452767661,3.89532432880525
12.8837246497221,0.777549007798474
2.5725956757612,-6.63423385295745
1.0456121464319,-5.54947366390105
-0.324109951680209,0.733774283791821
-5.07072881860068,-2.15514781150695
13.4214109976835,1.36561522808198
1.67921920614908,-4.59534444484587
-5.28244022530844,-2.18303897056456
7.35225673514077,-6.84846248302336
-3.39646677178672,-0.698030671213825
2.5859036048002,-1.32533391389724
-6.36759380502036,-4.01171245250579
5.2966026862211,0.0827403756630828
5.11562438803384,-8.15440358791228
-5.28606323403647,-3.52940382633086
-6.91846565408042,2.98134980526094
-5.39255003136924,-3.46817292842742
4.27271719771097,-7.4171031919467
-3.00620750588706,-0.160935273503024
5.39351125555703,-0.25138220760699
3.09709974127481,-2.9881664720523
0.724119876796697,-6.14042081508513
6.48337503271768,-7.38988818797942
-2.16828350228598,0.0983967873108794
-4.64954666299155,8.8456011804593
9.11018224554727,8.47166738834504
-4.36022047204306,4.56577596988801
1.74474879103372,-3.99599232349272
6.25551362829873,-6.70993842754241
-3.2213039795809,-0.555448165272434
4.36091585951516,-8.2964247671115
-7.13709119958213,2.84017167415742
-6.86998514336875,-1.39459230575438
-6.32513145608237,3.94935283985261
7.53246780234048,-1.53754403266783
-7.01073078316977,2.31839046802644
11.6288094122953,6.16309080448274
-0.0857506792001981,13.1296492609036
11.7206997473783,-1.37866159353133
8.83867975073526,9.07673940982942
-0.561460057919528,0.629375794793408
-0.00529567403128328,13.364025214578
5.22804494696328,-7.88464727077361
-3.50558427972129,4.52634678211335
-5.26815942925742,4.92249451007966
-0.121358076756503,2.29829202022676
-5.71299795312216,4.65759430256013
-6.89191059274008,5.8208380731595
-0.813113013928439,0.630743482972424
1.11630176501939,-5.73760976467009
-7.06741432351401,4.34038458194856
-3.03796390694907,0.754444459344189
-7.18105701607993,-1.66360749873992
2.75796349840829,-1.02491875562545
4.38243265944192,9.78074846592073
3.14987798529336,-7.94565000209685
-6.282737294858,3.1604832204831
1.55477144318292,-5.96374931011077
-6.68594078225424,4.27571688022737
9.21437021094034,-0.612522116039951
1.01991549628446,-3.81976427707549
8.28609605627725,-5.16509046230193
2.47666951018045,-7.94454612407561
-6.34015516442588,-5.59866990718718
13.3304028113432,2.19215402927522
3.14170857268045,-4.96536912593718
-4.87796692055991,4.54733906116609
13.438752611453,1.97126040783052
9.49997278052041,-1.53175761375304
10.7900147040434,2.97165809002046
2.65928431349466,-2.19221450958129
-5.78748802346518,5.60445652332429
6.72559781866739,-1.24461056861754
3.21166368323037,-4.79442062053557
4.99791665869424,-6.5731843915927
-3.86675695580771,2.71607289638643
-6.06332067651084,-6.02694549236174
-6.30351547402671,3.7487412485135
2.01491304236123,-0.500785341595371
2.85273691015909,-3.32417311344023
10.9544548590727,2.34768877353791
-6.22159866494467,-5.41835679683562
6.91567846136758,-0.846455892657001
-6.27818063897422,5.85544357624177
2.67841323214242,-0.6244569179761
6.49159427481363,-6.59275140437957
-6.87166074914267,-6.52777948055144
5.81426902609536,-8.10178556117888
3.20840426283548,-4.90820254955168
-3.88325313729575,2.72293553676728
-5.00562433404258,4.73400650348787
-3.0914760033541,3.78129730548982
-6.7303805748873,1.84448561992769
-7.26784662408164,-1.59844817790862
-8.2747092644625,-5.39406480464812
-4.40031246346762,8.2597971948636
